epoch,step,split,loss,lr,grad_norm
0,1,train,2.777616024017334,3.3333333333333335e-07,21.026504516601562
0,2,train,3.3111178874969482,5.000000000000001e-07,20.37602424621582
0,3,train,3.221656560897827,6.666666666666667e-07,18.525066375732422
0,4,train,3.2376608848571777,8.333333333333333e-07,15.148651123046875
0,5,train,3.184835195541382,1.0000000000000002e-06,15.967635154724121
0,6,train,3.192378282546997,1.1666666666666668e-06,19.240646362304688
0,7,train,2.8687400817871094,1.3333333333333334e-06,14.739514350891113
0,8,train,3.2689576148986816,1.5e-06,16.069883346557617
0,9,train,3.2394814491271973,1.6666666666666667e-06,20.679401397705078
0,10,train,3.160309314727783,1.8333333333333335e-06,13.624008178710938
0,11,train,3.0836780071258545,2.0000000000000003e-06,14.835450172424316
0,12,train,3.184659719467163,2.166666666666667e-06,17.119476318359375
0,13,train,3.1108384132385254,2.3333333333333336e-06,14.418492317199707
0,14,train,3.1084089279174805,2.5e-06,15.920093536376953
0,15,train,2.7177541255950928,2.666666666666667e-06,20.971765518188477
0,16,train,2.8869822025299072,2.8333333333333335e-06,20.28848648071289
0,17,train,3.0270659923553467,3e-06,15.12475872039795
0,18,train,3.0040805339813232,3.166666666666667e-06,13.845599174499512
0,19,train,2.9223289489746094,3.3333333333333333e-06,10.985762596130371
0,20,train,2.9683146476745605,3.5000000000000004e-06,14.484699249267578
0,21,train,2.891836404800415,3.666666666666667e-06,11.037981033325195
0,22,train,2.9723172187805176,3.833333333333334e-06,11.273368835449219
0,23,train,2.948915958404541,4.000000000000001e-06,10.891151428222656
0,24,train,2.775559902191162,4.166666666666667e-06,11.744749069213867
0,25,train,2.947345733642578,4.333333333333334e-06,11.370211601257324
0,26,train,2.809570550918579,4.5e-06,12.542840003967285
0,27,train,2.8491222858428955,4.666666666666667e-06,12.299210548400879
0,28,train,2.861663341522217,4.833333333333333e-06,10.528802871704102
0,29,train,2.857943534851074,5e-06,8.631613731384277
0,30,train,2.82018780708313,5.166666666666667e-06,11.591479301452637
0,31,train,2.853886127471924,5.333333333333334e-06,13.008996963500977
0,32,train,2.3782241344451904,5.500000000000001e-06,14.17901611328125
0,33,train,2.845747947692871,5.666666666666667e-06,9.666833877563477
0,34,train,2.5658440589904785,5.833333333333334e-06,14.695481300354004
0,35,train,2.7907004356384277,6e-06,10.778765678405762
0,36,train,2.7873032093048096,6.166666666666667e-06,9.885915756225586
0,37,train,2.8538897037506104,6.333333333333334e-06,8.853853225708008
0,38,train,2.7601308822631836,6.5000000000000004e-06,9.994032859802246
0,39,train,2.7397119998931885,6.666666666666667e-06,11.55908203125
0,40,train,2.598414421081543,6.833333333333333e-06,14.356253623962402
0,41,train,2.8036956787109375,7.000000000000001e-06,7.8874406814575195
0,42,train,2.953603506088257,7.166666666666667e-06,11.06013298034668
0,43,train,2.821112632751465,7.333333333333334e-06,13.432154655456543
0,44,train,2.7995212078094482,7.5e-06,10.072915077209473
0,45,train,2.5489230155944824,7.666666666666667e-06,10.507850646972656
0,46,train,2.664296865463257,7.833333333333333e-06,8.666596412658691
0,47,train,2.3138604164123535,8.000000000000001e-06,17.017187118530273
0,48,train,2.7634124755859375,8.166666666666668e-06,11.008408546447754
0,49,train,2.6838791370391846,8.333333333333334e-06,9.01833724975586
0,50,train,2.191312074661255,8.500000000000002e-06,9.835896492004395
0,51,train,2.9384944438934326,8.666666666666668e-06,12.453777313232422
0,52,train,2.857545852661133,8.833333333333334e-06,11.855461120605469
0,53,train,2.802685260772705,9e-06,13.81761646270752
0,54,train,2.838088035583496,9.166666666666666e-06,13.930584907531738
0,55,train,2.543330430984497,9.333333333333334e-06,14.68586540222168
0,56,train,2.8771347999572754,9.5e-06,11.469325065612793
0,57,train,2.90143084526062,9.666666666666667e-06,15.874613761901855
0,58,train,2.8275463581085205,9.833333333333333e-06,10.674168586730957
0,59,train,2.7889180183410645,1e-05,7.6112518310546875
0,60,train,2.749617576599121,1.0166666666666667e-05,11.108068466186523
0,61,train,2.3847386837005615,1.0333333333333333e-05,12.755819320678711
0,62,train,2.662816286087036,1.05e-05,12.186040878295898
0,63,train,2.914707899093628,1.0666666666666667e-05,17.916166305541992
0,64,train,2.6409804821014404,1.0833333333333334e-05,16.714473724365234
0,65,train,2.7250328063964844,1.1000000000000001e-05,14.587677001953125
0,66,train,2.7609119415283203,1.1166666666666668e-05,11.479459762573242
0,67,train,2.750282049179077,1.1333333333333334e-05,10.048449516296387
0,68,train,2.6581361293792725,1.1500000000000002e-05,12.541033744812012
0,69,train,2.7354836463928223,1.1666666666666668e-05,8.70008373260498
0,70,train,2.7252252101898193,1.1833333333333334e-05,10.834888458251953
0,71,train,2.368194818496704,1.2e-05,14.009344100952148
0,72,train,2.637904644012451,1.2166666666666668e-05,14.76297378540039
0,73,train,2.6669278144836426,1.2333333333333334e-05,9.077261924743652
0,74,train,2.6163687705993652,1.25e-05,10.256841659545898
0,75,train,2.700953960418701,1.2666666666666668e-05,9.513236999511719
0,76,train,2.6029064655303955,1.2833333333333333e-05,12.811234474182129
0,77,train,2.7696304321289062,1.3000000000000001e-05,12.655366897583008
0,78,train,2.7132880687713623,1.3166666666666665e-05,17.271881103515625
0,79,train,2.4473910331726074,1.3333333333333333e-05,13.802990913391113
0,80,train,2.497243642807007,1.3500000000000001e-05,10.29721736907959
0,81,train,2.7762677669525146,1.3666666666666666e-05,15.937312126159668
0,82,train,2.9356462955474854,1.3833333333333334e-05,11.828728675842285
0,83,train,2.1958138942718506,1.4000000000000001e-05,11.39230728149414
0,84,train,2.929381847381592,1.4166666666666668e-05,16.03302001953125
0,85,train,2.5884158611297607,1.4333333333333334e-05,12.845170974731445
0,86,train,2.658132791519165,1.45e-05,10.910148620605469
0,87,train,2.592914581298828,1.4666666666666668e-05,15.88162612915039
0,88,train,2.569340229034424,1.4833333333333336e-05,12.175835609436035
0,89,train,2.7323660850524902,1.5e-05,10.894400596618652
0,90,train,2.68475604057312,1.5166666666666668e-05,12.949502944946289
0,91,train,2.513094663619995,1.5333333333333334e-05,17.946399688720703
0,92,train,2.5893478393554688,1.55e-05,11.518609046936035
0,93,train,2.214707851409912,1.5666666666666667e-05,10.604557991027832
0,94,train,2.6256394386291504,1.5833333333333333e-05,17.539220809936523
0,95,train,2.8287954330444336,1.6000000000000003e-05,16.766971588134766
0,96,train,2.7208609580993652,1.6166666666666665e-05,11.071213722229004
0,97,train,2.7539119720458984,1.6333333333333335e-05,12.514497756958008
0,98,train,2.6123597621917725,1.65e-05,14.721375465393066
0,99,train,2.7720439434051514,1.6666666666666667e-05,10.819499015808105
0,100,train,2.652956485748291,1.6833333333333334e-05,12.01205062866211
0,101,train,2.7372586727142334,1.7000000000000003e-05,10.65671443939209
0,102,train,2.4558897018432617,1.7166666666666666e-05,12.743773460388184
0,103,train,2.648392915725708,1.7333333333333336e-05,13.08349323272705
0,104,train,2.774669885635376,1.75e-05,12.394732475280762
0,105,train,2.7187693119049072,1.7666666666666668e-05,13.703688621520996
0,106,train,2.809936046600342,1.7833333333333334e-05,15.112624168395996
0,107,train,2.452738046646118,1.8e-05,13.885639190673828
0,108,train,2.5294594764709473,1.8166666666666667e-05,11.408258438110352
0,109,train,2.6031641960144043,1.8333333333333333e-05,15.953927040100098
0,110,train,2.5080838203430176,1.85e-05,14.211122512817383
0,111,train,2.1935417652130127,1.866666666666667e-05,12.385988235473633
0,112,train,2.756807565689087,1.8833333333333335e-05,11.207084655761719
0,113,train,2.314389705657959,1.9e-05,13.033207893371582
0,114,train,2.9565560817718506,1.9166666666666667e-05,15.473468780517578
0,115,train,2.6374921798706055,1.9333333333333333e-05,10.010310173034668
0,116,train,2.7173352241516113,1.9500000000000003e-05,12.286876678466797
0,117,train,2.8943705558776855,1.9666666666666666e-05,13.028509140014648
0,118,train,2.5610532760620117,1.9833333333333335e-05,12.277697563171387
0,119,train,2.133749485015869,2e-05,20.734006881713867
0,120,train,2.364562511444092,2.0166666666666668e-05,13.466043472290039
0,121,train,2.758502960205078,2.0333333333333334e-05,13.379209518432617
0,122,train,2.7873010635375977,2.05e-05,10.174559593200684
0,123,train,2.8613810539245605,2.0666666666666666e-05,11.150717735290527
0,124,train,2.4179701805114746,2.0833333333333336e-05,11.653039932250977
0,125,train,2.669525384902954,2.1e-05,14.96199893951416
0,126,train,2.261542320251465,2.116666666666667e-05,8.658293724060059
0,127,train,2.764644145965576,2.1333333333333335e-05,10.482742309570312
0,128,train,2.453949451446533,2.15e-05,9.698026657104492
0,129,train,2.2713677883148193,2.1666666666666667e-05,10.230046272277832
0,130,train,2.781374216079712,2.1833333333333333e-05,15.532146453857422
0,131,train,2.6698122024536133,2.2000000000000003e-05,13.124558448791504
0,132,train,2.525829315185547,2.216666666666667e-05,11.267477989196777
0,133,train,2.433528423309326,2.2333333333333335e-05,13.87860107421875
0,134,train,2.6460297107696533,2.25e-05,15.123753547668457
0,135,train,2.790147304534912,2.2666666666666668e-05,11.969518661499023
0,136,train,2.675795555114746,2.2833333333333334e-05,16.330209732055664
0,137,train,2.2332358360290527,2.3000000000000003e-05,15.849815368652344
0,138,train,2.7573227882385254,2.3166666666666666e-05,13.708189964294434
0,139,train,2.457296848297119,2.3333333333333336e-05,11.307737350463867
0,140,train,2.575948715209961,2.35e-05,16.181453704833984
0,141,train,2.6269474029541016,2.3666666666666668e-05,15.084193229675293
0,142,train,2.941554069519043,2.3833333333333334e-05,12.955700874328613
0,143,train,2.29378080368042,2.4e-05,10.917571067810059
0,144,train,2.617793560028076,2.4166666666666667e-05,15.703958511352539
0,145,train,2.60980486869812,2.4333333333333336e-05,13.33399772644043
0,146,train,2.66677188873291,2.45e-05,13.428220748901367
0,147,train,2.296837329864502,2.466666666666667e-05,14.785870552062988
0,148,train,2.546586275100708,2.4833333333333335e-05,11.287985801696777
0,149,train,2.524155616760254,2.5e-05,9.398479461669922
0,150,train,2.576399087905884,2.5166666666666667e-05,12.836690902709961
0,151,train,2.5437333583831787,2.5333333333333337e-05,12.282646179199219
0,152,train,2.3271706104278564,2.5500000000000003e-05,15.215771675109863
0,153,train,2.163820505142212,2.5666666666666666e-05,12.184660911560059
0,154,train,2.5624990463256836,2.5833333333333336e-05,14.620025634765625
0,155,train,2.600292921066284,2.6000000000000002e-05,14.700645446777344
0,156,train,2.793163537979126,2.6166666666666668e-05,11.964543342590332
0,157,train,2.7135965824127197,2.633333333333333e-05,14.602458953857422
0,158,train,2.420907974243164,2.6500000000000004e-05,13.124088287353516
0,159,train,2.57124400138855,2.6666666666666667e-05,12.745979309082031
0,160,train,2.5050580501556396,2.6833333333333333e-05,13.133578300476074
0,161,train,2.3659911155700684,2.7000000000000002e-05,12.521485328674316
0,162,train,2.5258734226226807,2.716666666666667e-05,14.056022644042969
0,163,train,2.492572546005249,2.733333333333333e-05,12.606240272521973
0,164,train,2.623744249343872,2.7500000000000004e-05,15.644176483154297
0,165,train,2.523399829864502,2.7666666666666667e-05,12.177206993103027
0,166,train,2.7815968990325928,2.7833333333333333e-05,12.546624183654785
0,167,train,2.630002021789551,2.8000000000000003e-05,9.588358879089355
0,168,train,2.9226958751678467,2.816666666666667e-05,11.645995140075684
0,169,train,2.777467966079712,2.8333333333333335e-05,10.149179458618164
0,170,train,2.292170286178589,2.8499999999999998e-05,10.808018684387207
0,171,train,2.230393171310425,2.8666666666666668e-05,15.221171379089355
0,172,train,2.7053089141845703,2.8833333333333334e-05,19.393972396850586
0,173,train,2.6347784996032715,2.9e-05,15.49693489074707
0,174,train,2.520726203918457,2.916666666666667e-05,17.226972579956055
0,175,train,2.493976593017578,2.9333333333333336e-05,10.507667541503906
0,176,train,2.7020628452301025,2.95e-05,11.31345272064209
0,177,train,2.8863492012023926,2.9666666666666672e-05,13.424752235412598
0,178,train,2.0096378326416016,2.9833333333333335e-05,13.672270774841309
0,179,train,2.551069736480713,3e-05,9.45287799835205
0,180,train,2.6467385292053223,3.016666666666667e-05,13.673504829406738
0,181,train,2.4181225299835205,3.0333333333333337e-05,21.08686637878418
0,182,train,2.690030574798584,3.05e-05,15.087923049926758
0,183,train,2.8823747634887695,3.066666666666667e-05,15.945813179016113
0,184,train,2.065539598464966,3.0833333333333335e-05,15.826103210449219
0,185,train,1.998667597770691,3.1e-05,8.797971725463867
0,186,train,2.5128321647644043,3.116666666666667e-05,13.510580062866211
0,187,train,2.950599431991577,3.1333333333333334e-05,16.892580032348633
0,188,train,1.9289679527282715,3.15e-05,9.419939041137695
0,189,train,2.6562371253967285,3.1666666666666666e-05,13.597719192504883
0,190,train,2.6931910514831543,3.183333333333334e-05,12.863241195678711
0,191,train,2.539072036743164,3.2000000000000005e-05,13.570597648620605
0,192,train,2.629940986633301,3.2166666666666665e-05,10.99707317352295
0,193,train,2.569782257080078,3.233333333333333e-05,12.943897247314453
0,194,train,2.3986690044403076,3.2500000000000004e-05,15.457441329956055
0,195,train,2.473365068435669,3.266666666666667e-05,11.586896896362305
0,196,train,2.0376856327056885,3.283333333333333e-05,10.440580368041992
0,197,train,2.19008731842041,3.3e-05,10.005035400390625
0,198,train,2.6621129512786865,3.316666666666667e-05,18.95244789123535
0,199,train,2.6839427947998047,3.3333333333333335e-05,10.77530288696289
0,200,train,2.768822431564331,3.35e-05,16.81698989868164
0,201,train,2.5300519466400146,3.366666666666667e-05,14.648294448852539
0,202,train,2.0255446434020996,3.3833333333333334e-05,9.4441556930542
0,203,train,2.5640268325805664,3.4000000000000007e-05,12.48298454284668
0,204,train,2.4027299880981445,3.4166666666666666e-05,11.569557189941406
0,205,train,2.389024496078491,3.433333333333333e-05,13.860268592834473
0,206,train,2.7149336338043213,3.45e-05,13.152979850769043
0,207,train,2.7754287719726562,3.466666666666667e-05,12.140007019042969
0,208,train,2.5106425285339355,3.483333333333334e-05,13.796222686767578
0,209,train,2.5335171222686768,3.5e-05,15.75667953491211
0,210,train,1.8090980052947998,3.516666666666667e-05,15.253433227539062
0,211,train,2.760438919067383,3.5333333333333336e-05,15.29946231842041
0,212,train,2.6818320751190186,3.55e-05,13.207548141479492
0,213,train,2.699143409729004,3.566666666666667e-05,13.172436714172363
0,214,train,2.5186243057250977,3.5833333333333335e-05,17.836698532104492
0,215,train,2.606060028076172,3.6e-05,10.294474601745605
0,216,train,2.2043538093566895,3.6166666666666674e-05,12.433019638061523
0,217,train,2.4660532474517822,3.633333333333333e-05,14.2307710647583
0,218,train,2.2162413597106934,3.65e-05,17.029356002807617
0,219,train,2.7030720710754395,3.6666666666666666e-05,13.666414260864258
0,220,train,2.89599347114563,3.683333333333334e-05,15.79258918762207
0,221,train,2.0409610271453857,3.7e-05,16.49299430847168
0,222,train,2.507824420928955,3.7166666666666664e-05,15.732823371887207
0,223,train,2.4246933460235596,3.733333333333334e-05,14.146310806274414
0,224,train,1.8877135515213013,3.7500000000000003e-05,10.330079078674316
0,225,train,2.264599323272705,3.766666666666667e-05,14.659943580627441
0,226,train,2.34157395362854,3.7833333333333336e-05,12.049033164978027
0,227,train,2.6774213314056396,3.8e-05,14.697184562683105
0,228,train,2.3063805103302,3.816666666666667e-05,15.011268615722656
0,229,train,2.4130330085754395,3.8333333333333334e-05,13.587221145629883
0,230,train,2.7252986431121826,3.85e-05,13.309340476989746
0,231,train,2.1402859687805176,3.866666666666667e-05,11.409978866577148
0,232,train,2.423783302307129,3.883333333333333e-05,14.210783004760742
0,233,train,2.536592483520508,3.9000000000000006e-05,9.16269302368164
0,234,train,2.483285903930664,3.9166666666666665e-05,10.890405654907227
0,235,train,2.79689621925354,3.933333333333333e-05,12.339844703674316
0,236,train,2.179727077484131,3.9500000000000005e-05,16.287919998168945
0,237,train,2.900832176208496,3.966666666666667e-05,13.262951850891113
0,238,train,2.3416218757629395,3.983333333333333e-05,12.254504203796387
0,239,train,2.810114622116089,4e-05,13.80547046661377
0,240,train,2.8916664123535156,4.016666666666667e-05,15.096975326538086
0,241,train,2.736445188522339,4.0333333333333336e-05,11.576940536499023
0,242,train,2.641470193862915,4.05e-05,14.025776863098145
0,243,train,2.392716884613037,4.066666666666667e-05,16.585277557373047
0,244,train,2.326880693435669,4.0833333333333334e-05,12.109477996826172
0,245,train,2.662003517150879,4.1e-05,11.421308517456055
0,246,train,2.752518653869629,4.116666666666667e-05,12.717122077941895
0,247,train,2.7057251930236816,4.133333333333333e-05,11.49184513092041
0,248,train,2.7791597843170166,4.15e-05,11.762856483459473
0,249,train,2.598919630050659,4.166666666666667e-05,10.793435096740723
0,250,train,2.813631772994995,4.183333333333334e-05,14.129559516906738
0,251,train,2.6519691944122314,4.2e-05,16.529464721679688
0,252,train,2.556931257247925,4.216666666666667e-05,13.599274635314941
0,253,train,2.494826316833496,4.233333333333334e-05,16.098634719848633
0,254,train,2.6587674617767334,4.25e-05,13.015406608581543
0,255,train,2.393498659133911,4.266666666666667e-05,16.272924423217773
0,256,train,2.329589605331421,4.2833333333333335e-05,14.101308822631836
0,257,train,2.3830068111419678,4.3e-05,10.792705535888672
0,258,train,2.4290246963500977,4.316666666666667e-05,16.332164764404297
0,259,train,2.540558338165283,4.3333333333333334e-05,16.20003890991211
0,260,train,2.48344087600708,4.35e-05,17.220441818237305
0,261,train,1.9796314239501953,4.3666666666666666e-05,12.091157913208008
0,262,train,2.513549327850342,4.383333333333334e-05,13.047524452209473
0,263,train,2.450934648513794,4.4000000000000006e-05,13.735562324523926
0,264,train,2.8015329837799072,4.4166666666666665e-05,15.506160736083984
0,265,train,2.235395669937134,4.433333333333334e-05,13.901786804199219
0,266,train,2.550022840499878,4.4500000000000004e-05,12.395913124084473
0,267,train,2.511171340942383,4.466666666666667e-05,13.34067440032959
0,268,train,2.7239034175872803,4.483333333333333e-05,13.414229393005371
0,269,train,2.7362046241760254,4.5e-05,12.960535049438477
0,270,train,2.7146904468536377,4.516666666666667e-05,15.885357856750488
0,271,train,2.5452284812927246,4.5333333333333335e-05,13.4277982711792
0,272,train,2.985780954360962,4.55e-05,16.63637351989746
0,273,train,2.4209375381469727,4.566666666666667e-05,12.741640090942383
0,274,train,2.3060781955718994,4.5833333333333334e-05,11.728975296020508
0,275,train,2.403367042541504,4.600000000000001e-05,13.196869850158691
0,276,train,2.4922547340393066,4.6166666666666666e-05,14.926116943359375
0,277,train,2.472817897796631,4.633333333333333e-05,13.925586700439453
0,278,train,2.489509344100952,4.6500000000000005e-05,12.881900787353516
0,279,train,2.3584201335906982,4.666666666666667e-05,10.623698234558105
0,280,train,2.6123642921447754,4.683333333333334e-05,11.522665023803711
0,281,train,2.449970006942749,4.7e-05,13.164950370788574
0,282,train,2.058215379714966,4.716666666666667e-05,13.88300609588623
0,283,train,1.7445685863494873,4.7333333333333336e-05,11.680888175964355
0,284,train,2.45500111579895,4.75e-05,9.395894050598145
0,285,train,2.072559118270874,4.766666666666667e-05,13.377304077148438
0,286,train,2.1493802070617676,4.7833333333333335e-05,14.337918281555176
0,287,train,2.6845126152038574,4.8e-05,10.144530296325684
0,288,train,2.77886700630188,4.8166666666666674e-05,15.413060188293457
0,289,train,2.5540430545806885,4.8333333333333334e-05,11.283684730529785
0,290,train,2.403315782546997,4.85e-05,12.601106643676758
0,291,train,3.0611743927001953,4.866666666666667e-05,16.11663818359375
0,292,train,2.5291175842285156,4.883333333333334e-05,13.458248138427734
0,293,train,2.3142380714416504,4.9e-05,11.085598945617676
0,294,train,2.63285231590271,4.9166666666666665e-05,14.796236038208008
0,295,train,2.361755609512329,4.933333333333334e-05,15.296781539916992
0,296,train,2.304189682006836,4.9500000000000004e-05,17.81822395324707
0,297,train,2.676276683807373,4.966666666666667e-05,15.282170295715332
0,298,train,2.6074743270874023,4.9833333333333336e-05,10.924546241760254
0,299,train,2.471864938735962,5e-05,12.715888977050781
0,300,train,2.761073350906372,5e-05,17.969392776489258
0,301,train,2.3432555198669434,4.999485278978794e-05,14.150003433227539
0,302,train,1.7749499082565308,4.998970557957587e-05,9.969593048095703
0,303,train,2.316800594329834,4.998455836936381e-05,12.976419448852539
0,304,train,2.41119122505188,4.997941115915174e-05,10.082958221435547
0,305,train,2.881481170654297,4.997426394893968e-05,14.306821823120117
0,306,train,1.9599473476409912,4.9969116738727614e-05,13.057137489318848
0,307,train,2.3504509925842285,4.9963969528515545e-05,12.46589183807373
0,308,train,2.670182704925537,4.995882231830348e-05,19.130598068237305
0,309,train,2.399681568145752,4.995367510809142e-05,13.42584228515625
0,310,train,2.2837371826171875,4.994852789787935e-05,13.812975883483887
0,311,train,2.4177000522613525,4.994338068766728e-05,12.071000099182129
0,312,train,2.0195107460021973,4.993823347745522e-05,11.374666213989258
0,313,train,2.7002205848693848,4.993308626724316e-05,12.360713005065918
0,314,train,2.3143186569213867,4.9927939057031094e-05,13.863914489746094
0,315,train,2.57252836227417,4.9922791846819025e-05,15.657088279724121
0,316,train,2.3391802310943604,4.991764463660696e-05,16.588481903076172
0,317,train,2.3034865856170654,4.9912497426394894e-05,11.811412811279297
0,318,train,1.4005399942398071,4.990735021618283e-05,7.218514919281006
0,319,train,2.3004343509674072,4.990220300597077e-05,15.824612617492676
0,320,train,2.5195462703704834,4.98970557957587e-05,15.060303688049316
0,321,train,2.5985748767852783,4.989190858554664e-05,15.964278221130371
0,322,train,2.2056312561035156,4.9886761375334575e-05,11.656949996948242
0,323,train,2.383708953857422,4.9881614165122505e-05,10.802581787109375
0,324,train,2.638521671295166,4.9876466954910436e-05,20.05426788330078
0,325,train,2.2816174030303955,4.9871319744698374e-05,21.499221801757812
0,326,train,2.3750851154327393,4.986617253448631e-05,13.838461875915527
0,327,train,2.6456613540649414,4.986102532427425e-05,18.57159996032715
0,328,train,2.8035151958465576,4.985587811406218e-05,12.815011024475098
0,329,train,2.0444064140319824,4.985073090385012e-05,10.757490158081055
0,330,train,2.323993682861328,4.984558369363805e-05,11.60680103302002
0,331,train,2.4500956535339355,4.9840436483425986e-05,15.43421745300293
0,332,train,2.510545492172241,4.983528927321392e-05,14.472147941589355
0,333,train,2.377811908721924,4.9830142063001854e-05,14.908740997314453
0,334,train,2.724907159805298,4.982499485278979e-05,15.13120174407959
0,335,train,2.332343101501465,4.981984764257773e-05,13.86049747467041
0,336,train,2.586310386657715,4.981470043236566e-05,12.141462326049805
0,337,train,2.4706552028656006,4.980955322215359e-05,15.59802532196045
0,338,train,2.1279382705688477,4.980440601194153e-05,9.411778450012207
0,339,train,2.538229465484619,4.9799258801729466e-05,12.829599380493164
0,340,train,2.3684043884277344,4.97941115915174e-05,7.908867835998535
0,341,train,2.407851457595825,4.9788964381305334e-05,11.797975540161133
0,342,train,2.4079837799072266,4.978381717109327e-05,14.645842552185059
0,343,train,2.746922492980957,4.97786699608812e-05,12.745469093322754
0,344,train,2.2224271297454834,4.977352275066914e-05,8.837475776672363
0,345,train,2.7503862380981445,4.976837554045707e-05,16.37851905822754
0,346,train,2.399451732635498,4.976322833024501e-05,12.987613677978516
0,347,train,2.205857515335083,4.9758081120032946e-05,13.294144630432129
0,348,train,2.456683397293091,4.9752933909820884e-05,16.75174903869629
0,349,train,2.566663980484009,4.9747786699608814e-05,14.734667778015137
0,350,train,2.0963311195373535,4.9742639489396745e-05,14.544072151184082
0,351,train,2.466662645339966,4.973749227918468e-05,15.230289459228516
0,352,train,2.782604217529297,4.973234506897262e-05,14.598148345947266
0,353,train,2.5308306217193604,4.972719785876056e-05,12.367256164550781
0,354,train,2.341827392578125,4.972205064854849e-05,14.768498420715332
0,355,train,1.7525792121887207,4.9716903438336426e-05,10.757196426391602
0,356,train,2.666213035583496,4.971175622812436e-05,11.407227516174316
0,357,train,2.438460111618042,4.9706609017912295e-05,11.25048828125
0,358,train,2.660353422164917,4.9701461807700225e-05,15.319832801818848
0,359,train,2.350815534591675,4.969631459748816e-05,14.229096412658691
0,360,train,2.4651331901550293,4.96911673872761e-05,12.793000221252441
0,361,train,2.83577036857605,4.968602017706404e-05,13.332246780395508
0,362,train,2.5683226585388184,4.968087296685197e-05,11.89476490020752
0,363,train,1.9497270584106445,4.96757257566399e-05,11.584708213806152
0,364,train,2.392129898071289,4.967057854642784e-05,12.12662124633789
0,365,train,2.6509270668029785,4.9665431336215775e-05,15.27869701385498
0,366,train,2.282555341720581,4.9660284126003706e-05,12.23534870147705
0,367,train,2.2496390342712402,4.965513691579164e-05,12.253860473632812
0,368,train,2.1541736125946045,4.964998970557958e-05,13.098713874816895
0,369,train,2.123227596282959,4.964484249536751e-05,12.543478012084961
0,370,train,2.043623924255371,4.963969528515545e-05,16.104320526123047
0,371,train,2.391296148300171,4.963454807494338e-05,12.996996879577637
0,372,train,2.0717835426330566,4.962940086473132e-05,10.091861724853516
0,373,train,2.4177446365356445,4.9624253654519255e-05,11.403164863586426
0,374,train,2.006507635116577,4.961910644430719e-05,13.683023452758789
0,375,train,2.4553866386413574,4.961395923409512e-05,14.262850761413574
0,376,train,2.62894344329834,4.9608812023883054e-05,12.71967887878418
0,377,train,2.223804473876953,4.960366481367099e-05,12.209493637084961
0,378,train,2.641057252883911,4.959851760345893e-05,16.5712833404541
0,379,train,2.5939037799835205,4.959337039324686e-05,10.24245548248291
0,380,train,2.568237543106079,4.95882231830348e-05,11.980862617492676
0,381,train,2.478847026824951,4.9583075972822735e-05,12.917858123779297
0,382,train,2.4491751194000244,4.9577928762610666e-05,13.780562400817871
0,383,train,2.3565618991851807,4.9572781552398603e-05,13.134357452392578
0,384,train,2.8014397621154785,4.9567634342186534e-05,15.621703147888184
0,385,train,2.3952107429504395,4.956248713197447e-05,11.654684066772461
0,386,train,2.2715611457824707,4.955733992176241e-05,12.45620346069336
0,387,train,2.5384862422943115,4.955219271155035e-05,12.61386489868164
0,388,train,2.58482027053833,4.954704550133828e-05,13.463945388793945
0,389,train,2.204724073410034,4.954189829112621e-05,11.320075988769531
0,390,train,2.3615870475769043,4.9536751080914146e-05,19.438671112060547
0,391,train,2.5806286334991455,4.9531603870702084e-05,12.382095336914062
0,392,train,2.424018621444702,4.9526456660490014e-05,15.846673011779785
0,393,train,2.475132703781128,4.952130945027795e-05,12.7415189743042
0,394,train,2.4561562538146973,4.951616224006589e-05,18.415822982788086
0,395,train,2.4420998096466064,4.951101502985382e-05,10.890840530395508
0,396,train,2.468449831008911,4.950586781964176e-05,13.479558944702148
0,397,train,2.096205949783325,4.950072060942969e-05,12.341767311096191
0,398,train,2.566263437271118,4.9495573399217626e-05,12.140776634216309
0,399,train,1.695980429649353,4.9490426189005564e-05,10.75235652923584
0,400,train,1.9255815744400024,4.9485278978793495e-05,11.638051986694336
0,401,train,2.4180305004119873,4.948013176858143e-05,9.995881080627441
0,402,train,2.313122510910034,4.947498455836936e-05,14.424123764038086
0,403,train,2.4219353199005127,4.94698373481573e-05,10.634541511535645
0,404,train,2.8223769664764404,4.946469013794524e-05,12.882410049438477
0,405,train,1.961713433265686,4.945954292773317e-05,10.520628929138184
0,406,train,2.188488721847534,4.9454395717521107e-05,16.202238082885742
0,407,train,2.6907403469085693,4.9449248507309044e-05,10.380396842956543
0,408,train,1.883265495300293,4.944410129709698e-05,14.221664428710938
0,409,train,2.3696281909942627,4.9438954086884906e-05,11.329687118530273
0,410,train,1.6928507089614868,4.943380687667284e-05,11.539645195007324
0,411,train,2.4515480995178223,4.942865966646078e-05,11.96579647064209
0,412,train,2.793732166290283,4.942351245624872e-05,12.140810012817383
0,413,train,2.215074062347412,4.941836524603665e-05,13.624056816101074
0,414,train,1.8898561000823975,4.941321803582459e-05,12.75519847869873
0,415,train,2.312309741973877,4.940807082561252e-05,13.29190731048584
0,416,train,1.951811671257019,4.9402923615400455e-05,9.190938949584961
0,417,train,2.4898035526275635,4.939777640518839e-05,11.687172889709473
0,418,train,2.2640678882598877,4.9392629194976323e-05,12.968947410583496
0,419,train,2.820110559463501,4.938748198476426e-05,13.919843673706055
0,420,train,1.863168716430664,4.93823347745522e-05,15.110520362854004
0,421,train,2.491105794906616,4.937718756434013e-05,16.38628578186035
0,422,train,2.5202953815460205,4.937204035412806e-05,14.544998168945312
0,423,train,2.3419861793518066,4.9366893143916e-05,12.94005298614502
0,424,train,2.04654598236084,4.9361745933703935e-05,16.431304931640625
0,425,train,2.6996660232543945,4.935659872349187e-05,17.137653350830078
0,426,train,2.7200584411621094,4.9351451513279804e-05,13.195884704589844
0,427,train,2.619256019592285,4.934630430306774e-05,19.183935165405273
0,428,train,1.990860939025879,4.934115709285567e-05,11.315424919128418
0,429,train,2.4508650302886963,4.933600988264361e-05,18.068260192871094
0,430,train,2.3320353031158447,4.933086267243154e-05,19.86020851135254
0,431,train,2.5116710662841797,4.932571546221948e-05,9.39133071899414
0,432,train,1.8935948610305786,4.9320568252007415e-05,10.661706924438477
0,433,train,2.179959535598755,4.931542104179535e-05,12.870037078857422
0,434,train,2.517171859741211,4.9310273831583284e-05,15.047008514404297
0,435,train,2.6402499675750732,4.9305126621371215e-05,14.788372039794922
0,436,train,2.653653860092163,4.929997941115915e-05,17.20955467224121
0,437,train,2.7797651290893555,4.929483220094709e-05,14.8866548538208
0,438,train,2.2923009395599365,4.928968499073503e-05,11.804118156433105
0,439,train,2.3069190979003906,4.928453778052296e-05,16.331039428710938
0,440,train,2.1808619499206543,4.9279390570310896e-05,14.969080924987793
0,441,train,2.3849425315856934,4.9274243360098826e-05,14.9849271774292
0,442,train,2.267301321029663,4.9269096149886764e-05,14.090818405151367
0,443,train,2.478614091873169,4.9263948939674695e-05,12.228133201599121
0,444,train,2.249458074569702,4.925880172946263e-05,15.51541805267334
0,445,train,2.195237636566162,4.925365451925057e-05,10.304987907409668
0,446,train,2.318140983581543,4.924850730903851e-05,15.88321304321289
0,447,train,2.2628188133239746,4.924336009882644e-05,13.4443998336792
0,448,train,2.52323579788208,4.923821288861437e-05,11.454222679138184
0,449,train,2.259821891784668,4.923306567840231e-05,12.633487701416016
0,450,train,2.6042115688323975,4.9227918468190244e-05,18.373544692993164
0,451,train,2.6474194526672363,4.922277125797818e-05,15.904869079589844
0,452,train,2.1881003379821777,4.921762404776611e-05,13.70981216430664
0,453,train,2.207432270050049,4.921247683755405e-05,8.054173469543457
0,454,train,2.529799461364746,4.920732962734198e-05,12.400406837463379
0,455,train,2.5861270427703857,4.920218241712992e-05,13.24305248260498
0,456,train,2.5028390884399414,4.919703520691785e-05,11.4454984664917
0,457,train,2.6334068775177,4.919188799670579e-05,18.881853103637695
0,458,train,1.887832760810852,4.9186740786493724e-05,11.176716804504395
0,459,train,2.686617851257324,4.918159357628166e-05,12.837265014648438
0,460,train,2.7469089031219482,4.917644636606959e-05,12.859532356262207
0,461,train,2.7701215744018555,4.9171299155857524e-05,11.553181648254395
0,462,train,2.6718246936798096,4.916615194564546e-05,10.370617866516113
0,463,train,2.3697969913482666,4.91610047354334e-05,14.694918632507324
0,464,train,2.4909281730651855,4.915585752522133e-05,16.81484031677246
0,465,train,2.3598756790161133,4.915071031500927e-05,12.459915161132812
0,466,train,1.6580312252044678,4.9145563104797205e-05,14.1365966796875
0,467,train,2.2505733966827393,4.9140415894585135e-05,14.529146194458008
0,468,train,1.9452362060546875,4.913526868437307e-05,11.357995986938477
0,469,train,2.5896196365356445,4.9130121474161004e-05,14.615389823913574
0,470,train,2.4952056407928467,4.912497426394894e-05,12.14687442779541
0,471,train,1.8234953880310059,4.911982705373688e-05,10.754756927490234
0,472,train,1.662764549255371,4.9114679843524816e-05,10.877982139587402
0,473,train,2.4167869091033936,4.910953263331275e-05,10.479548454284668
0,474,train,2.3566625118255615,4.910438542310068e-05,16.71662712097168
0,475,train,2.773800849914551,4.9099238212888616e-05,17.35942268371582
0,476,train,2.7249643802642822,4.909409100267655e-05,10.855518341064453
0,477,train,2.3860745429992676,4.9088943792464484e-05,9.855472564697266
0,478,train,2.683260679244995,4.908379658225242e-05,12.600926399230957
0,479,train,2.0149917602539062,4.907864937204036e-05,10.779247283935547
0,480,train,2.3163669109344482,4.907350216182829e-05,11.439315795898438
0,481,train,2.0981619358062744,4.906835495161623e-05,9.93937873840332
0,482,train,2.549428701400757,4.906320774140416e-05,14.086983680725098
0,483,train,2.3249130249023438,4.9058060531192096e-05,14.976386070251465
0,484,train,2.1886098384857178,4.905291332098003e-05,14.553644180297852
0,485,train,1.7654526233673096,4.904776611076797e-05,11.255125999450684
0,486,train,2.619891881942749,4.90426189005559e-05,16.53847312927246
0,487,train,1.5782406330108643,4.903747169034383e-05,11.807943344116211
0,488,train,2.2108845710754395,4.903232448013177e-05,11.45931339263916
0,489,train,2.245542049407959,4.902717726991971e-05,10.107677459716797
0,490,train,1.51716148853302,4.902203005970764e-05,11.335384368896484
0,491,train,2.63865327835083,4.9016882849495576e-05,12.407196044921875
0,492,train,2.4506304264068604,4.9011735639283514e-05,10.458541870117188
0,493,train,2.243638277053833,4.9006588429071444e-05,15.039541244506836
0,494,train,2.030672073364258,4.900144121885938e-05,14.038902282714844
0,495,train,1.9369359016418457,4.899629400864731e-05,12.056696891784668
0,496,train,2.4624013900756836,4.899114679843525e-05,17.014598846435547
0,497,train,2.5790529251098633,4.898599958822319e-05,18.519908905029297
0,498,train,2.7877142429351807,4.898085237801112e-05,16.663877487182617
0,499,train,2.2841780185699463,4.8975705167799056e-05,15.005678176879883
0,500,train,2.795680522918701,4.897055795758699e-05,17.56900978088379
0,501,train,2.434239149093628,4.8965410747374924e-05,15.685770988464355
0,502,train,2.100390911102295,4.896026353716286e-05,10.971482276916504
0,503,train,2.16383695602417,4.895511632695079e-05,10.439190864562988
0,504,train,2.168555498123169,4.894996911673873e-05,13.401305198669434
0,505,train,1.591400146484375,4.894482190652667e-05,8.128210067749023
0,506,train,2.2370505332946777,4.8939674696314606e-05,12.463141441345215
0,507,train,2.2521426677703857,4.893452748610253e-05,9.864265441894531
0,508,train,2.3264591693878174,4.892938027589047e-05,11.304821014404297
0,509,train,2.039264678955078,4.8924233065678405e-05,11.041165351867676
0,510,train,2.2098352909088135,4.891908585546634e-05,10.715568542480469
0,511,train,2.012847661972046,4.891393864525427e-05,14.346524238586426
0,512,train,2.4256746768951416,4.890879143504221e-05,11.538041114807129
0,513,train,2.3001039028167725,4.890364422483014e-05,12.253846168518066
0,514,train,2.7237515449523926,4.889849701461808e-05,14.386353492736816
0,515,train,2.4833712577819824,4.8893349804406017e-05,10.289339065551758
0,516,train,2.1525356769561768,4.888820259419395e-05,13.504400253295898
0,517,train,1.665497899055481,4.8883055383981885e-05,11.54934024810791
0,518,train,1.509473443031311,4.887790817376982e-05,9.366983413696289
0,519,train,2.116516590118408,4.887276096355775e-05,14.163820266723633
0,520,train,2.7070863246917725,4.8867613753345684e-05,11.157315254211426
0,521,train,2.5161116123199463,4.886246654313362e-05,11.201521873474121
0,522,train,2.3936607837677,4.885731933292156e-05,10.706583976745605
0,523,train,1.9898760318756104,4.88521721227095e-05,8.698994636535645
0,524,train,2.602910041809082,4.884702491249743e-05,13.97630500793457
0,525,train,2.327346086502075,4.8841877702285365e-05,11.48989200592041
0,526,train,2.784250497817993,4.8836730492073296e-05,15.908958435058594
0,527,train,2.4962267875671387,4.8831583281861233e-05,12.754534721374512
0,528,train,2.4726033210754395,4.8826436071649164e-05,9.696703910827637
0,529,train,2.381427526473999,4.88212888614371e-05,12.251818656921387
0,530,train,2.3326992988586426,4.881614165122504e-05,10.513487815856934
0,531,train,2.1370747089385986,4.881099444101298e-05,11.403434753417969
0,532,train,2.7382397651672363,4.880584723080091e-05,15.152725219726562
0,533,train,2.3000502586364746,4.880070002058884e-05,15.745392799377441
0,534,train,2.1134917736053467,4.8795552810376776e-05,14.27507209777832
0,535,train,2.1203017234802246,4.8790405600164714e-05,9.038087844848633
0,536,train,2.2221245765686035,4.878525838995265e-05,18.108570098876953
0,537,train,1.977449893951416,4.878011117974058e-05,13.991042137145996
0,538,train,1.8161433935165405,4.877496396952852e-05,10.562545776367188
0,539,train,2.2548160552978516,4.876981675931646e-05,15.137812614440918
0,540,train,1.8132493495941162,4.876466954910439e-05,9.566058158874512
0,541,train,2.6227829456329346,4.875952233889232e-05,13.13410758972168
0,542,train,2.276998996734619,4.8754375128680256e-05,17.517948150634766
0,543,train,2.1797943115234375,4.8749227918468194e-05,12.130087852478027
0,544,train,2.2702345848083496,4.874408070825613e-05,15.746994972229004
0,545,train,2.630298376083374,4.873893349804406e-05,16.062965393066406
0,546,train,1.835601568222046,4.873378628783199e-05,12.592930793762207
0,547,train,1.9704629182815552,4.872863907761993e-05,12.292134284973145
0,548,train,2.67529034614563,4.872349186740787e-05,10.682307243347168
0,549,train,2.637510061264038,4.8718344657195806e-05,14.836784362792969
0,550,train,1.9233835935592651,4.8713197446983736e-05,11.327895164489746
0,551,train,1.6029105186462402,4.8708050236771674e-05,11.517730712890625
0,552,train,1.8961745500564575,4.870290302655961e-05,13.634045600891113
0,553,train,2.175041437149048,4.869775581634754e-05,13.356751441955566
0,554,train,2.6576285362243652,4.869260860613547e-05,16.325227737426758
0,555,train,2.060880422592163,4.868746139592341e-05,14.132299423217773
0,556,train,1.8524560928344727,4.868231418571135e-05,9.674294471740723
0,557,train,1.9629696607589722,4.8677166975499286e-05,11.43731689453125
0,558,train,2.108062267303467,4.867201976528722e-05,12.04311466217041
0,559,train,2.5023117065429688,4.866687255507515e-05,10.883872032165527
0,560,train,1.809022068977356,4.8661725344863085e-05,10.51270580291748
0,561,train,1.951316475868225,4.865657813465102e-05,13.891973495483398
0,562,train,2.5489799976348877,4.865143092443895e-05,17.1126708984375
0,563,train,2.4488370418548584,4.864628371422689e-05,13.11656379699707
0,564,train,2.054705858230591,4.864113650401483e-05,12.570573806762695
0,565,train,2.1351375579833984,4.8635989293802766e-05,12.408499717712402
0,566,train,1.8627604246139526,4.86308420835907e-05,10.000595092773438
0,567,train,1.908843994140625,4.862569487337863e-05,13.302881240844727
0,568,train,2.395498275756836,4.8620547663166565e-05,13.287949562072754
0,569,train,1.649418830871582,4.86154004529545e-05,10.174513816833496
0,570,train,2.2296807765960693,4.861025324274244e-05,13.181117057800293
0,571,train,2.7113037109375,4.860510603253037e-05,13.011262893676758
0,572,train,2.575688123703003,4.85999588223183e-05,14.517298698425293
0,573,train,2.2337093353271484,4.859481161210624e-05,10.749689102172852
0,574,train,2.590641498565674,4.858966440189418e-05,13.825580596923828
0,575,train,2.524608850479126,4.858451719168211e-05,19.283939361572266
0,576,train,2.293591022491455,4.8579369981470045e-05,15.241992950439453
0,577,train,2.703108072280884,4.857422277125798e-05,14.091279029846191
0,578,train,2.2371819019317627,4.856907556104592e-05,9.893885612487793
0,579,train,2.3457467555999756,4.856392835083385e-05,12.508917808532715
0,580,train,2.839073419570923,4.855878114062178e-05,11.911418914794922
0,581,train,2.2251553535461426,4.855363393040972e-05,11.2999267578125
0,582,train,1.7511307001113892,4.854848672019766e-05,10.671080589294434
0,583,train,2.3535311222076416,4.8543339509985595e-05,13.852447509765625
0,584,train,1.919455885887146,4.8538192299773526e-05,11.078899383544922
0,585,train,2.8406527042388916,4.8533045089561456e-05,14.494220733642578
0,586,train,2.4582338333129883,4.8527897879349394e-05,10.802605628967285
0,587,train,2.046154022216797,4.852275066913733e-05,11.033492088317871
0,588,train,2.078162908554077,4.851760345892526e-05,8.94840145111084
0,589,train,2.135042667388916,4.85124562487132e-05,16.152734756469727
0,590,train,2.621779203414917,4.850730903850114e-05,14.274797439575195
0,591,train,1.9960896968841553,4.8502161828289075e-05,9.938823699951172
0,592,train,2.620122194290161,4.8497014618077006e-05,11.487674713134766
0,593,train,2.4241182804107666,4.8491867407864937e-05,11.112649917602539
0,594,train,2.529738426208496,4.8486720197652874e-05,12.217740058898926
0,595,train,2.2842445373535156,4.848157298744081e-05,11.25526237487793
0,596,train,2.259237766265869,4.847642577722874e-05,13.417012214660645
0,597,train,2.385218620300293,4.847127856701668e-05,13.186590194702148
0,598,train,2.1532816886901855,4.846613135680461e-05,11.427350997924805
0,599,train,1.967143177986145,4.846098414659255e-05,9.169431686401367
0,600,train,1.9676473140716553,4.8455836936380486e-05,10.368412971496582
0,601,train,2.031210422515869,4.845068972616842e-05,16.67476463317871
0,602,train,2.577826499938965,4.8445542515956354e-05,18.72966194152832
0,603,train,2.573719024658203,4.844039530574429e-05,15.734268188476562
0,604,train,2.0764355659484863,4.843524809553223e-05,13.572599411010742
0,605,train,2.0634336471557617,4.8430100885320153e-05,12.18725299835205
0,606,train,2.405769109725952,4.842495367510809e-05,19.3770694732666
0,607,train,2.0336220264434814,4.841980646489603e-05,10.069608688354492
0,608,train,2.298609495162964,4.8414659254683966e-05,13.355923652648926
0,609,train,1.7864313125610352,4.84095120444719e-05,11.343128204345703
0,610,train,2.0526583194732666,4.8404364834259835e-05,13.961429595947266
0,611,train,2.5710625648498535,4.8399217624047765e-05,14.68050765991211
0,612,train,2.5398313999176025,4.83940704138357e-05,13.40976619720459
0,613,train,2.421154260635376,4.838892320362364e-05,15.52442455291748
0,614,train,2.28448748588562,4.838377599341157e-05,16.303424835205078
0,615,train,2.7752914428710938,4.837862878319951e-05,12.751462936401367
0,616,train,2.6087393760681152,4.8373481572987446e-05,12.17761516571045
0,617,train,2.1766889095306396,4.836833436277538e-05,15.56918716430664
0,618,train,2.249208688735962,4.836318715256331e-05,8.659363746643066
0,619,train,2.6804792881011963,4.8358039942351246e-05,14.15850830078125
0,620,train,2.5855064392089844,4.835289273213918e-05,13.746198654174805
0,621,train,2.049433469772339,4.834774552192712e-05,11.665201187133789
0,622,train,2.029352903366089,4.834259831171505e-05,11.940366744995117
0,623,train,1.8287570476531982,4.833745110150299e-05,11.150030136108398
0,624,train,2.251417398452759,4.833230389129092e-05,12.189408302307129
0,625,train,1.891621708869934,4.832715668107886e-05,8.394189834594727
0,626,train,1.7315658330917358,4.832200947086679e-05,12.303813934326172
0,627,train,2.706463575363159,4.8316862260654726e-05,11.626355171203613
0,628,train,2.7049248218536377,4.831171505044266e-05,12.68840217590332
0,629,train,2.250217914581299,4.83065678402306e-05,11.931118965148926
0,630,train,2.2427170276641846,4.830142063001853e-05,14.753498077392578
0,631,train,1.6224632263183594,4.829627341980646e-05,11.736838340759277
0,632,train,1.844700574874878,4.82911262095944e-05,9.491954803466797
0,633,train,2.723086357116699,4.828597899938234e-05,17.711320877075195
0,634,train,1.804534912109375,4.8280831789170275e-05,14.143512725830078
0,635,train,2.0017852783203125,4.8275684578958206e-05,10.592787742614746
0,636,train,2.293461561203003,4.8270537368746143e-05,9.80635929107666
0,637,train,2.312408924102783,4.8265390158534074e-05,12.200530052185059
0,638,train,2.3093008995056152,4.826024294832201e-05,14.645440101623535
0,639,train,2.6604771614074707,4.825509573810994e-05,14.020520210266113
0,640,train,2.227994680404663,4.824994852789788e-05,10.97227954864502
0,641,train,2.7749743461608887,4.824480131768582e-05,18.476524353027344
0,642,train,1.997717022895813,4.8239654107473755e-05,17.559307098388672
0,643,train,2.193896770477295,4.8234506897261686e-05,22.19932746887207
0,644,train,1.8492859601974487,4.822935968704962e-05,11.659799575805664
0,645,train,2.317005157470703,4.8224212476837554e-05,13.155034065246582
0,646,train,2.6758389472961426,4.821906526662549e-05,12.65811824798584
0,647,train,1.832990288734436,4.821391805641343e-05,11.890887260437012
0,648,train,1.511216640472412,4.820877084620136e-05,8.088443756103516
0,649,train,2.239820957183838,4.82036236359893e-05,12.279207229614258
0,650,train,2.3260555267333984,4.819847642577723e-05,13.671709060668945
0,651,train,1.885074257850647,4.8193329215565166e-05,13.264776229858398
0,652,train,2.485023260116577,4.81881820053531e-05,18.75904083251953
0,653,train,2.5501699447631836,4.8183034795141035e-05,16.886831283569336
0,654,train,2.2318453788757324,4.817788758492897e-05,11.814058303833008
0,655,train,2.250251054763794,4.817274037471691e-05,13.122411727905273
0,656,train,2.5491092205047607,4.816759316450484e-05,16.146940231323242
0,657,train,1.9644603729248047,4.816244595429277e-05,11.389019012451172
0,658,train,2.567915201187134,4.815729874408071e-05,10.63778305053711
0,659,train,2.6696951389312744,4.8152151533868646e-05,10.64452838897705
0,660,train,1.9656707048416138,4.814700432365658e-05,9.725543022155762
0,661,train,2.3678603172302246,4.8141857113444515e-05,12.301459312438965
0,662,train,1.917478084564209,4.813670990323245e-05,11.475242614746094
0,663,train,2.5023717880249023,4.813156269302039e-05,10.72884750366211
0,664,train,1.73424232006073,4.812641548280832e-05,9.80020523071289
0,665,train,2.828455924987793,4.812126827259625e-05,15.52320671081543
0,666,train,1.815588116645813,4.811612106238419e-05,11.112588882446289
0,667,train,1.8501842021942139,4.811097385217213e-05,15.253168106079102
0,668,train,2.1373095512390137,4.8105826641960064e-05,10.116189002990723
0,669,train,2.6477341651916504,4.8100679431747995e-05,15.19210147857666
0,670,train,1.9979432821273804,4.809553222153593e-05,12.6862154006958
0,671,train,2.0756945610046387,4.809038501132386e-05,11.97823429107666
0,672,train,2.2159345149993896,4.80852378011118e-05,12.909093856811523
0,673,train,2.5852935314178467,4.808009059089973e-05,10.611913681030273
0,674,train,1.8225864171981812,4.807494338068767e-05,10.634090423583984
0,675,train,2.706360340118408,4.806979617047561e-05,14.271636962890625
0,676,train,1.9682072401046753,4.8064648960263544e-05,11.765806198120117
0,677,train,1.917472243309021,4.8059501750051475e-05,11.88455867767334
0,678,train,2.4212329387664795,4.8054354539839406e-05,11.292733192443848
0,679,train,2.027353286743164,4.8049207329627344e-05,12.036108016967773
0,680,train,2.757864236831665,4.804406011941528e-05,15.948100090026855
0,681,train,2.700791597366333,4.803891290920321e-05,12.681221008300781
0,682,train,2.3919639587402344,4.803376569899115e-05,10.527928352355957
0,683,train,2.7349679470062256,4.802861848877909e-05,15.384161949157715
0,684,train,2.3885905742645264,4.802347127856702e-05,12.533517837524414
0,685,train,2.4896061420440674,4.8018324068354955e-05,12.93448543548584
0,686,train,2.155700206756592,4.8013176858142886e-05,10.225848197937012
0,687,train,1.972109317779541,4.8008029647930824e-05,10.710728645324707
0,688,train,2.828385591506958,4.800288243771876e-05,11.956947326660156
0,689,train,1.9971352815628052,4.79977352275067e-05,12.122581481933594
0,690,train,1.874228835105896,4.799258801729462e-05,10.515981674194336
0,691,train,2.3806629180908203,4.798744080708256e-05,10.9273681640625
0,692,train,2.325582981109619,4.79822935968705e-05,15.042863845825195
0,693,train,2.1235079765319824,4.7977146386658436e-05,8.8618803024292
0,694,train,2.345810890197754,4.7971999176446366e-05,13.941808700561523
0,695,train,1.4139742851257324,4.7966851966234304e-05,9.333587646484375
0,696,train,1.7795586585998535,4.796170475602224e-05,10.292055130004883
0,697,train,2.6214334964752197,4.795655754581017e-05,16.47545623779297
0,698,train,2.6403989791870117,4.795141033559811e-05,13.08898639678955
0,699,train,2.347830295562744,4.794626312538604e-05,13.645991325378418
0,700,train,2.158391237258911,4.794111591517398e-05,9.830587387084961
0,701,train,1.2635669708251953,4.7935968704961916e-05,9.732206344604492
0,702,train,2.5063230991363525,4.793082149474985e-05,17.922941207885742
0,703,train,2.042579412460327,4.792567428453778e-05,9.57453441619873
0,704,train,2.4203736782073975,4.7920527074325715e-05,10.374753952026367
0,705,train,2.556490659713745,4.791537986411365e-05,11.650611877441406
0,706,train,2.007024049758911,4.791023265390159e-05,11.558000564575195
0,707,train,2.6733510494232178,4.790508544368952e-05,16.77641487121582
0,708,train,2.4109947681427,4.789993823347746e-05,13.048504829406738
0,709,train,1.7432106733322144,4.7894791023265396e-05,9.005698204040527
0,710,train,1.4726917743682861,4.788964381305333e-05,12.895299911499023
0,711,train,1.8990347385406494,4.7884496602841264e-05,11.348769187927246
0,712,train,2.2221157550811768,4.7879349392629195e-05,9.648850440979004
0,713,train,2.10642409324646,4.787420218241713e-05,9.045289039611816
0,714,train,1.8806648254394531,4.786905497220507e-05,9.966212272644043
0,715,train,2.001436710357666,4.7863907761993e-05,9.313882827758789
0,716,train,2.6233043670654297,4.785876055178093e-05,10.877607345581055
0,717,train,1.9741802215576172,4.785361334156887e-05,12.180898666381836
0,718,train,2.089745283126831,4.784846613135681e-05,11.02397632598877
0,719,train,2.2420079708099365,4.7843318921144745e-05,10.939188957214355
0,720,train,2.510307788848877,4.7838171710932675e-05,11.174321174621582
0,721,train,2.3463401794433594,4.783302450072061e-05,12.084697723388672
0,722,train,2.3156862258911133,4.782787729050855e-05,11.194687843322754
0,723,train,2.5516433715820312,4.782273008029648e-05,11.607014656066895
0,724,train,2.2514374256134033,4.781758287008441e-05,15.515522956848145
0,725,train,2.482288122177124,4.781243565987235e-05,12.79204273223877
0,726,train,2.1506597995758057,4.780728844966029e-05,9.042560577392578
0,727,train,2.239074468612671,4.7802141239448225e-05,14.57485580444336
0,728,train,1.9427558183670044,4.7796994029236156e-05,10.489645957946777
0,729,train,2.5306434631347656,4.7791846819024086e-05,14.23169994354248
0,730,train,2.7094218730926514,4.7786699608812024e-05,18.47869300842285
0,731,train,1.714098334312439,4.778155239859996e-05,11.242259979248047
0,732,train,2.3024466037750244,4.77764051883879e-05,13.09611701965332
0,733,train,2.2302896976470947,4.777125797817583e-05,8.849393844604492
0,734,train,1.7514843940734863,4.776611076796377e-05,9.551961898803711
0,735,train,2.6041676998138428,4.7760963557751705e-05,13.140128135681152
0,736,train,2.3943099975585938,4.7755816347539636e-05,12.281472206115723
0,737,train,2.210275173187256,4.7750669137327567e-05,11.563528060913086
0,738,train,1.7332593202590942,4.7745521927115504e-05,13.940418243408203
0,739,train,2.2215073108673096,4.774037471690344e-05,11.556965827941895
0,740,train,2.182488203048706,4.773522750669138e-05,10.36199951171875
0,741,train,2.3358099460601807,4.773008029647931e-05,11.844659805297852
0,742,train,1.7903228998184204,4.772493308626724e-05,11.517019271850586
0,743,train,2.2264299392700195,4.771978587605518e-05,10.95322322845459
0,744,train,2.4120051860809326,4.7714638665843116e-05,13.406476974487305
0,745,train,1.8655343055725098,4.7709491455631053e-05,10.338957786560059
0,746,train,2.5683236122131348,4.7704344245418984e-05,11.483552932739258
0,747,train,1.7868138551712036,4.769919703520692e-05,10.994068145751953
0,748,train,2.362887382507324,4.769404982499486e-05,8.099814414978027
0,749,train,1.5880149602890015,4.768890261478279e-05,12.025146484375
0,750,train,2.560300350189209,4.768375540457072e-05,14.206771850585938
0,751,train,2.2823545932769775,4.767860819435866e-05,11.235689163208008
0,752,train,2.0309667587280273,4.7673460984146596e-05,10.830243110656738
0,753,train,2.1507649421691895,4.7668313773934534e-05,8.80409049987793
0,754,train,1.6098723411560059,4.7663166563722464e-05,10.366654396057129
0,755,train,2.5531668663024902,4.7658019353510395e-05,13.066082954406738
0,756,train,1.825287938117981,4.765287214329833e-05,10.894745826721191
0,757,train,2.3590657711029053,4.764772493308627e-05,15.693671226501465
0,758,train,2.5966742038726807,4.76425777228742e-05,11.564184188842773
0,759,train,2.3253939151763916,4.763743051266214e-05,13.60471248626709
0,760,train,2.2359185218811035,4.7632283302450076e-05,14.498948097229004
0,761,train,2.5239858627319336,4.7627136092238014e-05,15.308367729187012
0,762,train,2.1181490421295166,4.7621988882025945e-05,9.523247718811035
0,763,train,2.160722255706787,4.7616841671813875e-05,11.038049697875977
0,764,train,1.9376730918884277,4.761169446160181e-05,11.002355575561523
0,765,train,1.8923834562301636,4.760654725138975e-05,14.13952922821045
0,766,train,1.7654415369033813,4.760140004117769e-05,10.730924606323242
0,767,train,2.3636040687561035,4.759625283096562e-05,17.074857711791992
0,768,train,2.073209762573242,4.759110562075355e-05,13.397113800048828
0,769,train,1.7883434295654297,4.758595841054149e-05,12.192200660705566
0,770,train,2.447425603866577,4.7580811200329425e-05,14.800760269165039
0,771,train,1.820199966430664,4.7575663990117356e-05,10.941085815429688
0,772,train,1.7883237600326538,4.757051677990529e-05,10.19459342956543
0,773,train,2.2991464138031006,4.756536956969323e-05,14.207356452941895
0,774,train,2.230320453643799,4.756022235948117e-05,12.25114631652832
0,775,train,1.991938591003418,4.75550751492691e-05,11.426621437072754
0,776,train,2.156104326248169,4.754992793905703e-05,9.859355926513672
0,777,train,2.167620897293091,4.754478072884497e-05,9.123692512512207
0,778,train,2.2216479778289795,4.7539633518632905e-05,15.247974395751953
0,779,train,1.7636728286743164,4.7534486308420836e-05,15.109045028686523
0,780,train,1.6454840898513794,4.7529339098208773e-05,11.694452285766602
0,781,train,1.716050386428833,4.7524191887996704e-05,11.567885398864746
0,782,train,2.131096601486206,4.751904467778464e-05,10.414917945861816
0,783,train,2.135529041290283,4.751389746757258e-05,10.02296257019043
0,784,train,2.210554361343384,4.750875025736051e-05,14.862030029296875
0,785,train,2.436081647872925,4.750360304714845e-05,12.33244800567627
0,786,train,2.2403178215026855,4.7498455836936385e-05,8.337471008300781
0,787,train,1.95281183719635,4.749330862672432e-05,11.478479385375977
0,788,train,2.6697072982788086,4.748816141651225e-05,11.666955947875977
0,789,train,1.6085777282714844,4.7483014206300184e-05,10.19705581665039
0,790,train,2.201153039932251,4.747786699608812e-05,9.882391929626465
0,791,train,1.9421871900558472,4.747271978587606e-05,10.930536270141602
0,792,train,2.25630521774292,4.746757257566399e-05,12.713045120239258
0,793,train,2.6242620944976807,4.746242536545193e-05,11.724262237548828
0,794,train,2.088003396987915,4.7457278155239865e-05,10.484328269958496
0,795,train,2.244828224182129,4.7452130945027796e-05,9.944607734680176
0,796,train,2.96173357963562,4.7446983734815734e-05,14.905839920043945
0,797,train,1.7011812925338745,4.7441836524603665e-05,10.609769821166992
0,798,train,1.4828743934631348,4.74366893143916e-05,9.192501068115234
0,799,train,2.0688681602478027,4.743154210417954e-05,12.03507137298584
0,800,train,2.421372890472412,4.742639489396748e-05,18.229848861694336
0,801,train,2.022754192352295,4.74212476837554e-05,11.253667831420898
0,802,train,2.106912851333618,4.741610047354334e-05,12.267574310302734
0,803,train,2.086653709411621,4.7410953263331276e-05,11.30943775177002
0,804,train,2.2314529418945312,4.7405806053119214e-05,11.801146507263184
0,805,train,2.2436349391937256,4.7400658842907145e-05,11.6952486038208
0,806,train,2.2869718074798584,4.739551163269508e-05,11.075118064880371
0,807,train,1.9049264192581177,4.739036442248302e-05,15.745891571044922
0,808,train,2.4065616130828857,4.738521721227095e-05,12.697026252746582
0,809,train,1.999650478363037,4.738007000205889e-05,12.692948341369629
0,810,train,1.57708740234375,4.737492279184682e-05,7.407631874084473
0,811,train,2.4108095169067383,4.736977558163476e-05,10.940691947937012
0,812,train,2.3007781505584717,4.7364628371422694e-05,11.893489837646484
0,813,train,1.9436235427856445,4.7359481161210625e-05,12.655007362365723
0,814,train,2.1178669929504395,4.735433395099856e-05,13.55080509185791
0,815,train,2.197441816329956,4.734918674078649e-05,12.84189510345459
0,816,train,1.8913791179656982,4.734403953057443e-05,14.00682258605957
0,817,train,2.224942207336426,4.733889232036237e-05,14.209676742553711
0,818,train,1.9100371599197388,4.73337451101503e-05,9.008012771606445
0,819,train,1.9761528968811035,4.732859789993824e-05,9.855330467224121
0,820,train,2.6020431518554688,4.7323450689726174e-05,14.404452323913574
0,821,train,1.26445734500885,4.7318303479514105e-05,8.776993751525879
0,822,train,2.2269976139068604,4.7313156269302036e-05,14.221033096313477
0,823,train,2.028930902481079,4.7308009059089974e-05,13.826253890991211
0,824,train,1.8600772619247437,4.730286184887791e-05,10.062712669372559
0,825,train,2.056946277618408,4.729771463866585e-05,13.113369941711426
0,826,train,1.9551750421524048,4.729256742845378e-05,16.019302368164062
0,827,train,2.5224850177764893,4.728742021824172e-05,13.484707832336426
0,828,train,1.6358375549316406,4.728227300802965e-05,8.637689590454102
0,829,train,2.354332685470581,4.7277125797817585e-05,11.984389305114746
0,830,train,2.103368043899536,4.727197858760552e-05,9.335693359375
0,831,train,1.89445161819458,4.7266831377393454e-05,15.684516906738281
0,832,train,2.3326668739318848,4.726168416718139e-05,12.214082717895508
0,833,train,2.8572311401367188,4.725653695696933e-05,11.151033401489258
0,834,train,1.9342072010040283,4.725138974675726e-05,13.081804275512695
0,835,train,1.792939305305481,4.724624253654519e-05,9.303956985473633
0,836,train,2.0526161193847656,4.724109532633313e-05,9.133674621582031
0,837,train,1.7188466787338257,4.7235948116121066e-05,9.789102554321289
0,838,train,1.837485671043396,4.7230800905909e-05,9.505260467529297
0,839,train,2.0698564052581787,4.7225653695696934e-05,11.213706016540527
0,840,train,2.11922025680542,4.722050648548487e-05,10.635113716125488
0,841,train,2.165003538131714,4.72153592752728e-05,13.389297485351562
0,842,train,2.321471929550171,4.721021206506074e-05,14.146650314331055
0,843,train,2.133319139480591,4.720506485484868e-05,15.562764167785645
0,844,train,1.503332257270813,4.719991764463661e-05,9.066481590270996
0,845,train,2.6386544704437256,4.7194770434424546e-05,13.302745819091797
0,846,train,2.55401611328125,4.718962322421248e-05,13.02949333190918
0,847,train,2.1342551708221436,4.7184476014000414e-05,10.48511791229248
0,848,train,1.9935609102249146,4.7179328803788345e-05,9.676332473754883
0,849,train,2.1776106357574463,4.717418159357628e-05,9.694170951843262
0,850,train,2.1141550540924072,4.716903438336422e-05,8.610709190368652
0,851,train,2.0660481452941895,4.716388717315216e-05,12.147997856140137
0,852,train,2.420727014541626,4.715873996294009e-05,14.206470489501953
0,853,train,2.0880796909332275,4.7153592752728026e-05,13.494865417480469
0,854,train,1.8148595094680786,4.714844554251596e-05,9.62952995300293
0,855,train,1.8118140697479248,4.7143298332303894e-05,8.673127174377441
0,856,train,2.2009804248809814,4.7138151122091825e-05,9.915082931518555
0,857,train,2.133127450942993,4.713300391187976e-05,16.56140899658203
0,858,train,1.8515088558197021,4.71278567016677e-05,14.060121536254883
0,859,train,2.289710283279419,4.712270949145564e-05,13.805387496948242
0,860,train,1.8785295486450195,4.711756228124357e-05,11.231316566467285
0,861,train,2.084538459777832,4.71124150710315e-05,15.952363014221191
0,862,train,1.8747297525405884,4.710726786081944e-05,17.942581176757812
0,863,train,2.1021251678466797,4.7102120650607374e-05,12.912407875061035
0,864,train,1.7641005516052246,4.709697344039531e-05,11.317389488220215
0,865,train,1.8118194341659546,4.709182623018324e-05,9.892754554748535
0,866,train,2.1773324012756348,4.708667901997118e-05,10.120878219604492
0,867,train,1.9914418458938599,4.708153180975911e-05,10.614681243896484
0,868,train,2.344514846801758,4.707638459954705e-05,10.36246395111084
0,869,train,1.6069767475128174,4.707123738933498e-05,13.011101722717285
0,870,train,2.390349864959717,4.706609017912292e-05,9.619996070861816
0,871,train,2.0162527561187744,4.7060942968910855e-05,10.210415840148926
0,872,train,1.7879970073699951,4.705579575869879e-05,13.825620651245117
0,873,train,1.7692288160324097,4.705064854848672e-05,12.482128143310547
0,874,train,2.0691144466400146,4.7045501338274654e-05,12.347506523132324
0,875,train,1.9348262548446655,4.704035412806259e-05,9.005284309387207
0,876,train,1.8894119262695312,4.703520691785053e-05,11.583374977111816
0,877,train,1.3869619369506836,4.703005970763846e-05,8.982028007507324
0,878,train,2.097252368927002,4.70249124974264e-05,10.917129516601562
0,879,train,2.0627670288085938,4.7019765287214335e-05,12.49018383026123
0,880,train,1.702257752418518,4.7014618077002266e-05,13.43743896484375
0,881,train,1.853540301322937,4.70094708667902e-05,11.711320877075195
0,882,train,1.477461576461792,4.7004323656578134e-05,11.201455116271973
0,883,train,1.9041551351547241,4.699917644636607e-05,10.308732986450195
0,884,train,2.5461485385894775,4.699402923615401e-05,11.301251411437988
0,885,train,2.939868450164795,4.698888202594195e-05,17.71747398376465
0,886,train,2.1693317890167236,4.698373481572987e-05,9.645524024963379
0,887,train,2.246253490447998,4.697858760551781e-05,10.042854309082031
0,888,train,2.1228034496307373,4.6973440395305746e-05,12.191305160522461
0,889,train,2.4559268951416016,4.6968293185093683e-05,12.848878860473633
0,890,train,2.191971778869629,4.6963145974881614e-05,11.933241844177246
0,891,train,2.0521695613861084,4.695799876466955e-05,13.379612922668457
0,892,train,2.470205307006836,4.695285155445749e-05,9.683388710021973
0,893,train,2.4349021911621094,4.694770434424542e-05,10.306585311889648
0,894,train,2.194793939590454,4.694255713403336e-05,10.509232521057129
0,895,train,1.9009692668914795,4.693740992382129e-05,12.067155838012695
0,896,train,2.069004535675049,4.6932262713609226e-05,10.443936347961426
0,897,train,2.4925625324249268,4.6927115503397164e-05,14.690327644348145
0,898,train,2.145437240600586,4.69219682931851e-05,15.521143913269043
0,899,train,2.294069766998291,4.6916821082973025e-05,13.258454322814941
0,900,train,2.4331936836242676,4.691167387276096e-05,9.27906608581543
0,901,train,2.0333399772644043,4.69065266625489e-05,10.830679893493652
0,902,train,1.9800174236297607,4.690137945233684e-05,15.934783935546875
0,903,train,1.9832663536071777,4.689623224212477e-05,9.408461570739746
0,904,train,2.549513101577759,4.6891085031912706e-05,10.55590534210205
0,905,train,2.0289034843444824,4.6885937821700644e-05,10.933181762695312
0,906,train,2.058260202407837,4.6880790611488575e-05,9.271103858947754
0,907,train,2.3382396697998047,4.687564340127651e-05,11.573807716369629
0,908,train,1.86435866355896,4.687049619106444e-05,11.927420616149902
0,909,train,2.603649854660034,4.686534898085238e-05,11.010669708251953
0,910,train,2.238863468170166,4.686020177064032e-05,11.05737018585205
0,911,train,2.3789055347442627,4.685505456042825e-05,12.925577163696289
0,912,train,1.5920014381408691,4.684990735021618e-05,9.574560165405273
0,913,train,2.180447816848755,4.684476014000412e-05,11.727493286132812
0,914,train,2.2862839698791504,4.6839612929792055e-05,12.420454025268555
0,915,train,2.430344820022583,4.683446571957999e-05,8.069869041442871
0,916,train,2.2443137168884277,4.682931850936792e-05,13.23958683013916
0,917,train,1.9108233451843262,4.682417129915586e-05,9.567068099975586
0,918,train,1.5713211297988892,4.68190240889438e-05,9.77767276763916
0,919,train,1.6244208812713623,4.681387687873173e-05,10.072456359863281
0,920,train,1.608809471130371,4.680872966851966e-05,9.588818550109863
0,921,train,2.7222537994384766,4.68035824583076e-05,15.465653419494629
0,922,train,2.474560499191284,4.6798435248095535e-05,13.826870918273926
0,923,train,1.5120972394943237,4.679328803788347e-05,10.21120548248291
0,924,train,2.409242630004883,4.67881408276714e-05,12.871482849121094
0,925,train,2.673290252685547,4.6782993617459334e-05,11.420774459838867
0,926,train,2.248337745666504,4.677784640724727e-05,11.972031593322754
0,927,train,1.9417717456817627,4.677269919703521e-05,13.666705131530762
0,928,train,2.0024964809417725,4.676755198682315e-05,11.15888500213623
0,929,train,1.8996822834014893,4.676240477661108e-05,10.43537712097168
0,930,train,2.328687906265259,4.6757257566399015e-05,14.847798347473145
0,931,train,2.5194571018218994,4.675211035618695e-05,16.17003059387207
0,932,train,1.295318603515625,4.6746963145974884e-05,11.725151062011719
0,933,train,2.6324527263641357,4.6741815935762814e-05,12.69198989868164
0,934,train,2.0755226612091064,4.673666872555075e-05,16.480228424072266
0,935,train,2.208113431930542,4.673152151533869e-05,21.978511810302734
0,936,train,2.4248478412628174,4.672637430512663e-05,12.095478057861328
0,937,train,2.2044637203216553,4.672122709491456e-05,9.228018760681152
0,938,train,2.132261037826538,4.671607988470249e-05,11.602442741394043
0,939,train,1.9240230321884155,4.6710932674490426e-05,10.61520004272461
0,940,train,2.6307528018951416,4.6705785464278364e-05,12.791064262390137
0,941,train,2.112424850463867,4.6700638254066295e-05,13.387688636779785
0,942,train,1.6802325248718262,4.669549104385423e-05,9.876481056213379
0,943,train,2.283015012741089,4.669034383364217e-05,10.701740264892578
0,944,train,2.3402109146118164,4.668519662343011e-05,10.61661434173584
0,945,train,2.2701809406280518,4.668004941321804e-05,11.981619834899902
0,946,train,2.446462392807007,4.667490220300597e-05,10.259443283081055
0,947,train,2.2107021808624268,4.6669754992793906e-05,12.016080856323242
0,948,train,2.154292345046997,4.6664607782581844e-05,10.547910690307617
0,949,train,1.8304623365402222,4.665946057236978e-05,9.626169204711914
0,950,train,2.1651828289031982,4.665431336215771e-05,13.140692710876465
0,951,train,2.6865622997283936,4.664916615194564e-05,15.098926544189453
0,952,train,2.369438409805298,4.664401894173358e-05,10.648399353027344
0,953,train,2.3223490715026855,4.663887173152152e-05,14.227438926696777
0,954,train,2.3558192253112793,4.663372452130945e-05,12.586421966552734
0,955,train,2.027925968170166,4.6628577311097387e-05,9.514413833618164
0,956,train,2.767634153366089,4.6623430100885324e-05,10.87680721282959
0,957,train,1.639404058456421,4.661828289067326e-05,10.228180885314941
0,958,train,2.292632579803467,4.661313568046119e-05,12.950386047363281
0,959,train,1.997261881828308,4.660798847024912e-05,10.614548683166504
0,960,train,2.2650625705718994,4.660284126003706e-05,9.763297080993652
0,961,train,1.8307448625564575,4.6597694049825e-05,8.01917552947998
0,962,train,2.3117835521698,4.6592546839612936e-05,9.325800895690918
0,963,train,1.8909565210342407,4.658739962940087e-05,10.157829284667969
0,964,train,1.9757161140441895,4.65822524191888e-05,12.752643585205078
0,965,train,2.383641004562378,4.6577105208976735e-05,14.35367488861084
0,966,train,2.3595998287200928,4.657195799876467e-05,11.26756477355957
0,967,train,1.8879954814910889,4.6566810788552603e-05,11.233728408813477
0,968,train,1.8479843139648438,4.656166357834054e-05,12.218400001525879
0,969,train,1.923996925354004,4.655651636812848e-05,10.233120918273926
0,970,train,1.4640462398529053,4.6551369157916416e-05,10.205363273620605
0,971,train,1.7642112970352173,4.654622194770435e-05,7.182306289672852
0,972,train,1.6450567245483398,4.654107473749228e-05,9.372173309326172
0,973,train,2.2991178035736084,4.6535927527280215e-05,11.178906440734863
0,974,train,1.7422362565994263,4.653078031706815e-05,9.301076889038086
0,975,train,2.697300910949707,4.6525633106856084e-05,17.129858016967773
0,976,train,1.998860239982605,4.652048589664402e-05,9.31393051147461
0,977,train,1.6630803346633911,4.651533868643196e-05,10.969390869140625
0,978,train,2.3641772270202637,4.651019147621989e-05,13.869266510009766
0,979,train,2.2244999408721924,4.650504426600783e-05,11.592533111572266
0,980,train,2.341060161590576,4.649989705579576e-05,8.670443534851074
0,981,train,1.7763441801071167,4.6494749845583695e-05,11.227845191955566
0,982,train,2.099235773086548,4.648960263537163e-05,11.008859634399414
0,983,train,1.4384708404541016,4.648445542515957e-05,9.140198707580566
0,984,train,1.8829772472381592,4.64793082149475e-05,11.649537086486816
0,985,train,2.2894370555877686,4.647416100473543e-05,12.661210060119629
0,986,train,1.9245882034301758,4.646901379452337e-05,10.692425727844238
0,987,train,2.075136661529541,4.646386658431131e-05,11.870094299316406
0,988,train,2.171340227127075,4.645871937409924e-05,12.560885429382324
0,989,train,1.9342930316925049,4.6453572163887176e-05,8.045476913452148
0,990,train,2.076178550720215,4.644842495367511e-05,11.117997169494629
0,991,train,1.7640964984893799,4.6443277743463044e-05,8.810076713562012
0,992,train,1.5746759176254272,4.643813053325098e-05,8.517660140991211
0,993,train,1.8425527811050415,4.643298332303891e-05,10.212180137634277
0,994,train,2.516031265258789,4.642783611282685e-05,10.733821868896484
0,995,train,2.264248847961426,4.642268890261479e-05,12.373311042785645
0,996,train,1.9658540487289429,4.6417541692402725e-05,12.223196029663086
0,997,train,1.9513412714004517,4.6412394482190656e-05,13.885144233703613
0,998,train,2.169175624847412,4.640724727197859e-05,11.726774215698242
0,999,train,2.51568341255188,4.6402100061766524e-05,15.78735065460205
0,1000,train,2.5188968181610107,4.639695285155446e-05,15.014938354492188
0,1001,train,1.7265208959579468,4.639180564134239e-05,8.76037883758545
0,1002,train,2.313652515411377,4.638665843113033e-05,12.705937385559082
0,1003,train,1.6451274156570435,4.638151122091827e-05,10.704010963439941
0,1004,train,2.1217198371887207,4.63763640107062e-05,10.20702838897705
0,1005,train,1.8834521770477295,4.6371216800494136e-05,9.172008514404297
0,1006,train,1.9930102825164795,4.636606959028207e-05,9.13090991973877
0,1007,train,2.1603755950927734,4.6360922380070004e-05,10.184049606323242
0,1008,train,2.094348430633545,4.635577516985794e-05,10.24071216583252
0,1009,train,2.3685646057128906,4.635062795964587e-05,14.037238121032715
0,1010,train,2.143641471862793,4.634548074943381e-05,10.236242294311523
0,1011,train,1.9913289546966553,4.634033353922174e-05,9.743328094482422
0,1012,train,2.2280216217041016,4.633518632900968e-05,12.80404281616211
0,1013,train,1.797271728515625,4.6330039118797616e-05,8.682660102844238
0,1014,train,2.0674057006835938,4.632489190858555e-05,9.834866523742676
0,1015,train,2.6030988693237305,4.6319744698373485e-05,10.04663372039795
0,1016,train,1.2823402881622314,4.631459748816142e-05,6.9618401527404785
0,1017,train,1.813880205154419,4.630945027794935e-05,16.22797393798828
0,1018,train,1.9316117763519287,4.6304303067737284e-05,13.190821647644043
0,1019,train,1.9330416917800903,4.629915585752522e-05,13.384685516357422
0,1020,train,2.5516343116760254,4.629400864731316e-05,13.632025718688965
0,1021,train,2.168889284133911,4.6288861437101096e-05,15.106399536132812
0,1022,train,1.7778191566467285,4.628371422688903e-05,12.656655311584473
0,1023,train,2.6212525367736816,4.6278567016676965e-05,12.609073638916016
0,1024,train,2.4811460971832275,4.6273419806464896e-05,10.874434471130371
0,1025,train,2.1004583835601807,4.626827259625283e-05,8.359468460083008
0,1026,train,1.825981855392456,4.626312538604077e-05,8.177536964416504
0,1027,train,2.116191864013672,4.62579781758287e-05,12.340038299560547
0,1028,train,2.632005214691162,4.625283096561664e-05,16.46074867248535
0,1029,train,1.0818164348602295,4.624768375540458e-05,7.503687381744385
0,1030,train,2.126903772354126,4.624253654519251e-05,13.372162818908691
0,1031,train,1.68732488155365,4.623738933498044e-05,10.996758460998535
0,1032,train,2.009094715118408,4.6232242124768376e-05,10.313058853149414
0,1033,train,2.4466917514801025,4.622709491455631e-05,11.987957954406738
0,1034,train,1.941876769065857,4.622194770434425e-05,8.688855171203613
0,1035,train,1.9994878768920898,4.621680049413218e-05,11.172035217285156
0,1036,train,1.7083524465560913,4.621165328392012e-05,8.430351257324219
0,1037,train,2.226128339767456,4.620650607370805e-05,11.054837226867676
0,1038,train,2.0428683757781982,4.620135886349599e-05,7.9931464195251465
0,1039,train,2.3726630210876465,4.619621165328392e-05,11.868514060974121
0,1040,train,2.2964742183685303,4.6191064443071856e-05,16.88712501525879
0,1041,train,1.727916955947876,4.6185917232859794e-05,9.025437355041504
0,1042,train,2.3318960666656494,4.618077002264773e-05,11.898200035095215
0,1043,train,2.4196059703826904,4.617562281243566e-05,11.16374397277832
0,1044,train,2.3460071086883545,4.617047560222359e-05,11.592568397521973
0,1045,train,1.4854224920272827,4.616532839201153e-05,7.812649726867676
0,1046,train,1.9484813213348389,4.616018118179947e-05,9.6602201461792
0,1047,train,2.391616106033325,4.6155033971587405e-05,11.292357444763184
0,1048,train,1.8840018510818481,4.6149886761375336e-05,9.157346725463867
0,1049,train,1.8963218927383423,4.6144739551163274e-05,12.263089179992676
0,1050,train,1.948747158050537,4.6139592340951205e-05,11.219592094421387
0,1051,train,2.034130573272705,4.613444513073914e-05,9.447239875793457
0,1052,train,2.1094212532043457,4.612929792052707e-05,11.990194320678711
0,1053,train,1.7742819786071777,4.612415071031501e-05,11.934587478637695
0,1054,train,2.3017566204071045,4.611900350010295e-05,15.581534385681152
0,1055,train,1.8341468572616577,4.6113856289890886e-05,16.610036849975586
0,1056,train,1.9865058660507202,4.6108709079678816e-05,12.673943519592285
0,1057,train,2.28360652923584,4.610356186946675e-05,20.101009368896484
0,1058,train,1.8021745681762695,4.6098414659254685e-05,10.436659812927246
0,1059,train,2.0827534198760986,4.609326744904262e-05,10.73007869720459
0,1060,train,1.7630095481872559,4.608812023883056e-05,9.666284561157227
0,1061,train,1.5695114135742188,4.608297302861849e-05,9.626424789428711
0,1062,train,1.4133402109146118,4.607782581840643e-05,7.830124855041504
0,1063,train,2.4634294509887695,4.607267860819436e-05,13.29601001739502
0,1064,train,2.145190477371216,4.6067531397982297e-05,13.354025840759277
0,1065,train,2.4101808071136475,4.606238418777023e-05,10.265003204345703
0,1066,train,1.6536457538604736,4.6057236977558165e-05,9.123659133911133
0,1067,train,2.124511241912842,4.60520897673461e-05,11.149041175842285
0,1068,train,2.0889511108398438,4.604694255713404e-05,10.597635269165039
0,1069,train,2.119960069656372,4.604179534692197e-05,11.143367767333984
0,1070,train,1.920371413230896,4.60366481367099e-05,12.779500961303711
0,1071,train,2.131291389465332,4.603150092649784e-05,13.526238441467285
0,1072,train,1.5040473937988281,4.602635371628578e-05,10.173284530639648
0,1073,train,2.27929425239563,4.602120650607371e-05,8.565964698791504
0,1074,train,1.82696533203125,4.6016059295861645e-05,12.608928680419922
0,1075,train,2.1787638664245605,4.601091208564958e-05,12.682701110839844
0,1076,train,2.746401071548462,4.600576487543752e-05,11.77117919921875
0,1077,train,1.9830185174942017,4.600061766522545e-05,14.686823844909668
0,1078,train,2.1186392307281494,4.599547045501338e-05,13.244211196899414
0,1079,train,1.9812490940093994,4.599032324480132e-05,10.947905540466309
0,1080,train,2.195931911468506,4.598517603458926e-05,10.90854263305664
0,1081,train,2.667790412902832,4.5980028824377195e-05,13.702373504638672
0,1082,train,2.280848264694214,4.597488161416512e-05,14.999998092651367
0,1083,train,2.4588098526000977,4.5969734403953056e-05,12.517045021057129
0,1084,train,2.05470871925354,4.5964587193740994e-05,8.301875114440918
0,1085,train,1.9756728410720825,4.595943998352893e-05,14.230464935302734
0,1086,train,2.0937700271606445,4.595429277331686e-05,13.593133926391602
0,1087,train,2.072444438934326,4.59491455631048e-05,11.52631950378418
0,1088,train,2.0251269340515137,4.594399835289274e-05,10.789698600769043
0,1089,train,1.7187764644622803,4.5938851142680675e-05,9.715827941894531
0,1090,train,1.8237733840942383,4.5933703932468606e-05,9.25234603881836
0,1091,train,2.007861852645874,4.5928556722256536e-05,14.963237762451172
0,1092,train,2.001507520675659,4.5923409512044474e-05,10.08935546875
0,1093,train,2.172117233276367,4.591826230183241e-05,14.687518119812012
0,1094,train,2.1054787635803223,4.591311509162035e-05,9.312775611877441
0,1095,train,2.1515371799468994,4.590796788140827e-05,12.815218925476074
0,1096,train,2.2519006729125977,4.590282067119621e-05,10.890923500061035
0,1097,train,1.9912225008010864,4.589767346098415e-05,9.41812801361084
0,1098,train,2.306837797164917,4.5892526250772086e-05,10.79615306854248
0,1099,train,1.947396159172058,4.5887379040560017e-05,10.35828685760498
0,1100,train,2.363971471786499,4.5882231830347954e-05,9.748984336853027
0,1101,train,2.3541786670684814,4.587708462013589e-05,9.884122848510742
0,1102,train,1.7441401481628418,4.587193740992383e-05,9.639618873596191
0,1103,train,2.3597445487976074,4.586679019971176e-05,13.603119850158691
0,1104,train,2.3400697708129883,4.586164298949969e-05,13.513520240783691
0,1105,train,2.359231948852539,4.585649577928763e-05,7.205796718597412
0,1106,train,1.8392267227172852,4.5851348569075566e-05,7.836512565612793
0,1107,train,2.1027090549468994,4.58462013588635e-05,11.877695083618164
0,1108,train,2.1318283081054688,4.584105414865143e-05,10.258642196655273
0,1109,train,1.768786072731018,4.5835906938439365e-05,10.51966667175293
0,1110,train,2.0346014499664307,4.58307597282273e-05,14.749055862426758
0,1111,train,1.6422117948532104,4.582561251801524e-05,7.6919450759887695
0,1112,train,2.114525318145752,4.582046530780317e-05,10.185995101928711
0,1113,train,1.890608549118042,4.581531809759111e-05,11.021727561950684
0,1114,train,1.8233188390731812,4.5810170887379046e-05,8.492182731628418
0,1115,train,1.4674479961395264,4.5805023677166984e-05,10.319732666015625
0,1116,train,2.1588051319122314,4.579987646695491e-05,11.241130828857422
0,1117,train,1.9536007642745972,4.5794729256742845e-05,12.58220386505127
0,1118,train,2.462040662765503,4.578958204653078e-05,12.97739315032959
0,1119,train,2.142221450805664,4.578443483631872e-05,11.594171524047852
0,1120,train,2.0527567863464355,4.577928762610665e-05,13.049688339233398
0,1121,train,1.550708293914795,4.577414041589459e-05,11.145981788635254
0,1122,train,1.8040207624435425,4.576899320568252e-05,12.639729499816895
0,1123,train,1.5276538133621216,4.576384599547046e-05,8.876011848449707
0,1124,train,2.0091817378997803,4.5758698785258395e-05,10.684228897094727
0,1125,train,2.3092103004455566,4.5753551575046325e-05,13.848845481872559
0,1126,train,2.3271849155426025,4.574840436483426e-05,15.395027160644531
0,1127,train,2.588280200958252,4.57432571546222e-05,11.782364845275879
0,1128,train,2.2038066387176514,4.573810994441013e-05,13.995640754699707
0,1129,train,1.494320034980774,4.573296273419806e-05,10.226917266845703
0,1130,train,1.9927558898925781,4.5727815523986e-05,10.284026145935059
0,1131,train,1.966040015220642,4.572266831377394e-05,12.575573921203613
0,1132,train,2.273291826248169,4.5717521103561875e-05,12.835840225219727
0,1133,train,2.0859131813049316,4.5712373893349806e-05,10.423227310180664
0,1134,train,2.341146469116211,4.570722668313774e-05,10.014115333557129
0,1135,train,1.6960140466690063,4.5702079472925674e-05,9.98782730102539
0,1136,train,2.180040121078491,4.569693226271361e-05,11.803742408752441
0,1137,train,2.0885424613952637,4.569178505250154e-05,14.771512031555176
0,1138,train,1.356397271156311,4.568663784228948e-05,10.733410835266113
0,1139,train,2.6233177185058594,4.568149063207742e-05,13.439554214477539
0,1140,train,1.8908685445785522,4.5676343421865355e-05,9.632668495178223
0,1141,train,2.176164150238037,4.5671196211653286e-05,8.857873916625977
0,1142,train,2.0012288093566895,4.566604900144122e-05,6.654789924621582
0,1143,train,2.0675249099731445,4.5660901791229154e-05,12.985095024108887
0,1144,train,2.2403900623321533,4.565575458101709e-05,15.9223051071167
0,1145,train,1.9580045938491821,4.565060737080503e-05,9.89823055267334
0,1146,train,2.2893033027648926,4.564546016059296e-05,11.741026878356934
0,1147,train,1.9546903371810913,4.56403129503809e-05,13.448384284973145
0,1148,train,2.1754324436187744,4.563516574016883e-05,14.863029479980469
0,1149,train,1.9499471187591553,4.5630018529956766e-05,13.692793846130371
0,1150,train,1.9124501943588257,4.56248713197447e-05,9.296882629394531
0,1151,train,2.181663990020752,4.5619724109532634e-05,10.83121109008789
0,1152,train,1.902119755744934,4.561457689932057e-05,11.582777976989746
0,1153,train,1.7947938442230225,4.560942968910851e-05,10.687958717346191
0,1154,train,2.072596549987793,4.560428247889644e-05,10.13557243347168
0,1155,train,2.5124146938323975,4.559913526868437e-05,10.531188011169434
0,1156,train,1.790634274482727,4.559398805847231e-05,11.440664291381836
0,1157,train,1.7753791809082031,4.5588840848260246e-05,10.251837730407715
0,1158,train,2.222060441970825,4.5583693638048184e-05,11.997563362121582
0,1159,train,2.7839150428771973,4.5578546427836115e-05,7.714666843414307
0,1160,train,1.6455631256103516,4.557339921762405e-05,10.422367095947266
0,1161,train,2.0307388305664062,4.556825200741198e-05,10.879405975341797
0,1162,train,1.9519144296646118,4.556310479719992e-05,14.427592277526855
0,1163,train,1.7300218343734741,4.555795758698785e-05,9.234780311584473
0,1164,train,2.1973440647125244,4.555281037677579e-05,9.377426147460938
0,1165,train,2.459500312805176,4.5547663166563726e-05,9.16210651397705
0,1166,train,2.647472381591797,4.5542515956351664e-05,14.673768043518066
0,1167,train,1.9463390111923218,4.5537368746139595e-05,16.45110321044922
0,1168,train,2.099451780319214,4.5532221535927526e-05,11.000439643859863
0,1169,train,2.4579951763153076,4.552707432571546e-05,10.71216106414795
0,1170,train,2.084689140319824,4.55219271155034e-05,11.60251522064209
0,1171,train,2.144582509994507,4.551677990529133e-05,12.934645652770996
0,1172,train,2.5598342418670654,4.551163269507927e-05,11.720956802368164
0,1173,train,1.9166361093521118,4.5506485484867207e-05,10.476524353027344
0,1174,train,2.1190881729125977,4.550133827465514e-05,10.912580490112305
0,1175,train,2.6397581100463867,4.5496191064443075e-05,11.163944244384766
0,1176,train,2.0667884349823,4.5491043854231006e-05,12.133658409118652
0,1177,train,1.7726647853851318,4.548589664401894e-05,8.028374671936035
0,1178,train,1.8552725315093994,4.548074943380688e-05,10.116410255432129
0,1179,train,1.7057812213897705,4.547560222359482e-05,8.058828353881836
0,1180,train,1.8642572164535522,4.547045501338275e-05,11.848121643066406
0,1181,train,2.531480550765991,4.546530780317068e-05,9.931965827941895
0,1182,train,1.7724988460540771,4.546016059295862e-05,14.303670883178711
0,1183,train,2.1033241748809814,4.5455013382746555e-05,13.12248420715332
0,1184,train,1.9217581748962402,4.5449866172534486e-05,10.246119499206543
0,1185,train,2.0340728759765625,4.5444718962322424e-05,12.317590713500977
0,1186,train,1.5941592454910278,4.543957175211036e-05,10.222393989562988
0,1187,train,1.8322912454605103,4.543442454189829e-05,15.169561386108398
0,1188,train,1.8651829957962036,4.542927733168623e-05,13.029019355773926
0,1189,train,1.8405207395553589,4.542413012147416e-05,11.54287338256836
0,1190,train,1.8080096244812012,4.54189829112621e-05,10.006431579589844
0,1191,train,2.5258941650390625,4.5413835701050035e-05,11.06008529663086
0,1192,train,2.4183456897735596,4.5408688490837966e-05,11.597343444824219
0,1193,train,2.0080907344818115,4.5403541280625904e-05,9.526654243469238
0,1194,train,1.9735015630722046,4.5398394070413834e-05,12.545655250549316
0,1195,train,1.3457069396972656,4.539324686020177e-05,9.656664848327637
0,1196,train,2.3482494354248047,4.538809964998971e-05,11.86251163482666
0,1197,train,2.4264402389526367,4.538295243977764e-05,11.2700777053833
0,1198,train,1.756792664527893,4.537780522956558e-05,10.125205993652344
0,1199,train,1.8201855421066284,4.5372658019353516e-05,9.374480247497559
0,1200,train,2.250044584274292,4.5367510809141446e-05,11.001188278198242
0,1201,train,2.2907121181488037,4.536236359892938e-05,11.505912780761719
0,1202,train,2.4648067951202393,4.5357216388717315e-05,10.378515243530273
0,1203,train,2.0304789543151855,4.535206917850525e-05,9.440509796142578
0,1204,train,1.9596664905548096,4.534692196829319e-05,11.477457046508789
0,1205,train,1.976420283317566,4.534177475808112e-05,8.186747550964355
0,1206,train,2.5314040184020996,4.533662754786906e-05,12.551817893981934
0,1207,train,2.2672080993652344,4.5331480337656996e-05,12.943675994873047
0,1208,train,1.9557737112045288,4.5326333127444927e-05,9.652789115905762
0,1209,train,2.3939435482025146,4.5321185917232864e-05,7.6640849113464355
0,1210,train,2.3136935234069824,4.5316038707020795e-05,12.354987144470215
0,1211,train,1.8785550594329834,4.531089149680873e-05,9.749256134033203
0,1212,train,2.4760890007019043,4.530574428659667e-05,10.863842010498047
0,1213,train,2.5442752838134766,4.53005970763846e-05,12.565055847167969
0,1214,train,1.9509097337722778,4.529544986617253e-05,10.877412796020508
0,1215,train,2.3867685794830322,4.529030265596047e-05,15.086251258850098
0,1216,train,2.1132659912109375,4.528515544574841e-05,12.952714920043945
0,1217,train,2.30645751953125,4.5280008235536344e-05,7.631472587585449
0,1218,train,2.5448005199432373,4.5274861025324275e-05,10.751205444335938
0,1219,train,1.5296711921691895,4.526971381511221e-05,11.252360343933105
0,1220,train,1.9827898740768433,4.526456660490015e-05,10.323546409606934
0,1221,train,1.7839401960372925,4.525941939468808e-05,9.055778503417969
0,1222,train,2.1568257808685303,4.525427218447602e-05,10.22020435333252
0,1223,train,2.357473611831665,4.524912497426395e-05,10.138504028320312
0,1224,train,1.6774593591690063,4.524397776405189e-05,7.493653774261475
0,1225,train,2.193674087524414,4.5238830553839824e-05,11.71225357055664
0,1226,train,1.978875756263733,4.5233683343627755e-05,11.805191993713379
0,1227,train,2.205303907394409,4.5228536133415686e-05,9.668456077575684
0,1228,train,2.184317111968994,4.5223388923203624e-05,12.978013038635254
0,1229,train,2.391883134841919,4.521824171299156e-05,12.005791664123535
0,1230,train,2.1317474842071533,4.52130945027795e-05,13.047595024108887
0,1231,train,2.277480363845825,4.520794729256743e-05,11.664471626281738
0,1232,train,1.8091737031936646,4.520280008235537e-05,8.427957534790039
0,1233,train,2.4531755447387695,4.5197652872143305e-05,10.5050630569458
0,1234,train,2.028639078140259,4.5192505661931235e-05,14.727466583251953
0,1235,train,1.2378253936767578,4.5187358451719166e-05,8.713683128356934
0,1236,train,1.4787037372589111,4.5182211241507104e-05,10.351656913757324
0,1237,train,1.7316960096359253,4.517706403129504e-05,9.52127456665039
0,1238,train,1.8136882781982422,4.517191682108298e-05,11.641952514648438
0,1239,train,2.2776219844818115,4.516676961087091e-05,11.505155563354492
0,1240,train,2.125793933868408,4.516162240065884e-05,9.535372734069824
0,1241,train,2.254927396774292,4.515647519044678e-05,11.052205085754395
0,1242,train,1.7959872484207153,4.5151327980234716e-05,8.928146362304688
0,1243,train,1.5485345125198364,4.514618077002265e-05,9.89022445678711
0,1244,train,2.1159422397613525,4.5141033559810584e-05,10.124059677124023
0,1245,train,1.8081190586090088,4.513588634959852e-05,10.630660057067871
0,1246,train,1.5783467292785645,4.513073913938646e-05,9.48741340637207
0,1247,train,2.4112656116485596,4.512559192917439e-05,11.699400901794434
0,1248,train,2.0017948150634766,4.512044471896232e-05,12.101480484008789
0,1249,train,1.654051423072815,4.511529750875026e-05,7.820437431335449
0,1250,train,1.6941633224487305,4.5110150298538196e-05,9.57190227508545
0,1251,train,1.6965476274490356,4.5105003088326133e-05,10.907187461853027
0,1252,train,2.310614585876465,4.5099855878114064e-05,14.122434616088867
0,1253,train,1.6716583967208862,4.5094708667901995e-05,8.633827209472656
0,1254,train,2.3598124980926514,4.508956145768993e-05,11.585442543029785
0,1255,train,2.4477274417877197,4.508441424747787e-05,13.750740051269531
0,1256,train,1.9081345796585083,4.507926703726581e-05,10.617660522460938
0,1257,train,1.9707634449005127,4.507411982705374e-05,13.848359107971191
0,1258,train,1.622383952140808,4.5068972616841676e-05,13.803792953491211
0,1259,train,2.391155242919922,4.5063825406629614e-05,13.608386993408203
0,1260,train,1.9602234363555908,4.5058678196417544e-05,16.376691818237305
0,1261,train,1.847016453742981,4.5053530986205475e-05,12.195253372192383
0,1262,train,1.531735897064209,4.504838377599341e-05,10.601229667663574
0,1263,train,1.3014471530914307,4.504323656578135e-05,8.228623390197754
0,1264,train,1.8340734243392944,4.503808935556929e-05,9.330731391906738
0,1265,train,2.1762852668762207,4.503294214535722e-05,12.710700035095215
0,1266,train,1.5509625673294067,4.502779493514515e-05,10.580632209777832
0,1267,train,1.9146519899368286,4.502264772493309e-05,11.917542457580566
0,1268,train,2.6042304039001465,4.5017500514721025e-05,12.529284477233887
0,1269,train,2.1786341667175293,4.5012353304508955e-05,10.097696304321289
0,1270,train,2.2216269969940186,4.500720609429689e-05,13.983864784240723
0,1271,train,2.0464775562286377,4.500205888408483e-05,11.39826488494873
0,1272,train,2.2690510749816895,4.499691167387277e-05,14.64709186553955
0,1273,train,2.4688706398010254,4.49917644636607e-05,15.193005561828613
0,1274,train,1.5670245885849,4.498661725344863e-05,10.72412109375
0,1275,train,2.186277151107788,4.498147004323657e-05,10.08998966217041
0,1276,train,2.022885322570801,4.4976322833024505e-05,10.843621253967285
0,1277,train,1.3039613962173462,4.497117562281244e-05,8.126358032226562
0,1278,train,1.791088342666626,4.496602841260037e-05,12.306047439575195
0,1279,train,2.4485068321228027,4.4960881202388304e-05,13.944735527038574
0,1280,train,1.5168077945709229,4.495573399217624e-05,9.761333465576172
0,1281,train,2.128122329711914,4.495058678196418e-05,13.778730392456055
0,1282,train,1.5826374292373657,4.494543957175211e-05,9.693697929382324
0,1283,train,2.2115345001220703,4.494029236154005e-05,10.954869270324707
0,1284,train,2.3533873558044434,4.4935145151327985e-05,11.681974411010742
0,1285,train,1.2802913188934326,4.492999794111592e-05,9.35445785522461
0,1286,train,2.144921064376831,4.492485073090385e-05,12.464791297912598
0,1287,train,2.1951138973236084,4.4919703520691784e-05,13.671324729919434
0,1288,train,2.122180938720703,4.491455631047972e-05,9.029786109924316
0,1289,train,1.9729712009429932,4.490940910026766e-05,10.280858993530273
0,1290,train,2.318338632583618,4.490426189005559e-05,12.700207710266113
0,1291,train,2.4528303146362305,4.489911467984353e-05,12.270088195800781
0,1292,train,1.4695227146148682,4.489396746963146e-05,7.850958347320557
0,1293,train,2.1143887042999268,4.4888820259419396e-05,10.99970817565918
0,1294,train,2.022599220275879,4.4883673049207334e-05,13.13293170928955
0,1295,train,2.314284563064575,4.4878525838995264e-05,9.730056762695312
0,1296,train,2.5147171020507812,4.48733786287832e-05,14.684378623962402
0,1297,train,1.9394688606262207,4.486823141857114e-05,11.238971710205078
0,1298,train,1.9454296827316284,4.486308420835908e-05,10.494794845581055
0,1299,train,2.3364651203155518,4.4857936998147e-05,9.26317310333252
0,1300,train,1.778733730316162,4.485278978793494e-05,10.91209602355957
0,1301,train,2.522806406021118,4.4847642577722876e-05,14.919984817504883
0,1302,train,2.273113965988159,4.4842495367510814e-05,14.556931495666504
0,1303,train,1.6990081071853638,4.4837348157298745e-05,9.638919830322266
0,1304,train,1.8117506504058838,4.483220094708668e-05,12.291574478149414
0,1305,train,1.9811824560165405,4.482705373687461e-05,12.9442720413208
0,1306,train,2.0294885635375977,4.482190652666255e-05,10.724699974060059
0,1307,train,2.3764045238494873,4.481675931645049e-05,10.370153427124023
0,1308,train,2.556588649749756,4.481161210623842e-05,17.088884353637695
0,1309,train,1.8841348886489868,4.4806464896026356e-05,9.1368989944458
0,1310,train,2.4272916316986084,4.4801317685814294e-05,14.418167114257812
0,1311,train,1.6913838386535645,4.479617047560223e-05,8.875357627868652
0,1312,train,2.2141170501708984,4.4791023265390156e-05,16.26936149597168
0,1313,train,1.7008367776870728,4.478587605517809e-05,8.047728538513184
0,1314,train,2.3307535648345947,4.478072884496603e-05,12.057536125183105
0,1315,train,2.0667917728424072,4.477558163475397e-05,11.106705665588379
0,1316,train,1.6370126008987427,4.47704344245419e-05,11.007930755615234
0,1317,train,2.065430164337158,4.4765287214329837e-05,14.364578247070312
0,1318,train,1.7976795434951782,4.476014000411777e-05,9.308188438415527
0,1319,train,1.8500332832336426,4.4754992793905705e-05,8.678362846374512
0,1320,train,2.158473014831543,4.474984558369364e-05,18.4241943359375
0,1321,train,1.7846089601516724,4.474469837348157e-05,11.972454071044922
0,1322,train,2.20184588432312,4.473955116326951e-05,12.952845573425293
0,1323,train,1.590458869934082,4.473440395305745e-05,9.081477165222168
0,1324,train,1.584032654762268,4.472925674284538e-05,11.423903465270996
0,1325,train,1.8450998067855835,4.472410953263331e-05,10.140161514282227
0,1326,train,1.9837900400161743,4.471896232242125e-05,10.641071319580078
0,1327,train,2.123782157897949,4.4713815112209185e-05,10.820993423461914
0,1328,train,2.1241419315338135,4.470866790199712e-05,13.1050386428833
0,1329,train,1.7390388250350952,4.4703520691785053e-05,8.683188438415527
0,1330,train,1.7267311811447144,4.469837348157299e-05,12.577508926391602
0,1331,train,1.9764037132263184,4.469322627136092e-05,11.537812232971191
0,1332,train,1.4198017120361328,4.468807906114886e-05,12.130072593688965
0,1333,train,1.6700444221496582,4.468293185093679e-05,9.638707160949707
0,1334,train,1.5058811902999878,4.467778464072473e-05,8.71289348602295
0,1335,train,2.0370850563049316,4.4672637430512665e-05,10.613075256347656
0,1336,train,1.9463943243026733,4.46674902203006e-05,9.576214790344238
0,1337,train,1.4133713245391846,4.4662343010088534e-05,7.871138572692871
0,1338,train,2.227343797683716,4.4657195799876464e-05,11.267244338989258
0,1339,train,2.0760724544525146,4.46520485896644e-05,13.84675121307373
0,1340,train,1.652130126953125,4.464690137945234e-05,7.271328449249268
0,1341,train,2.9179327487945557,4.464175416924028e-05,15.382217407226562
0,1342,train,1.6820238828659058,4.463660695902821e-05,8.076742172241211
0,1343,train,2.5260424613952637,4.4631459748816145e-05,11.521851539611816
0,1344,train,2.3149852752685547,4.4626312538604076e-05,12.064811706542969
0,1345,train,2.209458827972412,4.4621165328392014e-05,10.687795639038086
0,1346,train,1.6267681121826172,4.4616018118179945e-05,9.841383934020996
0,1347,train,2.6320459842681885,4.461087090796788e-05,9.408121109008789
0,1348,train,2.7425553798675537,4.460572369775582e-05,10.443528175354004
0,1349,train,1.4006119966506958,4.460057648754376e-05,8.583066940307617
0,1350,train,2.3570587635040283,4.459542927733169e-05,10.366716384887695
0,1351,train,2.182765483856201,4.4590282067119626e-05,15.02458381652832
0,1352,train,2.1284899711608887,4.4585134856907556e-05,9.763947486877441
0,1353,train,1.9284353256225586,4.4579987646695494e-05,12.616393089294434
0,1354,train,2.3225576877593994,4.457484043648343e-05,14.17328929901123
0,1355,train,1.9536070823669434,4.456969322627136e-05,12.278969764709473
0,1356,train,1.1077697277069092,4.45645460160593e-05,7.572825908660889
0,1357,train,2.0990781784057617,4.455939880584723e-05,13.917482376098633
0,1358,train,1.4856826066970825,4.455425159563517e-05,7.826274394989014
0,1359,train,1.904641032218933,4.45491043854231e-05,11.93096923828125
0,1360,train,2.3152711391448975,4.454395717521104e-05,12.445348739624023
0,1361,train,1.1989396810531616,4.4538809964998974e-05,8.77881908416748
0,1362,train,1.6111018657684326,4.453366275478691e-05,10.862979888916016
0,1363,train,1.6855595111846924,4.452851554457484e-05,10.846091270446777
0,1364,train,1.9569199085235596,4.452336833436278e-05,10.942964553833008
0,1365,train,1.3000094890594482,4.451822112415071e-05,9.464569091796875
0,1366,train,2.0889503955841064,4.451307391393865e-05,13.04971694946289
0,1367,train,1.7020583152770996,4.450792670372658e-05,15.348997116088867
0,1368,train,1.880985140800476,4.450277949351452e-05,10.833074569702148
0,1369,train,1.8466912508010864,4.4497632283302454e-05,10.215455055236816
0,1370,train,1.6488460302352905,4.4492485073090385e-05,11.675532341003418
0,1371,train,1.257646918296814,4.448733786287832e-05,9.770885467529297
0,1372,train,1.7691168785095215,4.4482190652666254e-05,8.402898788452148
0,1373,train,1.5486313104629517,4.447704344245419e-05,8.804655075073242
0,1374,train,1.4915943145751953,4.447189623224213e-05,7.609143257141113
0,1375,train,2.8682761192321777,4.4466749022030066e-05,12.55445384979248
0,1376,train,2.4418892860412598,4.4461601811818e-05,10.735556602478027
0,1377,train,1.2975090742111206,4.4456454601605935e-05,7.333081245422363
0,1378,train,1.4479460716247559,4.4451307391393865e-05,13.1076021194458
0,1379,train,1.8414067029953003,4.44461601811818e-05,10.050747871398926
0,1380,train,2.2435131072998047,4.4441012970969734e-05,14.687711715698242
0,1381,train,1.671806812286377,4.443586576075767e-05,8.291851997375488
0,1382,train,2.6915476322174072,4.443071855054561e-05,15.238626480102539
0,1383,train,1.6601405143737793,4.442557134033354e-05,10.371450424194336
0,1384,train,2.2069687843322754,4.442042413012148e-05,13.262239456176758
0,1385,train,1.7638132572174072,4.441527691990941e-05,18.755136489868164
0,1386,train,2.0713095664978027,4.4410129709697346e-05,11.642903327941895
0,1387,train,1.5726778507232666,4.440498249948528e-05,9.208990097045898
0,1388,train,1.5897488594055176,4.4399835289273214e-05,10.297685623168945
0,1389,train,1.9602969884872437,4.439468807906115e-05,10.181639671325684
0,1390,train,1.2173123359680176,4.438954086884909e-05,7.938994407653809
0,1391,train,1.7625372409820557,4.438439365863702e-05,8.921998977661133
0,1392,train,2.0415196418762207,4.437924644842496e-05,10.353424072265625
0,1393,train,2.0274341106414795,4.437409923821289e-05,11.4032621383667
0,1394,train,1.486425518989563,4.4368952028000826e-05,9.479820251464844
0,1395,train,1.308165431022644,4.436380481778876e-05,6.464447975158691
0,1396,train,1.5135809183120728,4.43586576075767e-05,9.007879257202148
0,1397,train,2.014183282852173,4.4353510397364625e-05,12.663396835327148
0,1398,train,1.2347121238708496,4.434836318715256e-05,8.086390495300293
0,1399,train,1.4996520280838013,4.43432159769405e-05,9.746126174926758
0,1400,train,1.7789145708084106,4.433806876672844e-05,11.4423189163208
0,1401,train,2.651076316833496,4.433292155651637e-05,16.335744857788086
0,1402,train,2.880737781524658,4.4327774346304306e-05,17.936599731445312
0,1403,train,1.673012137413025,4.4322627136092244e-05,11.82406234741211
0,1404,train,2.2259888648986816,4.4317479925880174e-05,12.880075454711914
0,1405,train,2.0441081523895264,4.431233271566811e-05,12.029805183410645
0,1406,train,2.260772466659546,4.430718550545604e-05,12.880703926086426
0,1407,train,2.2188398838043213,4.430203829524398e-05,11.271899223327637
0,1408,train,1.821305513381958,4.429689108503192e-05,11.377477645874023
0,1409,train,1.994081974029541,4.4291743874819855e-05,12.002405166625977
0,1410,train,1.5173228979110718,4.428659666460778e-05,8.33108139038086
0,1411,train,1.7212718725204468,4.428144945439572e-05,11.863293647766113
0,1412,train,1.5479522943496704,4.4276302244183655e-05,8.671080589294434
0,1413,train,2.2856571674346924,4.427115503397159e-05,11.11902904510498
0,1414,train,1.5200526714324951,4.426600782375952e-05,11.023133277893066
0,1415,train,1.7411385774612427,4.426086061354746e-05,11.19792652130127
0,1416,train,2.436222553253174,4.42557134033354e-05,17.36743927001953
0,1417,train,1.5667612552642822,4.425056619312333e-05,6.95073938369751
0,1418,train,2.685811996459961,4.4245418982911266e-05,12.31754207611084
0,1419,train,1.7049098014831543,4.42402717726992e-05,13.177926063537598
0,1420,train,2.607046604156494,4.4235124562487135e-05,12.604216575622559
0,1421,train,2.001417398452759,4.422997735227507e-05,9.835623741149902
0,1422,train,2.1096351146698,4.4224830142063e-05,10.275449752807617
0,1423,train,1.9720187187194824,4.4219682931850934e-05,13.654935836791992
0,1424,train,2.103132963180542,4.421453572163887e-05,11.125478744506836
0,1425,train,1.774688720703125,4.420938851142681e-05,9.983638763427734
0,1426,train,2.431140661239624,4.4204241301214747e-05,12.684101104736328
0,1427,train,1.8636809587478638,4.419909409100268e-05,9.651707649230957
0,1428,train,2.062998056411743,4.4193946880790615e-05,13.573501586914062
0,1429,train,1.497025966644287,4.418879967057855e-05,8.316553115844727
0,1430,train,1.9358322620391846,4.418365246036648e-05,10.691179275512695
0,1431,train,2.423901081085205,4.4178505250154414e-05,12.33663558959961
0,1432,train,1.989637017250061,4.417335803994235e-05,11.468392372131348
0,1433,train,1.9571346044540405,4.416821082973029e-05,11.051796913146973
0,1434,train,2.646326780319214,4.416306361951823e-05,9.99341869354248
0,1435,train,1.639754056930542,4.415791640930616e-05,9.16689395904541
0,1436,train,2.420731544494629,4.415276919909409e-05,9.837648391723633
0,1437,train,2.2537386417388916,4.4147621988882026e-05,13.360011100769043
0,1438,train,1.4220712184906006,4.4142474778669963e-05,7.440170764923096
0,1439,train,2.0985593795776367,4.41373275684579e-05,12.665422439575195
0,1440,train,2.2966935634613037,4.413218035824583e-05,13.378954887390137
0,1441,train,1.9991271495819092,4.412703314803377e-05,12.66594409942627
0,1442,train,2.0405890941619873,4.412188593782171e-05,13.099793434143066
0,1443,train,1.3954330682754517,4.411673872760964e-05,11.11619758605957
0,1444,train,2.2726471424102783,4.411159151739757e-05,12.986467361450195
0,1445,train,1.6984633207321167,4.4106444307185506e-05,10.13276481628418
0,1446,train,1.8733350038528442,4.4101297096973444e-05,11.421529769897461
0,1447,train,1.7609806060791016,4.409614988676138e-05,12.432168006896973
0,1448,train,1.353963017463684,4.409100267654931e-05,9.022635459899902
0,1449,train,2.0917434692382812,4.408585546633724e-05,11.706611633300781
0,1450,train,1.7627278566360474,4.408070825612518e-05,8.437857627868652
0,1451,train,1.8419324159622192,4.407556104591312e-05,10.56534194946289
0,1452,train,1.9618878364562988,4.407041383570105e-05,11.01267147064209
0,1453,train,1.727561593055725,4.4065266625488986e-05,12.053169250488281
0,1454,train,2.061462879180908,4.4060119415276924e-05,11.363603591918945
0,1455,train,2.1537160873413086,4.405497220506486e-05,11.511148452758789
0,1456,train,2.7079219818115234,4.404982499485279e-05,10.247340202331543
0,1457,train,2.0322153568267822,4.404467778464072e-05,12.50488567352295
0,1458,train,1.6320371627807617,4.403953057442866e-05,9.414811134338379
0,1459,train,2.2885329723358154,4.40343833642166e-05,10.394027709960938
0,1460,train,2.420649290084839,4.4029236154004536e-05,12.066712379455566
0,1461,train,2.17232608795166,4.4024088943792466e-05,13.969053268432617
0,1462,train,2.003107786178589,4.40189417335804e-05,9.225923538208008
0,1463,train,1.289773941040039,4.4013794523368335e-05,10.012828826904297
0,1464,train,2.060380220413208,4.400864731315627e-05,8.59833812713623
0,1465,train,2.001736879348755,4.40035001029442e-05,9.32022762298584
0,1466,train,2.373234272003174,4.399835289273214e-05,11.00645923614502
0,1467,train,2.085514783859253,4.399320568252008e-05,12.011065483093262
0,1468,train,2.215787649154663,4.3988058472308016e-05,11.98883056640625
0,1469,train,1.6750706434249878,4.398291126209595e-05,7.0674872398376465
0,1470,train,1.8181315660476685,4.397776405188388e-05,9.337764739990234
0,1471,train,1.92490816116333,4.3972616841671815e-05,8.848854064941406
0,1472,train,2.3662641048431396,4.396746963145975e-05,9.36105728149414
0,1473,train,1.2672638893127441,4.396232242124769e-05,6.862746238708496
0,1474,train,2.205134630203247,4.395717521103562e-05,11.70206069946289
0,1475,train,1.7356071472167969,4.395202800082355e-05,11.200345039367676
0,1476,train,2.317405939102173,4.394688079061149e-05,12.60435962677002
0,1477,train,2.597130537033081,4.394173358039943e-05,11.227508544921875
0,1478,train,1.5127555131912231,4.393658637018736e-05,10.976439476013184
0,1479,train,1.885696291923523,4.3931439159975295e-05,9.702392578125
0,1480,train,2.5131261348724365,4.392629194976323e-05,12.210432052612305
0,1481,train,1.6772593259811401,4.392114473955117e-05,11.111715316772461
0,1482,train,1.6042871475219727,4.39159975293391e-05,11.218704223632812
0,1483,train,2.379502296447754,4.391085031912703e-05,14.331859588623047
0,1484,train,1.9013632535934448,4.390570310891497e-05,8.867827415466309
0,1485,train,1.9871387481689453,4.390055589870291e-05,12.320261001586914
0,1486,train,1.7581318616867065,4.389540868849084e-05,8.721561431884766
0,1487,train,1.674938440322876,4.3890261478278775e-05,12.016057014465332
0,1488,train,1.7437105178833008,4.3885114268066706e-05,13.182073593139648
0,1489,train,2.056565761566162,4.3879967057854644e-05,12.380082130432129
0,1490,train,1.8008040189743042,4.387481984764258e-05,9.512443542480469
0,1491,train,2.538503646850586,4.386967263743051e-05,10.589855194091797
0,1492,train,2.507403612136841,4.386452542721845e-05,10.004137992858887
0,1493,train,1.9819260835647583,4.385937821700639e-05,9.816088676452637
0,1494,train,1.824113130569458,4.3854231006794325e-05,10.089649200439453
0,1495,train,1.8886202573776245,4.3849083796582256e-05,10.052949905395508
0,1496,train,1.9061275720596313,4.3843936586370186e-05,11.413305282592773
0,1497,train,1.601576566696167,4.3838789376158124e-05,9.482900619506836
0,1498,train,2.3478097915649414,4.383364216594606e-05,9.990670204162598
0,1499,train,2.149249315261841,4.382849495573399e-05,9.916376113891602
0,1500,train,1.8175005912780762,4.382334774552193e-05,9.026898384094238
0,1501,train,2.473626136779785,4.381820053530986e-05,11.849101066589355
0,1502,train,1.8377108573913574,4.38130533250978e-05,11.048927307128906
0,1503,train,1.9659266471862793,4.3807906114885736e-05,12.350423812866211
0,1504,train,2.7834320068359375,4.380275890467367e-05,11.029823303222656
0,1505,train,2.497480869293213,4.3797611694461604e-05,13.903841972351074
0,1506,train,1.473410964012146,4.379246448424954e-05,9.568572044372559
0,1507,train,2.374774694442749,4.378731727403748e-05,14.323498725891113
0,1508,train,1.4451740980148315,4.378217006382541e-05,11.062958717346191
0,1509,train,2.3314123153686523,4.377702285361334e-05,12.137170791625977
0,1510,train,1.9076348543167114,4.377187564340128e-05,8.741050720214844
0,1511,train,1.883924126625061,4.3766728433189216e-05,11.527860641479492
0,1512,train,1.8208494186401367,4.376158122297715e-05,10.754524230957031
0,1513,train,2.2790703773498535,4.3756434012765084e-05,11.083917617797852
0,1514,train,2.1259796619415283,4.3751286802553015e-05,10.611915588378906
0,1515,train,2.046513080596924,4.374613959234095e-05,11.273948669433594
0,1516,train,1.8349065780639648,4.374099238212889e-05,9.709136962890625
0,1517,train,2.2543692588806152,4.373584517191682e-05,10.982782363891602
0,1518,train,1.751268744468689,4.373069796170476e-05,10.000015258789062
0,1519,train,2.0799460411071777,4.3725550751492696e-05,10.745599746704102
0,1520,train,2.6098997592926025,4.372040354128063e-05,11.359548568725586
0,1521,train,1.4606876373291016,4.3715256331068565e-05,8.005254745483398
0,1522,train,1.6585521697998047,4.3710109120856495e-05,10.924530982971191
0,1523,train,1.7713305950164795,4.370496191064443e-05,8.601250648498535
0,1524,train,1.665478229522705,4.369981470043237e-05,11.153106689453125
0,1525,train,1.9346429109573364,4.36946674902203e-05,8.772574424743652
0,1526,train,2.102452516555786,4.368952028000824e-05,11.764365196228027
0,1527,train,2.2908668518066406,4.368437306979617e-05,15.190762519836426
0,1528,train,1.7413737773895264,4.367922585958411e-05,14.187902450561523
0,1529,train,1.7457537651062012,4.367407864937204e-05,10.631887435913086
0,1530,train,1.2771070003509521,4.3668931439159976e-05,9.729392051696777
0,1531,train,2.446460008621216,4.366378422894791e-05,12.526253700256348
0,1532,train,2.656123399734497,4.365863701873585e-05,12.000314712524414
0,1533,train,1.4003640413284302,4.365348980852378e-05,7.8766560554504395
0,1534,train,1.9089959859848022,4.364834259831172e-05,8.784136772155762
0,1535,train,1.8315569162368774,4.364319538809965e-05,11.870952606201172
0,1536,train,1.4354653358459473,4.363804817788759e-05,8.13403606414795
0,1537,train,1.626175045967102,4.3632900967675525e-05,9.384466171264648
0,1538,train,1.7353781461715698,4.3627753757463456e-05,6.587704181671143
0,1539,train,2.4061877727508545,4.362260654725139e-05,10.882864952087402
0,1540,train,2.428349733352661,4.3617459337039324e-05,13.143241882324219
0,1541,train,1.5484294891357422,4.361231212682726e-05,8.3209228515625
0,1542,train,1.7209380865097046,4.360716491661519e-05,10.962530136108398
0,1543,train,2.088045358657837,4.360201770640313e-05,11.968355178833008
0,1544,train,1.8454691171646118,4.359687049619107e-05,9.858541488647461
0,1545,train,1.745607614517212,4.3591723285979005e-05,10.604618072509766
0,1546,train,2.4028470516204834,4.3586576075766936e-05,11.904930114746094
0,1547,train,1.8255434036254883,4.3581428865554874e-05,10.324821472167969
0,1548,train,2.0269663333892822,4.3576281655342804e-05,8.100439071655273
0,1549,train,2.9157814979553223,4.357113444513074e-05,13.200488090515137
0,1550,train,1.950574517250061,4.356598723491867e-05,12.790818214416504
0,1551,train,1.7417123317718506,4.356084002470661e-05,9.475237846374512
0,1552,train,1.9260505437850952,4.355569281449455e-05,12.064560890197754
0,1553,train,1.7030107975006104,4.355054560428248e-05,13.16566276550293
0,1554,train,2.3157896995544434,4.3545398394070416e-05,12.243294715881348
0,1555,train,1.7799382209777832,4.354025118385835e-05,8.846746444702148
0,1556,train,2.316970109939575,4.3535103973646284e-05,8.426819801330566
0,1557,train,2.261897563934326,4.352995676343422e-05,12.119453430175781
0,1558,train,2.231952667236328,4.352480955322216e-05,12.605661392211914
0,1559,train,1.503292202949524,4.351966234301009e-05,9.402539253234863
0,1560,train,2.148327589035034,4.351451513279803e-05,12.171271324157715
0,1561,train,2.126086950302124,4.350936792258596e-05,12.937790870666504
0,1562,train,1.4287805557250977,4.3504220712373896e-05,7.431459903717041
0,1563,train,1.6885441541671753,4.349907350216183e-05,12.416975975036621
0,1564,train,1.6170777082443237,4.3493926291949765e-05,8.685078620910645
0,1565,train,1.6874860525131226,4.34887790817377e-05,13.356706619262695
0,1566,train,2.122446060180664,4.348363187152563e-05,11.528742790222168
0,1567,train,1.8501250743865967,4.347848466131357e-05,11.502387046813965
0,1568,train,1.8453668355941772,4.34733374511015e-05,9.260499000549316
0,1569,train,1.6849080324172974,4.346819024088944e-05,10.515151977539062
0,1570,train,1.4695261716842651,4.3463043030677377e-05,11.336882591247559
0,1571,train,1.5995372533798218,4.3457895820465314e-05,11.594869613647461
0,1572,train,2.0377519130706787,4.3452748610253245e-05,11.178537368774414
0,1573,train,1.248795747756958,4.344760140004118e-05,9.028576850891113
0,1574,train,1.7323907613754272,4.344245418982911e-05,10.546963691711426
0,1575,train,1.8992626667022705,4.343730697961705e-05,16.30577278137207
0,1576,train,1.8901008367538452,4.343215976940498e-05,11.92873477935791
0,1577,train,2.363081216812134,4.342701255919292e-05,10.272989273071289
0,1578,train,1.9783754348754883,4.342186534898086e-05,10.708605766296387
0,1579,train,2.6528804302215576,4.341671813876879e-05,12.653524398803711
0,1580,train,2.212548017501831,4.3411570928556725e-05,13.334019660949707
0,1581,train,2.89064359664917,4.3406423718344656e-05,12.0081787109375
0,1582,train,1.649742841720581,4.3401276508132593e-05,9.65528392791748
0,1583,train,2.1754252910614014,4.339612929792053e-05,14.864106178283691
0,1584,train,2.1475954055786133,4.339098208770846e-05,13.610350608825684
0,1585,train,1.881066083908081,4.33858348774964e-05,9.95174789428711
0,1586,train,1.7261043787002563,4.338068766728434e-05,9.315680503845215
0,1587,train,1.772792100906372,4.3375540457072274e-05,11.892138481140137
0,1588,train,1.6263600587844849,4.3370393246860205e-05,9.895865440368652
0,1589,train,2.0613484382629395,4.3365246036648136e-05,9.56222152709961
0,1590,train,1.5158146619796753,4.3360098826436074e-05,10.476974487304688
0,1591,train,1.7518357038497925,4.335495161622401e-05,8.869564056396484
0,1592,train,2.026646137237549,4.334980440601194e-05,13.110989570617676
0,1593,train,1.4723601341247559,4.334465719579987e-05,8.607809066772461
0,1594,train,2.2768805027008057,4.333950998558781e-05,12.610620498657227
0,1595,train,2.5464284420013428,4.333436277537575e-05,11.327947616577148
0,1596,train,2.156035900115967,4.3329215565163685e-05,11.607345581054688
0,1597,train,1.7857192754745483,4.3324068354951616e-05,9.022759437561035
0,1598,train,1.837625503540039,4.3318921144739554e-05,10.300215721130371
0,1599,train,2.1449875831604004,4.331377393452749e-05,13.577219009399414
0,1600,train,1.8421292304992676,4.330862672431543e-05,10.300503730773926
0,1601,train,1.897055745124817,4.330347951410336e-05,11.06702995300293
0,1602,train,2.035878896713257,4.329833230389129e-05,10.979131698608398
0,1603,train,2.056015968322754,4.329318509367923e-05,14.329265594482422
0,1604,train,1.6809852123260498,4.3288037883467166e-05,9.737800598144531
0,1605,train,2.0468907356262207,4.3282890673255096e-05,12.406551361083984
0,1606,train,2.0268657207489014,4.327774346304303e-05,13.483624458312988
0,1607,train,1.880871057510376,4.3272596252830965e-05,7.749561309814453
0,1608,train,2.4789347648620605,4.32674490426189e-05,14.22044563293457
0,1609,train,1.9462246894836426,4.326230183240684e-05,10.820569038391113
0,1610,train,1.9251317977905273,4.325715462219477e-05,11.820623397827148
0,1611,train,2.438514232635498,4.325200741198271e-05,10.467105865478516
0,1612,train,1.8035950660705566,4.3246860201770646e-05,8.011754035949707
0,1613,train,2.029653787612915,4.3241712991558583e-05,15.838394165039062
0,1614,train,1.848538875579834,4.323656578134651e-05,10.888124465942383
0,1615,train,1.8574272394180298,4.3231418571134445e-05,10.298593521118164
0,1616,train,2.5226125717163086,4.322627136092238e-05,11.708038330078125
0,1617,train,2.1531481742858887,4.322112415071032e-05,11.463370323181152
0,1618,train,2.115854501724243,4.321597694049825e-05,12.763216972351074
0,1619,train,1.5946333408355713,4.321082973028618e-05,11.123773574829102
0,1620,train,1.6686195135116577,4.320568252007412e-05,13.532485008239746
0,1621,train,2.2098500728607178,4.320053530986206e-05,13.936039924621582
0,1622,train,2.2998766899108887,4.3195388099649994e-05,16.20161247253418
0,1623,train,2.13765287399292,4.3190240889437925e-05,12.700424194335938
0,1624,train,1.7105028629302979,4.318509367922586e-05,9.425416946411133
0,1625,train,2.3659961223602295,4.31799464690138e-05,13.014244079589844
0,1626,train,2.1787896156311035,4.317479925880174e-05,11.605256080627441
0,1627,train,1.3723704814910889,4.316965204858966e-05,8.704080581665039
0,1628,train,2.139382839202881,4.31645048383776e-05,10.838957786560059
0,1629,train,1.295830488204956,4.315935762816554e-05,7.613095760345459
0,1630,train,1.2887977361679077,4.3154210417953475e-05,8.4315185546875
0,1631,train,1.4779431819915771,4.3149063207741405e-05,8.935410499572754
0,1632,train,1.6010799407958984,4.3143915997529336e-05,12.13272762298584
0,1633,train,1.816311240196228,4.3138768787317274e-05,11.327924728393555
0,1634,train,1.7134870290756226,4.313362157710521e-05,8.137582778930664
0,1635,train,1.8983187675476074,4.312847436689315e-05,17.408184051513672
0,1636,train,1.6209734678268433,4.312332715668108e-05,10.175525665283203
0,1637,train,1.9598898887634277,4.311817994646902e-05,13.34752368927002
0,1638,train,1.447638988494873,4.3113032736256955e-05,8.550772666931152
0,1639,train,2.2558298110961914,4.3107885526044886e-05,11.609884262084961
0,1640,train,2.019143581390381,4.3102738315832816e-05,11.076221466064453
0,1641,train,1.880689263343811,4.3097591105620754e-05,12.042235374450684
0,1642,train,1.610080361366272,4.309244389540869e-05,13.077874183654785
0,1643,train,2.518834352493286,4.308729668519663e-05,10.515671730041504
0,1644,train,1.6180522441864014,4.308214947498456e-05,9.171860694885254
0,1645,train,1.7867814302444458,4.307700226477249e-05,10.448490142822266
0,1646,train,1.832797646522522,4.307185505456043e-05,8.878059387207031
0,1647,train,2.0345299243927,4.3066707844348366e-05,7.400094032287598
0,1648,train,2.3024849891662598,4.3061560634136297e-05,13.850659370422363
0,1649,train,1.5524606704711914,4.3056413423924234e-05,10.741665840148926
0,1650,train,1.862230896949768,4.305126621371217e-05,10.693260192871094
0,1651,train,1.919753074645996,4.304611900350011e-05,12.36444091796875
0,1652,train,2.231872797012329,4.304097179328804e-05,8.37964916229248
0,1653,train,2.273923635482788,4.303582458307597e-05,12.35142993927002
0,1654,train,2.0807883739471436,4.303067737286391e-05,9.750384330749512
0,1655,train,2.5457284450531006,4.3025530162651846e-05,10.337403297424316
0,1656,train,1.7074191570281982,4.3020382952439784e-05,10.879695892333984
0,1657,train,2.0882558822631836,4.3015235742227714e-05,12.129582405090332
0,1658,train,2.247814416885376,4.3010088532015645e-05,11.0565767288208
0,1659,train,1.6448521614074707,4.300494132180358e-05,12.10943603515625
0,1660,train,1.8710883855819702,4.299979411159152e-05,9.993158340454102
0,1661,train,1.6986430883407593,4.299464690137945e-05,10.423110008239746
0,1662,train,2.6935904026031494,4.298949969116739e-05,17.395444869995117
0,1663,train,1.2308884859085083,4.2984352480955326e-05,12.043503761291504
0,1664,train,1.9839537143707275,4.2979205270743264e-05,12.39735221862793
0,1665,train,1.803048849105835,4.2974058060531195e-05,9.926019668579102
0,1666,train,2.411580801010132,4.2968910850319125e-05,16.52292251586914
0,1667,train,2.1450979709625244,4.296376364010706e-05,12.805164337158203
0,1668,train,1.9885787963867188,4.2958616429895e-05,14.564838409423828
0,1669,train,1.4041707515716553,4.295346921968294e-05,8.89252758026123
0,1670,train,2.023955821990967,4.294832200947087e-05,10.055953025817871
0,1671,train,2.27200984954834,4.29431747992588e-05,12.635223388671875
0,1672,train,1.453863263130188,4.293802758904674e-05,11.973691940307617
0,1673,train,2.413398265838623,4.2932880378834675e-05,14.328022956848145
0,1674,train,2.0964670181274414,4.2927733168622605e-05,9.882439613342285
0,1675,train,1.7998020648956299,4.292258595841054e-05,9.382081031799316
0,1676,train,1.86910879611969,4.291743874819848e-05,14.70366382598877
0,1677,train,2.3133533000946045,4.291229153798642e-05,9.769454002380371
0,1678,train,2.2765631675720215,4.290714432777435e-05,15.994392395019531
0,1679,train,1.7370669841766357,4.290199711756228e-05,10.316813468933105
0,1680,train,1.2413349151611328,4.289684990735022e-05,9.417362213134766
0,1681,train,1.519973635673523,4.2891702697138155e-05,8.001958847045898
0,1682,train,2.2621207237243652,4.2886555486926086e-05,11.128130912780762
0,1683,train,1.4742687940597534,4.288140827671402e-05,7.636816501617432
0,1684,train,1.8940054178237915,4.2876261066501954e-05,9.544713020324707
0,1685,train,1.2916524410247803,4.287111385628989e-05,9.129837036132812
0,1686,train,1.9003134965896606,4.286596664607783e-05,10.75169849395752
0,1687,train,2.2734246253967285,4.286081943586576e-05,9.961603164672852
0,1688,train,1.8423019647598267,4.28556722256537e-05,15.524371147155762
0,1689,train,1.3028161525726318,4.2850525015441635e-05,6.334689140319824
0,1690,train,2.2704968452453613,4.284537780522957e-05,12.599533081054688
0,1691,train,1.710831880569458,4.2840230595017503e-05,9.468441009521484
0,1692,train,1.8210009336471558,4.2835083384805434e-05,10.759303092956543
0,1693,train,1.5022000074386597,4.282993617459337e-05,11.049330711364746
0,1694,train,2.0140092372894287,4.282478896438131e-05,12.341020584106445
0,1695,train,1.324173927307129,4.281964175416924e-05,8.14697265625
0,1696,train,1.9233779907226562,4.281449454395718e-05,12.95484447479248
0,1697,train,2.590484142303467,4.280934733374511e-05,12.193903923034668
0,1698,train,1.6479861736297607,4.2804200123533046e-05,8.410846710205078
0,1699,train,2.6372945308685303,4.2799052913320984e-05,11.929821014404297
0,1700,train,1.9963728189468384,4.2793905703108914e-05,9.007126808166504
0,1701,train,1.8198779821395874,4.278875849289685e-05,11.829034805297852
0,1702,train,2.205488681793213,4.278361128268479e-05,12.899333000183105
0,1703,train,2.7476398944854736,4.277846407247272e-05,15.331082344055176
0,1704,train,2.0887532234191895,4.277331686226066e-05,9.051284790039062
0,1705,train,2.4636716842651367,4.276816965204859e-05,10.023454666137695
0,1706,train,1.7978696823120117,4.2763022441836526e-05,9.209698677062988
0,1707,train,2.7394747734069824,4.2757875231624464e-05,12.358837127685547
0,1708,train,2.134948492050171,4.2752728021412395e-05,17.711938858032227
0,1709,train,1.8872407674789429,4.274758081120033e-05,16.29383087158203
0,1710,train,1.4577323198318481,4.274243360098826e-05,9.878015518188477
0,1711,train,2.078388214111328,4.27372863907762e-05,10.217080116271973
0,1712,train,2.3130531311035156,4.273213918056413e-05,15.425289154052734
0,1713,train,2.025076150894165,4.272699197035207e-05,9.761012077331543
0,1714,train,2.033802032470703,4.2721844760140006e-05,10.15200424194336
0,1715,train,1.6800296306610107,4.2716697549927944e-05,8.464463233947754
0,1716,train,2.1528103351593018,4.2711550339715875e-05,12.966667175292969
0,1717,train,2.050107717514038,4.270640312950381e-05,13.604456901550293
0,1718,train,1.548559308052063,4.270125591929174e-05,9.130949020385742
0,1719,train,2.3008084297180176,4.269610870907968e-05,10.648601531982422
0,1720,train,2.355034828186035,4.269096149886762e-05,11.97281551361084
0,1721,train,1.734635829925537,4.268581428865555e-05,11.491438865661621
0,1722,train,1.7990283966064453,4.268066707844349e-05,13.827116966247559
0,1723,train,2.5430171489715576,4.267551986823142e-05,11.064324378967285
0,1724,train,1.590184211730957,4.2670372658019355e-05,7.798133373260498
0,1725,train,2.204824686050415,4.2665225447807286e-05,13.64847183227539
0,1726,train,2.13201642036438,4.266007823759522e-05,11.161571502685547
0,1727,train,1.8524491786956787,4.265493102738316e-05,8.918704986572266
0,1728,train,2.03741192817688,4.26497838171711e-05,9.752764701843262
0,1729,train,1.9961801767349243,4.264463660695903e-05,8.616609573364258
0,1730,train,2.0430405139923096,4.263948939674697e-05,10.679015159606934
0,1731,train,2.0059542655944824,4.2634342186534904e-05,10.031244277954102
0,1732,train,2.056518077850342,4.2629194976322835e-05,12.27197551727295
0,1733,train,1.9019439220428467,4.262404776611077e-05,10.537196159362793
0,1734,train,1.8537678718566895,4.2618900555898704e-05,9.098748207092285
0,1735,train,2.1193153858184814,4.261375334568664e-05,12.105947494506836
0,1736,train,1.8662203550338745,4.260860613547457e-05,12.687457084655762
0,1737,train,1.7938358783721924,4.260345892526251e-05,11.375184059143066
0,1738,train,2.1781556606292725,4.259831171505044e-05,12.54669189453125
0,1739,train,2.2202601432800293,4.259316450483838e-05,15.427172660827637
0,1740,train,1.7960305213928223,4.2588017294626315e-05,8.761363983154297
0,1741,train,1.8726383447647095,4.258287008441425e-05,11.520136833190918
0,1742,train,1.966110110282898,4.2577722874202184e-05,10.102553367614746
0,1743,train,2.3664917945861816,4.257257566399012e-05,13.423727989196777
0,1744,train,2.2539761066436768,4.256742845377806e-05,12.424663543701172
0,1745,train,2.4063539505004883,4.256228124356599e-05,10.538680076599121
0,1746,train,2.132911205291748,4.255713403335392e-05,11.94859504699707
0,1747,train,1.9418312311172485,4.255198682314186e-05,10.445176124572754
0,1748,train,2.3356096744537354,4.2546839612929796e-05,12.450244903564453
0,1749,train,1.8991889953613281,4.254169240271773e-05,10.74700927734375
0,1750,train,2.8198609352111816,4.2536545192505664e-05,12.867286682128906
0,1751,train,2.5773556232452393,4.2531397982293595e-05,14.322946548461914
0,1752,train,1.875293254852295,4.252625077208153e-05,8.384095191955566
0,1753,train,2.132395029067993,4.252110356186947e-05,11.55434513092041
0,1754,train,1.456447958946228,4.251595635165741e-05,9.591265678405762
0,1755,train,1.3654156923294067,4.251080914144534e-05,8.456875801086426
0,1756,train,1.8640272617340088,4.2505661931233276e-05,15.328097343444824
0,1757,train,1.9394468069076538,4.250051472102121e-05,9.369606018066406
0,1758,train,2.0411128997802734,4.2495367510809144e-05,12.314586639404297
0,1759,train,2.5115818977355957,4.2490220300597075e-05,11.619645118713379
0,1760,train,1.99581778049469,4.248507309038501e-05,10.01378059387207
0,1761,train,2.6588051319122314,4.247992588017295e-05,14.588303565979004
0,1762,train,1.5158294439315796,4.247477866996089e-05,9.770609855651855
0,1763,train,1.2779773473739624,4.246963145974882e-05,14.386773109436035
0,1764,train,1.248243808746338,4.246448424953675e-05,8.303061485290527
0,1765,train,2.070842742919922,4.245933703932469e-05,12.201923370361328
0,1766,train,2.2080163955688477,4.2454189829112624e-05,12.94288444519043
0,1767,train,1.4376529455184937,4.244904261890056e-05,6.811794281005859
0,1768,train,1.6231179237365723,4.244389540868849e-05,11.712568283081055
0,1769,train,1.5501008033752441,4.243874819847643e-05,9.039430618286133
0,1770,train,1.3079615831375122,4.243360098826437e-05,9.650330543518066
0,1771,train,2.4977095127105713,4.24284537780523e-05,12.933801651000977
0,1772,train,1.8433927297592163,4.242330656784023e-05,11.832788467407227
0,1773,train,1.6138584613800049,4.241815935762817e-05,7.014331340789795
0,1774,train,1.839082956314087,4.2413012147416105e-05,9.572380065917969
0,1775,train,1.6019655466079712,4.240786493720404e-05,12.311930656433105
0,1776,train,2.0853066444396973,4.240271772699197e-05,13.468347549438477
0,1777,train,1.8886808156967163,4.2397570516779904e-05,11.48268985748291
0,1778,train,2.150297164916992,4.239242330656784e-05,10.663887023925781
0,1779,train,1.9115104675292969,4.238727609635578e-05,12.612595558166504
0,1780,train,1.8628851175308228,4.238212888614371e-05,10.522903442382812
0,1781,train,1.379158616065979,4.237698167593165e-05,8.596769332885742
0,1782,train,2.0274417400360107,4.2371834465719585e-05,13.387242317199707
0,1783,train,2.226243495941162,4.236668725550752e-05,11.912199974060059
0,1784,train,2.606274127960205,4.236154004529545e-05,12.439361572265625
0,1785,train,2.1435799598693848,4.2356392835083384e-05,10.261909484863281
0,1786,train,2.044370651245117,4.235124562487132e-05,14.673373222351074
0,1787,train,1.881414532661438,4.234609841465926e-05,10.8662748336792
0,1788,train,1.7871681451797485,4.2340951204447197e-05,12.843451499938965
0,1789,train,1.507491946220398,4.233580399423512e-05,10.966522216796875
0,1790,train,2.242122173309326,4.233065678402306e-05,9.209601402282715
0,1791,train,1.9181361198425293,4.2325509573810996e-05,12.798593521118164
0,1792,train,2.033951759338379,4.232036236359893e-05,9.376202583312988
0,1793,train,2.0983848571777344,4.2315215153386864e-05,11.914767265319824
0,1794,train,2.000613212585449,4.23100679431748e-05,10.640186309814453
0,1795,train,1.5070720911026,4.230492073296274e-05,8.644970893859863
0,1796,train,1.6868067979812622,4.229977352275068e-05,9.813189506530762
0,1797,train,1.8830093145370483,4.229462631253861e-05,9.955129623413086
0,1798,train,2.5218145847320557,4.228947910232654e-05,9.615618705749512
0,1799,train,2.5720019340515137,4.2284331892114476e-05,11.969200134277344
0,1800,train,2.2267751693725586,4.2279184681902413e-05,11.08211898803711
0,1801,train,2.112516164779663,4.2274037471690344e-05,12.255461692810059
0,1802,train,2.0438616275787354,4.2268890261478275e-05,10.889063835144043
0,1803,train,1.3541995286941528,4.226374305126621e-05,7.484294891357422
0,1804,train,1.7370493412017822,4.225859584105415e-05,10.324464797973633
0,1805,train,1.8319685459136963,4.225344863084209e-05,7.955729961395264
0,1806,train,1.5723397731781006,4.224830142063002e-05,10.021843910217285
0,1807,train,2.1129043102264404,4.2243154210417956e-05,14.253999710083008
0,1808,train,1.9486533403396606,4.2238007000205894e-05,9.064024925231934
0,1809,train,1.4946445226669312,4.223285978999383e-05,8.734908103942871
0,1810,train,2.2952046394348145,4.2227712579781755e-05,10.539426803588867
0,1811,train,2.226839303970337,4.222256536956969e-05,9.800683975219727
0,1812,train,1.3930116891860962,4.221741815935763e-05,11.554231643676758
0,1813,train,2.0963547229766846,4.221227094914557e-05,14.401206016540527
0,1814,train,2.1070940494537354,4.22071237389335e-05,10.879351615905762
0,1815,train,2.326169013977051,4.220197652872143e-05,13.915152549743652
0,1816,train,1.6213098764419556,4.219682931850937e-05,9.711978912353516
0,1817,train,2.5679869651794434,4.2191682108297305e-05,11.364410400390625
0,1818,train,2.339925765991211,4.218653489808524e-05,9.685850143432617
0,1819,train,2.149724006652832,4.218138768787317e-05,14.657626152038574
0,1820,train,1.9513920545578003,4.217624047766111e-05,12.210108757019043
0,1821,train,1.8356207609176636,4.217109326744905e-05,13.115784645080566
0,1822,train,2.4540727138519287,4.2165946057236986e-05,11.67431640625
0,1823,train,2.231158494949341,4.216079884702491e-05,9.91796588897705
0,1824,train,2.207049608230591,4.215565163681285e-05,7.505187034606934
0,1825,train,2.2160613536834717,4.2150504426600785e-05,9.539722442626953
0,1826,train,2.5897130966186523,4.214535721638872e-05,13.553475379943848
0,1827,train,1.6085383892059326,4.214021000617665e-05,8.451148986816406
0,1828,train,1.7004640102386475,4.2135062795964584e-05,9.125779151916504
0,1829,train,2.1939971446990967,4.212991558575252e-05,11.630716323852539
0,1830,train,1.930524468421936,4.212476837554046e-05,11.429534912109375
0,1831,train,2.263051748275757,4.21196211653284e-05,9.145642280578613
0,1832,train,2.0381479263305664,4.211447395511633e-05,12.778935432434082
0,1833,train,2.473205089569092,4.2109326744904265e-05,9.140271186828613
0,1834,train,2.6881730556488037,4.21041795346922e-05,11.419708251953125
0,1835,train,2.392799139022827,4.2099032324480133e-05,11.18616771697998
0,1836,train,1.853324055671692,4.2093885114268064e-05,13.34373664855957
0,1837,train,2.097407341003418,4.2088737904056e-05,13.305635452270508
0,1838,train,1.8441585302352905,4.208359069384394e-05,11.652621269226074
0,1839,train,2.120084047317505,4.207844348363188e-05,12.73688793182373
0,1840,train,1.4166975021362305,4.207329627341981e-05,8.045160293579102
0,1841,train,2.2654435634613037,4.206814906320774e-05,14.43793773651123
0,1842,train,2.1445863246917725,4.2063001852995676e-05,15.49929141998291
0,1843,train,2.4544553756713867,4.2057854642783614e-05,11.850436210632324
0,1844,train,1.8316700458526611,4.2052707432571544e-05,12.3748140335083
0,1845,train,2.5596067905426025,4.204756022235948e-05,11.79277229309082
0,1846,train,1.9416168928146362,4.204241301214742e-05,10.753063201904297
0,1847,train,1.8341761827468872,4.203726580193536e-05,8.977983474731445
0,1848,train,1.65073823928833,4.203211859172329e-05,8.126749992370605
0,1849,train,2.171173572540283,4.202697138151122e-05,10.775513648986816
0,1850,train,2.1749885082244873,4.2021824171299156e-05,12.702816009521484
0,1851,train,2.2026472091674805,4.2016676961087094e-05,11.585368156433105
0,1852,train,1.8943719863891602,4.201152975087503e-05,7.378284931182861
0,1853,train,1.7637240886688232,4.200638254066296e-05,9.729551315307617
0,1854,train,1.7357208728790283,4.200123533045089e-05,8.133096694946289
0,1855,train,1.2656066417694092,4.199608812023883e-05,9.21274185180664
0,1856,train,1.900306224822998,4.199094091002677e-05,11.567854881286621
0,1857,train,2.8110339641571045,4.19857936998147e-05,15.516189575195312
0,1858,train,1.5741127729415894,4.1980646489602636e-05,9.526985168457031
0,1859,train,1.022484540939331,4.1975499279390574e-05,7.8840508460998535
0,1860,train,1.7810173034667969,4.197035206917851e-05,8.670494079589844
0,1861,train,1.6940852403640747,4.196520485896644e-05,6.946829795837402
0,1862,train,2.217925786972046,4.196005764875437e-05,8.880874633789062
0,1863,train,2.4076571464538574,4.195491043854231e-05,12.866447448730469
0,1864,train,1.8739041090011597,4.194976322833025e-05,10.091784477233887
0,1865,train,1.7276595830917358,4.194461601811818e-05,8.682844161987305
0,1866,train,2.0484719276428223,4.1939468807906117e-05,12.135482788085938
0,1867,train,2.1286280155181885,4.193432159769405e-05,8.93353271484375
0,1868,train,1.9044888019561768,4.1929174387481985e-05,12.449021339416504
0,1869,train,2.172117233276367,4.192402717726992e-05,9.752679824829102
0,1870,train,1.8062561750411987,4.191887996705785e-05,9.251769065856934
0,1871,train,2.020404100418091,4.191373275684579e-05,13.449082374572754
0,1872,train,1.6704626083374023,4.190858554663373e-05,8.91484260559082
0,1873,train,1.8596129417419434,4.1903438336421666e-05,10.729108810424805
0,1874,train,2.180743932723999,4.18982911262096e-05,12.937423706054688
0,1875,train,2.0662715435028076,4.1893143915997534e-05,11.449716567993164
0,1876,train,1.8480736017227173,4.1887996705785465e-05,8.619424819946289
0,1877,train,1.9059655666351318,4.18828494955734e-05,10.852907180786133
0,1878,train,2.086028575897217,4.1877702285361334e-05,12.736276626586914
0,1879,train,2.3034708499908447,4.187255507514927e-05,11.873697280883789
0,1880,train,1.9528242349624634,4.18674078649372e-05,11.490180969238281
0,1881,train,1.6447032690048218,4.186226065472514e-05,8.316656112670898
0,1882,train,1.8739104270935059,4.185711344451308e-05,10.2181978225708
0,1883,train,2.571768045425415,4.185196623430101e-05,12.32910442352295
0,1884,train,1.4892001152038574,4.1846819024088945e-05,6.907536506652832
0,1885,train,1.5793195962905884,4.184167181387688e-05,9.397981643676758
0,1886,train,1.4299962520599365,4.183652460366482e-05,9.314459800720215
0,1887,train,2.616612672805786,4.183137739345275e-05,14.088236808776855
0,1888,train,1.7975956201553345,4.182623018324069e-05,12.100095748901367
0,1889,train,2.0681216716766357,4.182108297302862e-05,7.8448686599731445
0,1890,train,1.341262698173523,4.181593576281656e-05,8.436007499694824
0,1891,train,1.7893677949905396,4.181078855260449e-05,9.361764907836914
0,1892,train,2.0577681064605713,4.1805641342392426e-05,11.689096450805664
0,1893,train,2.161304473876953,4.180049413218036e-05,9.01032829284668
0,1894,train,1.9900603294372559,4.1795346921968294e-05,10.868736267089844
0,1895,train,2.8761913776397705,4.179019971175623e-05,13.858323097229004
0,1896,train,1.9740122556686401,4.178505250154416e-05,10.967586517333984
0,1897,train,1.6637517213821411,4.17799052913321e-05,10.505145072937012
0,1898,train,1.348436951637268,4.177475808112004e-05,9.169965744018555
0,1899,train,2.1210100650787354,4.176961087090797e-05,8.59144115447998
0,1900,train,1.1545295715332031,4.1764463660695906e-05,8.175698280334473
0,1901,train,2.382025957107544,4.175931645048384e-05,14.897146224975586
0,1902,train,2.539686679840088,4.1754169240271774e-05,12.842597961425781
0,1903,train,2.353480815887451,4.174902203005971e-05,11.091143608093262
0,1904,train,1.7723095417022705,4.174387481984764e-05,13.187156677246094
0,1905,train,1.6128134727478027,4.173872760963558e-05,7.727503299713135
0,1906,train,2.354280948638916,4.173358039942352e-05,15.064192771911621
0,1907,train,1.9671303033828735,4.172843318921145e-05,7.484310626983643
0,1908,train,1.805679440498352,4.172328597899938e-05,9.796446800231934
0,1909,train,2.001173973083496,4.171813876878732e-05,10.7655611038208
0,1910,train,1.5609248876571655,4.1712991558575254e-05,8.851900100708008
0,1911,train,1.572803258895874,4.170784434836319e-05,8.959567070007324
0,1912,train,2.1489617824554443,4.170269713815112e-05,17.254638671875
0,1913,train,1.6070314645767212,4.169754992793906e-05,10.431777000427246
0,1914,train,2.227966785430908,4.1692402717727e-05,13.936745643615723
0,1915,train,2.3301854133605957,4.168725550751493e-05,9.988231658935547
0,1916,train,1.583389401435852,4.1682108297302866e-05,7.620019435882568
0,1917,train,1.9501081705093384,4.16769610870908e-05,10.8573579788208
0,1918,train,1.8171391487121582,4.1671813876878734e-05,16.193159103393555
0,1919,train,1.7601852416992188,4.166666666666667e-05,8.47492504119873
0,1920,train,1.8867400884628296,4.16615194564546e-05,13.160179138183594
0,1921,train,2.0153355598449707,4.1656372246242534e-05,9.654650688171387
0,1922,train,2.0555756092071533,4.165122503603047e-05,9.152137756347656
0,1923,train,1.8652026653289795,4.164607782581841e-05,12.180730819702148
0,1924,train,1.157022476196289,4.1640930615606346e-05,9.466838836669922
0,1925,train,1.8212279081344604,4.163578340539428e-05,13.950395584106445
0,1926,train,2.3958208560943604,4.1630636195182215e-05,13.201640129089355
0,1927,train,2.0115532875061035,4.162548898497015e-05,10.927857398986816
0,1928,train,2.276721239089966,4.162034177475808e-05,9.236715316772461
0,1929,train,2.2188515663146973,4.161519456454602e-05,10.774511337280273
0,1930,train,1.664493203163147,4.161004735433395e-05,9.521222114562988
0,1931,train,1.7920830249786377,4.160490014412189e-05,9.399404525756836
0,1932,train,1.622513771057129,4.1599752933909827e-05,12.020197868347168
0,1933,train,1.4533462524414062,4.159460572369776e-05,9.144046783447266
0,1934,train,1.206955075263977,4.158945851348569e-05,11.381717681884766
0,1935,train,2.0121536254882812,4.1584311303273626e-05,10.240415573120117
0,1936,train,2.5267693996429443,4.157916409306156e-05,13.96588134765625
0,1937,train,2.069796323776245,4.15740168828495e-05,11.880119323730469
0,1938,train,2.130056142807007,4.156886967263743e-05,12.265218734741211
0,1939,train,2.2351317405700684,4.156372246242537e-05,10.521150588989258
0,1940,train,1.5277739763259888,4.155857525221331e-05,8.14476203918457
0,1941,train,1.4120469093322754,4.155342804200124e-05,9.04964542388916
0,1942,train,1.1413291692733765,4.154828083178917e-05,10.011106491088867
0,1943,train,1.7616000175476074,4.1543133621577106e-05,6.490551948547363
0,1944,train,2.8064024448394775,4.1537986411365043e-05,13.322712898254395
0,1945,train,1.3603729009628296,4.153283920115298e-05,8.636608123779297
0,1946,train,2.3747243881225586,4.152769199094091e-05,10.966937065124512
0,1947,train,1.496611475944519,4.152254478072884e-05,9.521368026733398
0,1948,train,1.9696588516235352,4.151739757051678e-05,9.064122200012207
0,1949,train,1.7542554140090942,4.151225036030472e-05,8.539073944091797
0,1950,train,1.7230850458145142,4.1507103150092655e-05,8.360467910766602
0,1951,train,1.8604449033737183,4.1501955939880586e-05,10.149115562438965
0,1952,train,1.6764582395553589,4.1496808729668524e-05,10.619718551635742
0,1953,train,2.3652915954589844,4.149166151945646e-05,10.160741806030273
0,1954,train,2.201323986053467,4.148651430924439e-05,10.245380401611328
0,1955,train,2.1698429584503174,4.148136709903232e-05,11.479382514953613
0,1956,train,1.7613943815231323,4.147621988882026e-05,10.836835861206055
0,1957,train,1.5643194913864136,4.14710726786082e-05,8.004375457763672
0,1958,train,1.9597238302230835,4.1465925468396135e-05,6.959192752838135
0,1959,train,1.8371281623840332,4.1460778258184066e-05,11.647214889526367
0,1960,train,2.3396286964416504,4.1455631047972e-05,13.3341703414917
0,1961,train,1.6784864664077759,4.1450483837759935e-05,8.817259788513184
0,1962,train,2.7676565647125244,4.144533662754787e-05,13.559779167175293
0,1963,train,2.3178677558898926,4.14401894173358e-05,12.139619827270508
0,1964,train,1.3442113399505615,4.143504220712374e-05,10.175413131713867
0,1965,train,2.0990819931030273,4.142989499691168e-05,12.060542106628418
0,1966,train,1.9746097326278687,4.1424747786699616e-05,8.634446144104004
0,1967,train,2.413239002227783,4.1419600576487546e-05,10.134591102600098
0,1968,train,1.9787472486495972,4.141445336627548e-05,12.344820022583008
0,1969,train,2.368288516998291,4.1409306156063415e-05,12.927446365356445
0,1970,train,1.9121025800704956,4.140415894585135e-05,13.642793655395508
0,1971,train,1.9746509790420532,4.139901173563929e-05,9.927749633789062
0,1972,train,1.857276439666748,4.1393864525427214e-05,9.798044204711914
0,1973,train,2.059868812561035,4.138871731521515e-05,9.757584571838379
0,1974,train,1.2004743814468384,4.138357010500309e-05,13.083847999572754
0,1975,train,2.187077283859253,4.137842289479103e-05,15.731805801391602
0,1976,train,2.208815097808838,4.137327568457896e-05,17.499378204345703
0,1977,train,2.5496349334716797,4.1368128474366895e-05,12.113357543945312
0,1978,train,2.2844667434692383,4.136298126415483e-05,13.128360748291016
0,1979,train,2.148836851119995,4.135783405394277e-05,15.934659004211426
0,1980,train,1.5774922370910645,4.13526868437307e-05,13.185772895812988
0,1981,train,1.9010725021362305,4.134753963351863e-05,10.842387199401855
0,1982,train,1.6323925256729126,4.134239242330657e-05,9.388545989990234
0,1983,train,1.9485752582550049,4.133724521309451e-05,12.868952751159668
0,1984,train,2.325075149536133,4.1332098002882444e-05,11.19945240020752
0,1985,train,1.636723518371582,4.132695079267037e-05,9.944046974182129
0,1986,train,1.7457636594772339,4.1321803582458306e-05,7.321830749511719
0,1987,train,2.176530361175537,4.1316656372246244e-05,7.052722454071045
0,1988,train,2.17138409614563,4.131150916203418e-05,12.423809051513672
0,1989,train,1.6646345853805542,4.130636195182211e-05,7.9542131423950195
0,1990,train,1.9419711828231812,4.130121474161005e-05,10.589560508728027
0,1991,train,1.8090059757232666,4.129606753139799e-05,7.159085273742676
0,1992,train,1.712866187095642,4.1290920321185925e-05,9.649805068969727
0,1993,train,1.9857810735702515,4.1285773110973855e-05,10.133048057556152
0,1994,train,2.2711737155914307,4.1280625900761786e-05,10.759102821350098
0,1995,train,1.3421196937561035,4.1275478690549724e-05,8.566011428833008
0,1996,train,1.3650132417678833,4.127033148033766e-05,11.370349884033203
0,1997,train,2.269519090652466,4.126518427012559e-05,9.021611213684082
0,1998,train,1.8528215885162354,4.126003705991352e-05,8.533448219299316
0,1999,train,1.3008441925048828,4.125488984970146e-05,10.665372848510742
0,2000,train,1.787055492401123,4.12497426394894e-05,9.832159996032715
0,2001,train,1.914328694343567,4.1244595429277336e-05,8.436941146850586
0,2002,train,2.2658793926239014,4.1239448219065266e-05,11.15108585357666
0,2003,train,1.9530616998672485,4.1234301008853204e-05,10.026127815246582
0,2004,train,1.4427528381347656,4.122915379864114e-05,8.540230751037598
0,2005,train,1.6071016788482666,4.122400658842908e-05,10.386813163757324
0,2006,train,1.7671921253204346,4.121885937821701e-05,7.4991607666015625
0,2007,train,1.9981012344360352,4.121371216800494e-05,11.971090316772461
0,2008,train,1.8138620853424072,4.120856495779288e-05,8.050810813903809
0,2009,train,1.5590839385986328,4.1203417747580816e-05,8.164528846740723
0,2010,train,2.1278493404388428,4.1198270537368747e-05,13.455734252929688
0,2011,train,1.8008607625961304,4.119312332715668e-05,12.193236351013184
0,2012,train,2.6663544178009033,4.1187976116944615e-05,16.93189811706543
0,2013,train,2.066284656524658,4.118282890673255e-05,12.172541618347168
0,2014,train,1.3431369066238403,4.117768169652049e-05,7.335514545440674
0,2015,train,1.914681315422058,4.117253448630842e-05,9.403403282165527
0,2016,train,2.2604053020477295,4.116738727609636e-05,11.26819133758545
0,2017,train,1.7355566024780273,4.1162240065884296e-05,13.5494384765625
0,2018,train,1.8880794048309326,4.1157092855672234e-05,11.29826831817627
0,2019,train,2.2087817192077637,4.1151945645460164e-05,11.546238899230957
0,2020,train,1.9969836473464966,4.1146798435248095e-05,12.979440689086914
0,2021,train,1.8388426303863525,4.114165122503603e-05,10.638639450073242
0,2022,train,1.1314518451690674,4.113650401482397e-05,8.187494277954102
0,2023,train,1.6746011972427368,4.11313568046119e-05,10.862060546875
0,2024,train,1.9328229427337646,4.112620959439984e-05,11.062203407287598
0,2025,train,1.8160109519958496,4.112106238418777e-05,10.17527961730957
0,2026,train,1.9545966386795044,4.111591517397571e-05,12.126319885253906
0,2027,train,1.5240235328674316,4.1110767963763645e-05,9.033364295959473
0,2028,train,1.3810995817184448,4.1105620753551575e-05,6.8689703941345215
0,2029,train,1.8699264526367188,4.110047354333951e-05,10.479853630065918
0,2030,train,2.283513069152832,4.109532633312745e-05,12.074231147766113
0,2031,train,1.823917031288147,4.109017912291538e-05,10.814340591430664
0,2032,train,2.145423173904419,4.108503191270332e-05,10.504446983337402
0,2033,train,2.195239305496216,4.107988470249125e-05,11.878108978271484
0,2034,train,1.281380534172058,4.107473749227919e-05,9.297497749328613
0,2035,train,1.974149465560913,4.1069590282067125e-05,10.685197830200195
0,2036,train,2.2179341316223145,4.1064443071855055e-05,9.915138244628906
0,2037,train,2.0716397762298584,4.105929586164299e-05,11.502554893493652
0,2038,train,1.7059290409088135,4.1054148651430924e-05,7.460813999176025
0,2039,train,1.0649027824401855,4.104900144121886e-05,6.747621059417725
0,2040,train,1.3255008459091187,4.104385423100679e-05,9.207412719726562
0,2041,train,2.2076587677001953,4.103870702079473e-05,15.811295509338379
0,2042,train,2.284208297729492,4.103355981058267e-05,10.35279369354248
0,2043,train,1.896860122680664,4.1028412600370605e-05,10.296734809875488
0,2044,train,1.592542290687561,4.1023265390158536e-05,9.763300895690918
0,2045,train,1.4414961338043213,4.101811817994647e-05,9.06408977508545
0,2046,train,2.0294437408447266,4.1012970969734404e-05,11.54901123046875
0,2047,train,1.2733867168426514,4.100782375952234e-05,10.614588737487793
0,2048,train,1.2956801652908325,4.100267654931028e-05,8.710978507995605
0,2049,train,1.6430965662002563,4.099752933909821e-05,9.858316421508789
0,2050,train,1.8336422443389893,4.099238212888615e-05,7.728151798248291
0,2051,train,2.0329651832580566,4.098723491867408e-05,10.251992225646973
0,2052,train,2.0283358097076416,4.0982087708462016e-05,10.539883613586426
0,2053,train,1.6321755647659302,4.097694049824995e-05,10.225653648376465
0,2054,train,2.363670587539673,4.0971793288037884e-05,11.47670841217041
0,2055,train,2.004497766494751,4.096664607782582e-05,9.513312339782715
0,2056,train,2.0324833393096924,4.096149886761376e-05,10.87372875213623
0,2057,train,2.0565602779388428,4.095635165740169e-05,14.833843231201172
0,2058,train,2.322680711746216,4.095120444718963e-05,12.582874298095703
0,2059,train,1.7137277126312256,4.094605723697756e-05,11.530332565307617
0,2060,train,1.7472178936004639,4.0940910026765496e-05,8.264812469482422
0,2061,train,1.3456867933273315,4.093576281655343e-05,7.158514976501465
0,2062,train,1.1114833354949951,4.0930615606341364e-05,7.097655773162842
0,2063,train,1.792855978012085,4.09254683961293e-05,12.585206031799316
0,2064,train,1.9055099487304688,4.092032118591723e-05,9.706961631774902
0,2065,train,1.7126684188842773,4.091517397570517e-05,11.384725570678711
0,2066,train,1.861745834350586,4.09100267654931e-05,10.272215843200684
0,2067,train,1.5307326316833496,4.090487955528104e-05,11.238971710205078
0,2068,train,2.344916582107544,4.0899732345068976e-05,11.022562026977539
0,2069,train,1.8557766675949097,4.0894585134856914e-05,10.980006217956543
0,2070,train,1.919124960899353,4.0889437924644845e-05,14.812536239624023
0,2071,train,2.331965208053589,4.088429071443278e-05,10.006012916564941
0,2072,train,1.89605712890625,4.087914350422071e-05,9.22803783416748
0,2073,train,2.5040977001190186,4.087399629400865e-05,13.488046646118164
0,2074,train,2.2871220111846924,4.086884908379658e-05,11.72420883178711
0,2075,train,1.8235359191894531,4.086370187358452e-05,10.015583038330078
0,2076,train,2.5330801010131836,4.0858554663372456e-05,15.678555488586426
0,2077,train,1.4125854969024658,4.085340745316039e-05,8.976033210754395
0,2078,train,2.448362112045288,4.0848260242948325e-05,14.70691967010498
0,2079,train,2.0774080753326416,4.0843113032736256e-05,9.75149154663086
0,2080,train,2.444842576980591,4.083796582252419e-05,12.151126861572266
0,2081,train,1.25856351852417,4.083281861231213e-05,11.168238639831543
0,2082,train,1.596541404724121,4.082767140210007e-05,8.48030948638916
0,2083,train,2.4716732501983643,4.0822524191888e-05,16.191417694091797
0,2084,train,2.160099506378174,4.081737698167594e-05,9.055535316467285
0,2085,train,1.8312337398529053,4.081222977146387e-05,7.850283622741699
0,2086,train,2.4514849185943604,4.0807082561251805e-05,10.975104331970215
0,2087,train,2.3364109992980957,4.0801935351039736e-05,9.715879440307617
0,2088,train,2.4267444610595703,4.079678814082767e-05,11.008363723754883
0,2089,train,1.4654085636138916,4.079164093061561e-05,8.836237907409668
0,2090,train,2.5412094593048096,4.078649372040354e-05,12.550483703613281
0,2091,train,1.7717097997665405,4.078134651019148e-05,9.119250297546387
0,2092,train,2.192397117614746,4.077619929997941e-05,10.332201957702637
0,2093,train,1.4050754308700562,4.077105208976735e-05,8.36577320098877
0,2094,train,2.28239107131958,4.0765904879555285e-05,10.838064193725586
0,2095,train,2.240065574645996,4.0760757669343216e-05,11.59709644317627
0,2096,train,1.7823069095611572,4.0755610459131154e-05,10.088929176330566
0,2097,train,1.983839511871338,4.075046324891909e-05,12.786745071411133
0,2098,train,1.9191045761108398,4.074531603870702e-05,9.920390129089355
0,2099,train,1.9323616027832031,4.074016882849496e-05,10.687088012695312
0,2100,train,1.7498559951782227,4.073502161828289e-05,12.485758781433105
0,2101,train,1.149011254310608,4.072987440807083e-05,6.998843193054199
0,2102,train,2.0581634044647217,4.0724727197858765e-05,9.710533142089844
0,2103,train,1.8110129833221436,4.0719579987646696e-05,10.63170051574707
0,2104,train,2.6271779537200928,4.071443277743463e-05,16.901168823242188
0,2105,train,1.9132171869277954,4.0709285567222565e-05,11.0740327835083
0,2106,train,2.3487741947174072,4.07041383570105e-05,14.159835815429688
0,2107,train,1.811058521270752,4.069899114679844e-05,9.534120559692383
0,2108,train,1.9417893886566162,4.069384393658637e-05,9.822357177734375
0,2109,train,1.7857221364974976,4.068869672637431e-05,11.017226219177246
0,2110,train,1.6809604167938232,4.0683549516162246e-05,7.431279182434082
0,2111,train,2.354477643966675,4.0678402305950176e-05,10.342066764831543
0,2112,train,1.5245435237884521,4.0673255095738114e-05,8.749029159545898
0,2113,train,1.919364094734192,4.0668107885526045e-05,9.788955688476562
0,2114,train,1.5654081106185913,4.066296067531398e-05,8.387664794921875
0,2115,train,1.8907428979873657,4.065781346510192e-05,9.443169593811035
0,2116,train,2.2101542949676514,4.065266625488985e-05,9.485662460327148
0,2117,train,2.3894500732421875,4.064751904467778e-05,13.066587448120117
0,2118,train,2.0936219692230225,4.064237183446572e-05,13.737600326538086
0,2119,train,1.7214677333831787,4.0637224624253657e-05,10.683485984802246
0,2120,train,1.5286164283752441,4.0632077414041594e-05,8.741501808166504
0,2121,train,1.704585313796997,4.0626930203829525e-05,7.821771621704102
0,2122,train,1.6236330270767212,4.062178299361746e-05,9.227877616882324
0,2123,train,1.6124016046524048,4.06166357834054e-05,12.075929641723633
0,2124,train,2.1180827617645264,4.061148857319333e-05,10.037728309631348
0,2125,train,1.6081796884536743,4.060634136298126e-05,9.797037124633789
0,2126,train,1.3346599340438843,4.06011941527692e-05,8.396190643310547
0,2127,train,1.391304850578308,4.059604694255714e-05,9.261472702026367
0,2128,train,1.741380214691162,4.0590899732345074e-05,8.939438819885254
0,2129,train,1.478983998298645,4.0585752522133005e-05,8.322641372680664
0,2130,train,1.7930998802185059,4.0580605311920936e-05,9.534889221191406
0,2131,train,1.3737070560455322,4.0575458101708873e-05,9.889262199401855
0,2132,train,1.5464175939559937,4.057031089149681e-05,10.364195823669434
0,2133,train,1.5982310771942139,4.056516368128475e-05,11.501324653625488
0,2134,train,1.5651482343673706,4.056001647107268e-05,10.094596862792969
0,2135,train,1.9141799211502075,4.055486926086062e-05,10.825916290283203
0,2136,train,2.1774702072143555,4.0549722050648555e-05,9.626333236694336
0,2137,train,1.5685917139053345,4.0544574840436485e-05,6.718267917633057
0,2138,train,2.545846462249756,4.0539427630224416e-05,12.025445938110352
0,2139,train,2.48598575592041,4.0534280420012354e-05,10.200859069824219
0,2140,train,1.6828101873397827,4.052913320980029e-05,9.765164375305176
0,2141,train,2.141073226928711,4.052398599958823e-05,10.519661903381348
0,2142,train,1.984779953956604,4.051883878937616e-05,8.945337295532227
0,2143,train,0.9803604483604431,4.051369157916409e-05,8.083627700805664
0,2144,train,1.3320523500442505,4.050854436895203e-05,8.466428756713867
0,2145,train,1.9425970315933228,4.0503397158739966e-05,11.198105812072754
0,2146,train,1.4149316549301147,4.04982499485279e-05,9.202644348144531
0,2147,train,1.8993980884552002,4.0493102738315834e-05,9.823596954345703
0,2148,train,1.441038966178894,4.048795552810377e-05,8.567553520202637
0,2149,train,1.7883926630020142,4.048280831789171e-05,10.114509582519531
0,2150,train,1.8595770597457886,4.047766110767964e-05,10.470415115356445
0,2151,train,2.1879539489746094,4.047251389746757e-05,11.255486488342285
0,2152,train,1.6193344593048096,4.046736668725551e-05,13.067221641540527
0,2153,train,1.843047022819519,4.0462219477043446e-05,8.693795204162598
0,2154,train,2.523193836212158,4.045707226683138e-05,13.822868347167969
0,2155,train,2.1088056564331055,4.0451925056619314e-05,10.172616004943848
0,2156,train,1.541611671447754,4.0446777846407245e-05,7.370563983917236
0,2157,train,1.6908296346664429,4.044163063619518e-05,8.16043758392334
0,2158,train,1.7176254987716675,4.043648342598312e-05,7.4073710441589355
0,2159,train,1.5979677438735962,4.043133621577105e-05,9.049809455871582
0,2160,train,1.9220621585845947,4.042618900555899e-05,9.375921249389648
0,2161,train,1.7078187465667725,4.0421041795346926e-05,7.830699443817139
0,2162,train,2.1639225482940674,4.0415894585134863e-05,10.724977493286133
0,2163,train,1.884771704673767,4.0410747374922794e-05,13.98584270477295
0,2164,train,2.1783273220062256,4.0405600164710725e-05,7.676886558532715
0,2165,train,1.1937129497528076,4.040045295449866e-05,7.319871425628662
0,2166,train,1.9611855745315552,4.03953057442866e-05,8.495659828186035
0,2167,train,1.7721463441848755,4.039015853407454e-05,12.798300743103027
0,2168,train,1.784282922744751,4.038501132386247e-05,9.632542610168457
0,2169,train,1.6514745950698853,4.03798641136504e-05,9.177454948425293
0,2170,train,1.7722203731536865,4.037471690343834e-05,11.5017671585083
0,2171,train,1.510210394859314,4.0369569693226274e-05,12.158226013183594
0,2172,train,1.4703526496887207,4.0364422483014205e-05,10.68769645690918
0,2173,train,2.611994743347168,4.035927527280214e-05,11.435454368591309
0,2174,train,1.53983736038208,4.035412806259008e-05,8.165647506713867
0,2175,train,1.7638503313064575,4.034898085237802e-05,9.843690872192383
0,2176,train,2.49228572845459,4.034383364216595e-05,17.6025333404541
0,2177,train,1.9676231145858765,4.033868643195388e-05,16.86680030822754
0,2178,train,2.3381545543670654,4.033353922174182e-05,13.601560592651367
0,2179,train,1.4820411205291748,4.0328392011529755e-05,7.992727756500244
0,2180,train,1.6431448459625244,4.032324480131769e-05,8.390649795532227
0,2181,train,2.0785305500030518,4.031809759110562e-05,11.346064567565918
0,2182,train,1.5446850061416626,4.0312950380893554e-05,9.561941146850586
0,2183,train,1.6342837810516357,4.030780317068149e-05,8.607610702514648
0,2184,train,1.9451786279678345,4.030265596046943e-05,12.388047218322754
0,2185,train,1.6516683101654053,4.029750875025736e-05,9.108868598937988
0,2186,train,2.358672618865967,4.02923615400453e-05,13.391145706176758
0,2187,train,2.309974193572998,4.0287214329833235e-05,16.292299270629883
0,2188,train,2.114790916442871,4.028206711962117e-05,10.007856369018555
0,2189,train,1.9495710134506226,4.02769199094091e-05,10.051552772521973
0,2190,train,2.0839829444885254,4.0271772699197034e-05,9.793521881103516
0,2191,train,1.0183963775634766,4.026662548898497e-05,7.2433671951293945
0,2192,train,1.6345998048782349,4.026147827877291e-05,7.286366939544678
0,2193,train,1.3704800605773926,4.025633106856084e-05,8.969164848327637
0,2194,train,1.9748843908309937,4.025118385834878e-05,11.316650390625
0,2195,train,1.8090001344680786,4.024603664813671e-05,11.704729080200195
0,2196,train,1.805867075920105,4.0240889437924646e-05,12.593057632446289
0,2197,train,1.700134515762329,4.0235742227712583e-05,13.49466609954834
0,2198,train,2.2732162475585938,4.0230595017500514e-05,12.358113288879395
0,2199,train,2.164489984512329,4.022544780728845e-05,11.523103713989258
0,2200,train,1.522227168083191,4.022030059707639e-05,5.794493198394775
0,2201,train,1.7812762260437012,4.021515338686433e-05,10.664894104003906
0,2202,train,2.43414568901062,4.021000617665226e-05,14.214722633361816
0,2203,train,1.662613868713379,4.020485896644019e-05,14.656496047973633
0,2204,train,1.7940253019332886,4.0199711756228126e-05,15.265214920043945
0,2205,train,2.010035514831543,4.0194564546016064e-05,9.44029712677002
0,2206,train,1.7735651731491089,4.0189417335803994e-05,11.061877250671387
0,2207,train,1.4277328252792358,4.018427012559193e-05,12.023656845092773
0,2208,train,2.193796157836914,4.017912291537986e-05,8.769699096679688
0,2209,train,2.5839903354644775,4.01739757051678e-05,10.95053482055664
0,2210,train,2.1617324352264404,4.016882849495574e-05,8.920391082763672
0,2211,train,2.296553134918213,4.016368128474367e-05,14.921116828918457
0,2212,train,2.4758946895599365,4.0158534074531606e-05,13.368512153625488
0,2213,train,2.3939273357391357,4.0153386864319544e-05,11.734280586242676
0,2214,train,1.6188088655471802,4.0148239654107475e-05,9.166059494018555
0,2215,train,1.1589305400848389,4.014309244389541e-05,7.281251430511475
0,2216,train,1.7093368768692017,4.013794523368334e-05,7.627478122711182
0,2217,train,1.5957157611846924,4.013279802347128e-05,7.859738349914551
0,2218,train,2.007331132888794,4.012765081325922e-05,13.561103820800781
0,2219,train,1.48828125,4.012250360304715e-05,10.35546588897705
0,2220,train,1.6255289316177368,4.0117356392835086e-05,10.286091804504395
0,2221,train,1.4451971054077148,4.011220918262302e-05,9.65333366394043
0,2222,train,1.4532185792922974,4.0107061972410955e-05,11.313323020935059
0,2223,train,1.4190950393676758,4.0101914762198886e-05,7.550889492034912
0,2224,train,1.867553472518921,4.009676755198682e-05,11.88332748413086
0,2225,train,1.804943561553955,4.009162034177476e-05,10.033699989318848
0,2226,train,1.7469830513000488,4.00864731315627e-05,10.032674789428711
0,2227,train,2.178664207458496,4.008132592135063e-05,9.584817886352539
0,2228,train,1.9500583410263062,4.0076178711138567e-05,10.963172912597656
0,2229,train,1.8774482011795044,4.00710315009265e-05,11.172470092773438
0,2230,train,1.7376213073730469,4.0065884290714435e-05,10.32297134399414
0,2231,train,1.125446081161499,4.006073708050237e-05,8.432839393615723
0,2232,train,2.1301767826080322,4.00555898702903e-05,11.882548332214355
0,2233,train,2.124962568283081,4.005044266007824e-05,10.160826683044434
0,2234,train,2.0314924716949463,4.004529544986617e-05,10.555826187133789
0,2235,train,1.3121336698532104,4.004014823965411e-05,9.800477027893066
0,2236,train,1.6672461032867432,4.003500102944204e-05,6.915538311004639
0,2237,train,1.8065918684005737,4.002985381922998e-05,10.604138374328613
0,2238,train,1.6087208986282349,4.0024706609017915e-05,11.56067180633545
0,2239,train,2.024717330932617,4.001955939880585e-05,11.378205299377441
0,2240,train,1.8068665266036987,4.0014412188593784e-05,13.736587524414062
0,2241,train,1.5433833599090576,4.000926497838172e-05,7.219008922576904
0,2242,train,1.7632287740707397,4.000411776816965e-05,13.82502269744873
0,2243,train,1.6476470232009888,3.999897055795759e-05,11.208918571472168
0,2244,train,1.6737449169158936,3.999382334774553e-05,9.69864559173584
0,2245,train,2.239596128463745,3.998867613753346e-05,13.849540710449219
0,2246,train,1.4693571329116821,3.9983528927321395e-05,9.949715614318848
0,2247,train,1.4013524055480957,3.9978381717109326e-05,8.832626342773438
0,2248,train,2.3259050846099854,3.9973234506897264e-05,11.838507652282715
0,2249,train,1.4352668523788452,3.9968087296685194e-05,9.628644943237305
0,2250,train,2.3677196502685547,3.996294008647313e-05,9.91271686553955
0,2251,train,1.7628450393676758,3.995779287626107e-05,9.351101875305176
0,2252,train,2.0041165351867676,3.995264566604901e-05,11.436885833740234
0,2253,train,2.357522487640381,3.994749845583694e-05,9.658926010131836
0,2254,train,1.422073245048523,3.9942351245624876e-05,9.206400871276855
0,2255,train,1.5992923974990845,3.9937204035412806e-05,12.7886962890625
0,2256,train,2.296924352645874,3.9932056825200744e-05,14.225775718688965
0,2257,train,1.2175040245056152,3.9926909614988675e-05,12.729955673217773
0,2258,train,1.3083405494689941,3.992176240477661e-05,8.864082336425781
0,2259,train,2.1246633529663086,3.991661519456455e-05,11.247634887695312
0,2260,train,1.6488252878189087,3.991146798435248e-05,10.391138076782227
0,2261,train,1.7878414392471313,3.990632077414042e-05,9.02992057800293
0,2262,train,1.5166687965393066,3.990117356392835e-05,10.20105266571045
0,2263,train,2.2136573791503906,3.9896026353716287e-05,12.836668968200684
0,2264,train,2.052420139312744,3.9890879143504224e-05,9.182703018188477
0,2265,train,2.63405442237854,3.988573193329216e-05,9.85191822052002
0,2266,train,1.693690538406372,3.988058472308009e-05,8.524022102355957
0,2267,train,2.5017223358154297,3.987543751286803e-05,14.325471878051758
0,2268,train,1.9721708297729492,3.987029030265596e-05,8.999103546142578
0,2269,train,1.8550268411636353,3.98651430924439e-05,9.904566764831543
0,2270,train,1.8609639406204224,3.985999588223183e-05,8.305887222290039
0,2271,train,1.9390606880187988,3.985484867201977e-05,12.59708309173584
0,2272,train,1.688929796218872,3.9849701461807704e-05,9.05958080291748
0,2273,train,1.4342466592788696,3.9844554251595635e-05,9.465452194213867
0,2274,train,1.9502267837524414,3.983940704138357e-05,9.738754272460938
0,2275,train,2.1107876300811768,3.9834259831171503e-05,9.129091262817383
0,2276,train,2.032689332962036,3.982911262095944e-05,8.385581016540527
0,2277,train,1.815719723701477,3.982396541074738e-05,10.975188255310059
0,2278,train,1.757032036781311,3.9818818200535316e-05,11.558555603027344
0,2279,train,2.2896430492401123,3.981367099032325e-05,12.035788536071777
0,2280,train,1.9535542726516724,3.9808523780111184e-05,11.214714050292969
0,2281,train,1.8863636255264282,3.9803376569899115e-05,11.697813034057617
0,2282,train,2.4084954261779785,3.979822935968705e-05,11.596511840820312
0,2283,train,2.0572762489318848,3.9793082149474984e-05,11.273959159851074
0,2284,train,1.3933213949203491,3.978793493926292e-05,9.270393371582031
0,2285,train,1.3215134143829346,3.978278772905086e-05,13.275456428527832
0,2286,train,1.9362443685531616,3.977764051883879e-05,9.513137817382812
0,2287,train,1.6215275526046753,3.977249330862673e-05,8.300647735595703
0,2288,train,2.283327341079712,3.976734609841466e-05,11.941824913024902
0,2289,train,1.9093849658966064,3.9762198888202595e-05,8.739117622375488
0,2290,train,1.9859622716903687,3.975705167799053e-05,13.00638484954834
0,2291,train,1.5030555725097656,3.9751904467778464e-05,9.751832962036133
0,2292,train,2.01520037651062,3.97467572575664e-05,12.226524353027344
0,2293,train,1.7949624061584473,3.974161004735434e-05,8.662413597106934
0,2294,train,2.078195810317993,3.9736462837142277e-05,10.721780776977539
0,2295,train,2.044428825378418,3.973131562693021e-05,14.370176315307617
0,2296,train,2.4059879779815674,3.972616841671814e-05,9.601845741271973
0,2297,train,2.2308313846588135,3.9721021206506076e-05,11.751677513122559
0,2298,train,2.01806378364563,3.971587399629401e-05,9.710222244262695
0,2299,train,2.0410609245300293,3.9710726786081944e-05,9.971076965332031
0,2300,train,2.1784775257110596,3.9705579575869875e-05,13.523334503173828
0,2301,train,2.251520872116089,3.970043236565781e-05,11.053905487060547
0,2302,train,1.7444722652435303,3.969528515544575e-05,9.686742782592773
0,2303,train,2.4718849658966064,3.969013794523369e-05,12.051288604736328
0,2304,train,2.0353598594665527,3.968499073502162e-05,10.18053150177002
0,2305,train,2.582045793533325,3.9679843524809556e-05,12.727519035339355
0,2306,train,2.2427468299865723,3.9674696314597493e-05,11.527369499206543
0,2307,train,1.8001682758331299,3.966954910438543e-05,8.889997482299805
0,2308,train,1.9962358474731445,3.966440189417336e-05,13.290781021118164
0,2309,train,2.0861685276031494,3.965925468396129e-05,14.236612319946289
0,2310,train,1.662602186203003,3.965410747374923e-05,8.193893432617188
0,2311,train,1.882344365119934,3.964896026353717e-05,14.625151634216309
0,2312,train,1.5883245468139648,3.96438130533251e-05,12.016674995422363
0,2313,train,1.5750203132629395,3.963866584311303e-05,7.834803581237793
0,2314,train,2.06013560295105,3.963351863290097e-05,11.617277145385742
0,2315,train,1.6918482780456543,3.9628371422688904e-05,9.95790958404541
0,2316,train,2.2409770488739014,3.962322421247684e-05,9.245594024658203
0,2317,train,1.9642584323883057,3.961807700226477e-05,12.848761558532715
0,2318,train,1.4179025888442993,3.961292979205271e-05,10.538324356079102
0,2319,train,1.9219262599945068,3.960778258184065e-05,11.170166015625
0,2320,train,2.3976283073425293,3.9602635371628585e-05,14.965841293334961
0,2321,train,2.087092638015747,3.959748816141651e-05,12.716877937316895
0,2322,train,1.841077208518982,3.959234095120445e-05,8.852680206298828
0,2323,train,2.1504809856414795,3.9587193740992385e-05,12.271964073181152
0,2324,train,1.8295941352844238,3.958204653078032e-05,7.986694812774658
0,2325,train,1.6165729761123657,3.957689932056825e-05,10.341907501220703
0,2326,train,2.424687385559082,3.9571752110356184e-05,11.535754203796387
0,2327,train,1.264503002166748,3.956660490014412e-05,11.798002243041992
0,2328,train,1.3347796201705933,3.956145768993206e-05,9.02807331085205
0,2329,train,1.3443260192871094,3.9556310479719996e-05,9.354921340942383
0,2330,train,1.8983428478240967,3.955116326950793e-05,12.785245895385742
0,2331,train,1.7419906854629517,3.9546016059295865e-05,8.413416862487793
0,2332,train,1.2873197793960571,3.95408688490838e-05,9.353665351867676
0,2333,train,1.3990663290023804,3.953572163887174e-05,8.548148155212402
0,2334,train,2.8055803775787354,3.9530574428659664e-05,9.506729125976562
0,2335,train,1.551897644996643,3.95254272184476e-05,10.01197338104248
0,2336,train,2.1344242095947266,3.952028000823554e-05,9.916659355163574
0,2337,train,1.7285398244857788,3.951513279802348e-05,8.767865180969238
0,2338,train,2.370995283126831,3.950998558781141e-05,11.73449993133545
0,2339,train,1.4615341424942017,3.950483837759934e-05,7.153170585632324
0,2340,train,1.8965626955032349,3.9499691167387276e-05,10.538918495178223
0,2341,train,2.220696210861206,3.949454395717521e-05,14.237550735473633
0,2342,train,2.2634246349334717,3.948939674696315e-05,12.44466495513916
0,2343,train,1.4157832860946655,3.948424953675108e-05,11.139527320861816
0,2344,train,1.746185302734375,3.947910232653902e-05,9.486198425292969
0,2345,train,2.4613454341888428,3.947395511632696e-05,11.12255573272705
0,2346,train,1.8077820539474487,3.946880790611489e-05,8.48959732055664
0,2347,train,1.9697139263153076,3.946366069590282e-05,11.888526916503906
0,2348,train,2.0169265270233154,3.9458513485690756e-05,9.842744827270508
0,2349,train,1.5014628171920776,3.9453366275478694e-05,9.50580883026123
0,2350,train,2.291883707046509,3.944821906526663e-05,10.228151321411133
0,2351,train,1.9574482440948486,3.944307185505456e-05,11.607609748840332
0,2352,train,1.229750156402588,3.943792464484249e-05,9.179165840148926
0,2353,train,1.6690165996551514,3.943277743463043e-05,8.446764945983887
0,2354,train,2.229837656021118,3.942763022441837e-05,12.610954284667969
0,2355,train,2.1636714935302734,3.94224830142063e-05,12.858053207397461
0,2356,train,1.6043168306350708,3.9417335803994236e-05,9.262088775634766
0,2357,train,1.863621711730957,3.9412188593782174e-05,9.721169471740723
0,2358,train,2.030634880065918,3.940704138357011e-05,13.2471342086792
0,2359,train,1.3879224061965942,3.940189417335804e-05,8.960840225219727
0,2360,train,2.129805088043213,3.939674696314597e-05,10.972185134887695
0,2361,train,1.9727064371109009,3.939159975293391e-05,11.464310646057129
0,2362,train,1.8161014318466187,3.938645254272185e-05,10.495075225830078
0,2363,train,2.1568703651428223,3.9381305332509786e-05,9.95398998260498
0,2364,train,1.7495673894882202,3.9376158122297716e-05,12.390718460083008
0,2365,train,1.7869806289672852,3.937101091208565e-05,10.69449520111084
0,2366,train,2.109379529953003,3.9365863701873585e-05,12.937360763549805
0,2367,train,1.558989405632019,3.936071649166152e-05,9.973176956176758
0,2368,train,1.1732505559921265,3.935556928144945e-05,8.528949737548828
0,2369,train,2.1588032245635986,3.935042207123739e-05,6.9756364822387695
0,2370,train,2.205044746398926,3.934527486102533e-05,14.310502052307129
0,2371,train,1.923017978668213,3.9340127650813266e-05,8.39631175994873
0,2372,train,2.2881534099578857,3.9334980440601197e-05,11.321359634399414
0,2373,train,1.933375358581543,3.932983323038913e-05,9.760510444641113
0,2374,train,2.5082974433898926,3.9324686020177065e-05,11.742646217346191
0,2375,train,1.3711163997650146,3.9319538809965e-05,7.792670249938965
0,2376,train,2.3019862174987793,3.931439159975293e-05,8.375750541687012
0,2377,train,2.20491099357605,3.930924438954087e-05,9.099263191223145
0,2378,train,1.9512571096420288,3.93040971793288e-05,10.271547317504883
0,2379,train,1.6857101917266846,3.929894996911674e-05,10.414336204528809
0,2380,train,1.619449257850647,3.929380275890468e-05,9.723093032836914
0,2381,train,1.8850678205490112,3.928865554869261e-05,9.326305389404297
0,2382,train,2.4791722297668457,3.9283508338480545e-05,9.93552303314209
0,2383,train,1.2118921279907227,3.927836112826848e-05,6.810975551605225
0,2384,train,2.3601601123809814,3.927321391805642e-05,9.515094757080078
0,2385,train,1.959493637084961,3.926806670784435e-05,10.34321403503418
0,2386,train,1.2741369009017944,3.926291949763228e-05,7.623666763305664
0,2387,train,1.4323389530181885,3.925777228742022e-05,8.532524108886719
0,2388,train,1.7748581171035767,3.925262507720816e-05,10.190155982971191
0,2389,train,1.8514660596847534,3.924747786699609e-05,10.215826988220215
0,2390,train,1.85262131690979,3.9242330656784025e-05,8.797663688659668
0,2391,train,2.228682518005371,3.9237183446571956e-05,12.452527046203613
0,2392,train,1.214863896369934,3.9232036236359894e-05,8.886704444885254
0,2393,train,1.2567248344421387,3.922688902614783e-05,9.053500175476074
0,2394,train,1.5412706136703491,3.922174181593576e-05,10.432146072387695
0,2395,train,1.9243937730789185,3.92165946057237e-05,12.503227233886719
0,2396,train,1.8907005786895752,3.921144739551164e-05,12.121155738830566
0,2397,train,1.7892123460769653,3.9206300185299575e-05,13.708739280700684
0,2398,train,2.0927658081054688,3.9201152975087505e-05,11.99455738067627
0,2399,train,1.9692294597625732,3.9196005764875436e-05,8.954620361328125
0,2400,train,1.3314701318740845,3.9190858554663374e-05,9.689802169799805
0,2401,train,1.246627688407898,3.918571134445131e-05,9.552234649658203
0,2402,train,1.9878556728363037,3.918056413423924e-05,9.945469856262207
0,2403,train,1.4772613048553467,3.917541692402718e-05,7.931127071380615
0,2404,train,1.7668038606643677,3.917026971381511e-05,9.49127197265625
0,2405,train,1.8761281967163086,3.916512250360305e-05,11.270821571350098
0,2406,train,2.0966086387634277,3.9159975293390986e-05,11.721894264221191
0,2407,train,1.8503644466400146,3.9154828083178916e-05,10.749467849731445
0,2408,train,1.8290371894836426,3.9149680872966854e-05,12.222404479980469
0,2409,train,2.490222930908203,3.914453366275479e-05,11.82955551147461
0,2410,train,1.908420443534851,3.913938645254272e-05,10.327116966247559
0,2411,train,1.8900026082992554,3.913423924233066e-05,10.92947006225586
0,2412,train,1.4455987215042114,3.912909203211859e-05,8.75900936126709
0,2413,train,2.032440185546875,3.912394482190653e-05,8.438806533813477
0,2414,train,2.022867441177368,3.9118797611694466e-05,12.397307395935059
0,2415,train,2.1908998489379883,3.91136504014824e-05,10.95247745513916
0,2416,train,1.7603830099105835,3.9108503191270334e-05,9.528099060058594
0,2417,train,2.182807445526123,3.9103355981058265e-05,10.905532836914062
0,2418,train,1.1661068201065063,3.90982087708462e-05,6.396120548248291
0,2419,train,1.8862642049789429,3.909306156063413e-05,8.85081958770752
0,2420,train,1.6899571418762207,3.908791435042207e-05,8.629125595092773
0,2421,train,1.8807092905044556,3.908276714021001e-05,12.075599670410156
0,2422,train,1.491641640663147,3.9077619929997946e-05,7.604079246520996
0,2423,train,1.516478419303894,3.907247271978588e-05,8.06410026550293
0,2424,train,1.7204067707061768,3.9067325509573814e-05,7.323509693145752
0,2425,train,1.3449796438217163,3.9062178299361745e-05,9.794407844543457
0,2426,train,1.5849334001541138,3.905703108914968e-05,8.311158180236816
0,2427,train,1.5802803039550781,3.905188387893762e-05,10.069669723510742
0,2428,train,2.258991241455078,3.904673666872555e-05,10.296902656555176
0,2429,train,1.3952293395996094,3.904158945851349e-05,10.084097862243652
0,2430,train,2.472456693649292,3.903644224830142e-05,11.12569522857666
0,2431,train,1.5659488439559937,3.903129503808936e-05,11.141273498535156
0,2432,train,2.2187092304229736,3.902614782787729e-05,13.119242668151855
0,2433,train,1.7863348722457886,3.9021000617665225e-05,10.846431732177734
0,2434,train,1.6145217418670654,3.901585340745316e-05,8.434226036071777
0,2435,train,2.0073235034942627,3.90107061972411e-05,10.63040828704834
0,2436,train,2.0289969444274902,3.900555898702903e-05,9.387843132019043
0,2437,train,1.528377652168274,3.900041177681697e-05,7.2270989418029785
0,2438,train,2.131284475326538,3.8995264566604906e-05,14.143637657165527
0,2439,train,1.814732313156128,3.899011735639284e-05,9.637786865234375
0,2440,train,1.3732248544692993,3.8984970146180775e-05,8.577138900756836
0,2441,train,2.1476449966430664,3.8979822935968706e-05,11.775331497192383
0,2442,train,1.6928306818008423,3.897467572575664e-05,8.49447250366211
0,2443,train,2.160919427871704,3.8969528515544574e-05,11.850481986999512
0,2444,train,1.1527624130249023,3.896438130533251e-05,8.58222770690918
0,2445,train,1.9326852560043335,3.895923409512044e-05,11.024070739746094
0,2446,train,2.1650145053863525,3.895408688490838e-05,11.626803398132324
0,2447,train,2.340542793273926,3.894893967469632e-05,11.210395812988281
0,2448,train,2.2316198348999023,3.8943792464484255e-05,13.254777908325195
0,2449,train,1.9610470533370972,3.8938645254272186e-05,11.876543998718262
0,2450,train,1.962373971939087,3.893349804406012e-05,13.893800735473633
0,2451,train,1.9036027193069458,3.892835083384806e-05,10.843535423278809
0,2452,train,1.4550598859786987,3.892320362363599e-05,12.344213485717773
0,2453,train,1.2809652090072632,3.891805641342392e-05,6.98480224609375
0,2454,train,1.337245225906372,3.891290920321186e-05,10.95685863494873
0,2455,train,2.1153228282928467,3.89077619929998e-05,10.843877792358398
0,2456,train,1.617061972618103,3.8902614782787735e-05,9.508272171020508
0,2457,train,1.9599192142486572,3.8897467572575666e-05,11.597182273864746
0,2458,train,1.9726155996322632,3.88923203623636e-05,10.256296157836914
0,2459,train,1.6886250972747803,3.8887173152151534e-05,11.264469146728516
0,2460,train,1.10843026638031,3.888202594193947e-05,7.2931365966796875
0,2461,train,1.6684069633483887,3.887687873172741e-05,11.133642196655273
0,2462,train,1.867215871810913,3.887173152151534e-05,13.254292488098145
0,2463,train,2.189622402191162,3.886658431130328e-05,11.138236999511719
0,2464,train,1.8956708908081055,3.8861437101091215e-05,10.105765342712402
0,2465,train,1.874845266342163,3.8856289890879146e-05,8.492807388305664
0,2466,train,1.949262261390686,3.885114268066708e-05,11.473189353942871
0,2467,train,1.7347044944763184,3.8845995470455015e-05,10.978301048278809
0,2468,train,1.6306837797164917,3.884084826024295e-05,9.351064682006836
0,2469,train,1.9146093130111694,3.883570105003089e-05,11.125775337219238
0,2470,train,1.4681177139282227,3.883055383981882e-05,8.352653503417969
0,2471,train,1.9717570543289185,3.882540662960675e-05,13.963631629943848
0,2472,train,1.718947172164917,3.882025941939469e-05,9.62809944152832
0,2473,train,1.2407541275024414,3.8815112209182626e-05,7.718406677246094
0,2474,train,1.922902226448059,3.880996499897056e-05,8.728028297424316
0,2475,train,1.7153998613357544,3.8804817788758495e-05,10.479148864746094
0,2476,train,1.7305089235305786,3.879967057854643e-05,9.626076698303223
0,2477,train,1.5266956090927124,3.879452336833437e-05,7.104907512664795
0,2478,train,1.2298989295959473,3.87893761581223e-05,8.023898124694824
0,2479,train,1.8351695537567139,3.878422894791023e-05,15.729069709777832
0,2480,train,1.7069364786148071,3.877908173769817e-05,9.47590446472168
0,2481,train,1.9422566890716553,3.8773934527486107e-05,10.062704086303711
0,2482,train,2.287121295928955,3.8768787317274044e-05,11.676247596740723
0,2483,train,1.3486616611480713,3.876364010706197e-05,10.054191589355469
0,2484,train,1.3724251985549927,3.8758492896849906e-05,10.754251480102539
0,2485,train,1.6893830299377441,3.875334568663784e-05,7.563826560974121
0,2486,train,1.858683705329895,3.874819847642578e-05,9.226128578186035
0,2487,train,1.7805720567703247,3.874305126621371e-05,8.954646110534668
0,2488,train,1.9916692972183228,3.873790405600165e-05,16.210174560546875
0,2489,train,1.89107346534729,3.873275684578959e-05,14.745002746582031
0,2490,train,1.6534119844436646,3.8727609635577524e-05,8.182653427124023
0,2491,train,1.6000516414642334,3.8722462425365455e-05,9.63894271850586
0,2492,train,2.0049657821655273,3.8717315215153386e-05,10.890632629394531
0,2493,train,1.4732755422592163,3.8712168004941323e-05,7.72607946395874
0,2494,train,1.465746283531189,3.870702079472926e-05,9.580788612365723
0,2495,train,1.1868871450424194,3.87018735845172e-05,8.36172866821289
0,2496,train,1.7827860116958618,3.869672637430512e-05,9.202563285827637
0,2497,train,2.2745919227600098,3.869157916409306e-05,9.936137199401855
0,2498,train,2.1024158000946045,3.8686431953881e-05,12.200749397277832
0,2499,train,2.368319034576416,3.8681284743668935e-05,14.413978576660156
0,2500,train,2.167586088180542,3.8676137533456866e-05,12.192005157470703
0,2501,train,1.640418529510498,3.8670990323244804e-05,12.456354141235352
0,2502,train,1.7797329425811768,3.866584311303274e-05,10.000184059143066
0,2503,train,1.6896119117736816,3.866069590282068e-05,10.005030632019043
0,2504,train,1.1479178667068481,3.865554869260861e-05,4.989060878753662
0,2505,train,1.8989514112472534,3.865040148239654e-05,9.048040390014648
0,2506,train,1.801701307296753,3.864525427218448e-05,10.971829414367676
0,2507,train,1.7791543006896973,3.8640107061972416e-05,10.063468933105469
0,2508,train,1.7391940355300903,3.8634959851760346e-05,11.200965881347656
0,2509,train,1.5940567255020142,3.862981264154828e-05,8.655196189880371
0,2510,train,1.7851872444152832,3.8624665431336215e-05,10.163973808288574
0,2511,train,1.8017550706863403,3.861951822112415e-05,11.543957710266113
0,2512,train,1.3429330587387085,3.861437101091209e-05,10.077462196350098
0,2513,train,2.1106371879577637,3.860922380070002e-05,12.73667049407959
0,2514,train,2.7308428287506104,3.860407659048796e-05,14.40380859375
0,2515,train,1.9562742710113525,3.8598929380275896e-05,10.457366943359375
0,2516,train,2.306001663208008,3.859378217006383e-05,11.700288772583008
0,2517,train,2.2631099224090576,3.858863495985176e-05,11.494372367858887
0,2518,train,1.929742455482483,3.8583487749639695e-05,9.40888500213623
0,2519,train,1.4169377088546753,3.857834053942763e-05,9.477755546569824
0,2520,train,2.1661429405212402,3.857319332921557e-05,12.134373664855957
0,2521,train,1.9319429397583008,3.85680461190035e-05,11.259459495544434
0,2522,train,1.8679454326629639,3.856289890879143e-05,8.525014877319336
0,2523,train,2.0384325981140137,3.855775169857937e-05,11.554621696472168
0,2524,train,1.9353471994400024,3.855260448836731e-05,10.173715591430664
0,2525,train,2.1808717250823975,3.8547457278155244e-05,12.603246688842773
0,2526,train,2.322456121444702,3.8542310067943175e-05,13.937431335449219
0,2527,train,1.7236921787261963,3.853716285773111e-05,7.343967437744141
0,2528,train,1.522536039352417,3.853201564751905e-05,9.56710433959961
0,2529,train,1.6687203645706177,3.852686843730699e-05,12.26539134979248
0,2530,train,1.5635926723480225,3.852172122709491e-05,8.804447174072266
0,2531,train,2.005237340927124,3.851657401688285e-05,16.449369430541992
0,2532,train,1.239728331565857,3.851142680667079e-05,8.523667335510254
0,2533,train,1.9960638284683228,3.8506279596458724e-05,15.419567108154297
0,2534,train,2.0920801162719727,3.8501132386246655e-05,11.17897891998291
0,2535,train,2.0985255241394043,3.8495985176034586e-05,11.418519020080566
0,2536,train,1.5128679275512695,3.8490837965822524e-05,8.123394966125488
0,2537,train,1.256367564201355,3.848569075561046e-05,11.65628433227539
0,2538,train,1.616967797279358,3.84805435453984e-05,10.796675682067871
0,2539,train,2.1040868759155273,3.847539633518633e-05,10.897064208984375
0,2540,train,1.9941397905349731,3.847024912497427e-05,10.5377836227417
0,2541,train,1.4511767625808716,3.8465101914762205e-05,7.431658744812012
0,2542,train,1.5901399850845337,3.8459954704550135e-05,8.71878433227539
0,2543,train,2.337794303894043,3.8454807494338066e-05,11.697969436645508
0,2544,train,1.8021174669265747,3.8449660284126004e-05,8.643786430358887
0,2545,train,1.4824090003967285,3.844451307391394e-05,7.491057872772217
0,2546,train,1.8484246730804443,3.843936586370188e-05,9.591543197631836
0,2547,train,1.8183940649032593,3.843421865348981e-05,8.97191047668457
0,2548,train,1.939047932624817,3.842907144327774e-05,8.347341537475586
0,2549,train,0.9363276362419128,3.842392423306568e-05,6.740904331207275
0,2550,train,1.9795361757278442,3.8418777022853616e-05,9.023642539978027
0,2551,train,1.6068412065505981,3.8413629812641546e-05,8.954209327697754
0,2552,train,1.7708690166473389,3.8408482602429484e-05,12.635465621948242
0,2553,train,1.5424973964691162,3.840333539221742e-05,6.941896438598633
0,2554,train,2.0359513759613037,3.839818818200536e-05,9.622106552124023
0,2555,train,1.401166319847107,3.839304097179329e-05,8.518450736999512
0,2556,train,1.971051812171936,3.838789376158122e-05,11.042106628417969
0,2557,train,1.6984492540359497,3.838274655136916e-05,12.09419059753418
0,2558,train,1.4722354412078857,3.8377599341157096e-05,8.428935050964355
0,2559,train,2.69153094291687,3.8372452130945033e-05,12.66919994354248
0,2560,train,1.7065415382385254,3.8367304920732964e-05,10.96221923828125
0,2561,train,1.5174413919448853,3.8362157710520895e-05,8.463151931762695
0,2562,train,2.3739991188049316,3.835701050030883e-05,10.361356735229492
0,2563,train,2.3401427268981934,3.835186329009677e-05,11.853728294372559
0,2564,train,1.6138739585876465,3.83467160798847e-05,9.498394966125488
0,2565,train,2.064272165298462,3.834156886967264e-05,10.446821212768555
0,2566,train,2.024343252182007,3.8336421659460576e-05,12.964475631713867
0,2567,train,2.3927395343780518,3.8331274449248514e-05,10.599271774291992
0,2568,train,1.1914163827896118,3.8326127239036444e-05,7.1522979736328125
0,2569,train,2.415958881378174,3.8320980028824375e-05,12.134164810180664
0,2570,train,2.139618396759033,3.831583281861231e-05,13.374248504638672
0,2571,train,1.648921012878418,3.831068560840025e-05,12.581195831298828
0,2572,train,1.5758532285690308,3.830553839818818e-05,10.764337539672852
0,2573,train,1.8739303350448608,3.830039118797612e-05,11.051901817321777
0,2574,train,1.7826192378997803,3.829524397776405e-05,10.622908592224121
0,2575,train,2.4065873622894287,3.829009676755199e-05,14.186323165893555
0,2576,train,2.0975735187530518,3.8284949557339925e-05,13.278525352478027
0,2577,train,1.405181884765625,3.8279802347127855e-05,7.274743556976318
0,2578,train,1.70661199092865,3.827465513691579e-05,11.40871810913086
0,2579,train,1.4371347427368164,3.826950792670373e-05,4.683840274810791
0,2580,train,1.76044499874115,3.826436071649167e-05,9.681964874267578
0,2581,train,2.0254809856414795,3.82592135062796e-05,9.640523910522461
0,2582,train,1.5096806287765503,3.8254066296067536e-05,9.649276733398438
0,2583,train,2.0610249042510986,3.824891908585547e-05,8.296762466430664
0,2584,train,1.999053955078125,3.8243771875643405e-05,12.66525936126709
0,2585,train,1.6166054010391235,3.8238624665431336e-05,9.952045440673828
0,2586,train,1.7169759273529053,3.823347745521927e-05,8.77639102935791
0,2587,train,1.9112818241119385,3.8228330245007204e-05,10.96546459197998
0,2588,train,2.1204559803009033,3.822318303479514e-05,15.525063514709473
0,2589,train,2.211009979248047,3.821803582458308e-05,11.110329627990723
0,2590,train,1.7033014297485352,3.821288861437101e-05,8.086555480957031
0,2591,train,2.594244956970215,3.820774140415895e-05,10.430572509765625
0,2592,train,1.4433848857879639,3.8202594193946885e-05,9.133772850036621
0,2593,train,2.4596168994903564,3.819744698373482e-05,10.247116088867188
0,2594,train,2.2881968021392822,3.819229977352275e-05,12.674436569213867
0,2595,train,2.1001296043395996,3.818715256331069e-05,13.106073379516602
0,2596,train,1.61495840549469,3.818200535309862e-05,8.821615219116211
0,2597,train,1.5253269672393799,3.817685814288656e-05,8.41047191619873
0,2598,train,2.3256208896636963,3.817171093267449e-05,13.358675003051758
0,2599,train,1.9776949882507324,3.816656372246243e-05,10.860681533813477
0,2600,train,1.39645516872406,3.8161416512250365e-05,9.582701683044434
0,2601,train,1.5309447050094604,3.8156269302038296e-05,8.021849632263184
0,2602,train,2.271481513977051,3.8151122091826234e-05,12.714980125427246
0,2603,train,1.3907313346862793,3.8145974881614164e-05,8.917614936828613
0,2604,train,1.547391414642334,3.81408276714021e-05,8.986486434936523
0,2605,train,2.494171619415283,3.813568046119004e-05,12.74204158782959
0,2606,train,1.895464539527893,3.813053325097797e-05,12.0775785446167
0,2607,train,1.9592180252075195,3.812538604076591e-05,8.27442455291748
0,2608,train,1.8699085712432861,3.8120238830553845e-05,10.707178115844727
0,2609,train,1.8840457201004028,3.8115091620341776e-05,11.133458137512207
0,2610,train,2.0613644123077393,3.8109944410129714e-05,9.400599479675293
0,2611,train,2.0852532386779785,3.8104797199917644e-05,13.828572273254395
0,2612,train,2.256377935409546,3.809964998970558e-05,11.657112121582031
0,2613,train,2.321819305419922,3.809450277949352e-05,8.761763572692871
0,2614,train,1.7011783123016357,3.808935556928145e-05,9.837754249572754
0,2615,train,1.979777216911316,3.808420835906938e-05,12.30620002746582
0,2616,train,2.690155029296875,3.807906114885732e-05,13.541723251342773
0,2617,train,2.566457509994507,3.8073913938645256e-05,9.947770118713379
0,2618,train,2.1961512565612793,3.8068766728433194e-05,10.167000770568848
0,2619,train,2.324223518371582,3.8063619518221125e-05,14.39456844329834
0,2620,train,2.023669481277466,3.805847230800906e-05,14.222854614257812
0,2621,train,1.947269320487976,3.8053325097797e-05,9.666248321533203
0,2622,train,1.797805905342102,3.804817788758493e-05,9.715312957763672
0,2623,train,2.257873773574829,3.804303067737287e-05,11.553667068481445
0,2624,train,1.9995348453521729,3.80378834671608e-05,12.828716278076172
0,2625,train,2.052262544631958,3.8032736256948737e-05,14.296072006225586
0,2626,train,2.0144786834716797,3.8027589046736674e-05,9.26102352142334
0,2627,train,1.8401371240615845,3.8022441836524605e-05,9.815103530883789
0,2628,train,2.1218161582946777,3.8017294626312536e-05,10.66154956817627
0,2629,train,1.7780362367630005,3.801214741610047e-05,10.599871635437012
0,2630,train,1.139803409576416,3.800700020588841e-05,8.674829483032227
0,2631,train,1.5952544212341309,3.800185299567635e-05,8.016779899597168
0,2632,train,1.4970561265945435,3.799670578546428e-05,9.49844741821289
0,2633,train,2.027763843536377,3.799155857525222e-05,11.564167022705078
0,2634,train,2.124356269836426,3.7986411365040154e-05,9.578581809997559
0,2635,train,2.458784341812134,3.7981264154828085e-05,12.238710403442383
0,2636,train,1.5963106155395508,3.7976116944616016e-05,9.486101150512695
0,2637,train,2.0613017082214355,3.7970969734403953e-05,9.416386604309082
0,2638,train,2.2439825534820557,3.796582252419189e-05,12.099827766418457
0,2639,train,2.052107095718384,3.796067531397983e-05,9.08694076538086
0,2640,train,1.7662485837936401,3.795552810376776e-05,8.80213737487793
0,2641,train,2.331566572189331,3.795038089355569e-05,7.431651592254639
0,2642,train,1.6665319204330444,3.794523368334363e-05,9.770447731018066
0,2643,train,1.9862309694290161,3.7940086473131565e-05,9.933923721313477
0,2644,train,1.8612325191497803,3.79349392629195e-05,10.899383544921875
0,2645,train,2.2718279361724854,3.7929792052707434e-05,9.27866268157959
0,2646,train,1.5360746383666992,3.792464484249537e-05,11.608792304992676
0,2647,train,1.6166030168533325,3.791949763228331e-05,10.979660987854004
0,2648,train,1.9236246347427368,3.791435042207124e-05,13.645003318786621
0,2649,train,1.340530276298523,3.790920321185917e-05,7.589895248413086
0,2650,train,2.0460379123687744,3.790405600164711e-05,11.929508209228516
0,2651,train,1.8572033643722534,3.7898908791435045e-05,12.097084045410156
0,2652,train,2.2620720863342285,3.789376158122298e-05,11.429768562316895
0,2653,train,2.04250431060791,3.7888614371010914e-05,9.711564064025879
0,2654,train,1.468693494796753,3.7883467160798845e-05,7.723940849304199
0,2655,train,1.9278514385223389,3.787831995058678e-05,9.484640121459961
0,2656,train,1.5901055335998535,3.787317274037472e-05,8.648198127746582
0,2657,train,2.079881429672241,3.786802553016266e-05,10.29561710357666
0,2658,train,1.9407811164855957,3.786287831995059e-05,10.686148643493652
0,2659,train,2.082991361618042,3.7857731109738526e-05,13.055644989013672
0,2660,train,2.270721435546875,3.785258389952646e-05,13.755265235900879
0,2661,train,2.0180563926696777,3.7847436689314394e-05,12.4313383102417
0,2662,train,2.1169562339782715,3.7842289479102325e-05,14.585773468017578
0,2663,train,2.033886432647705,3.783714226889026e-05,11.911724090576172
0,2664,train,1.233890414237976,3.78319950586782e-05,8.29156494140625
0,2665,train,1.7503169775009155,3.782684784846614e-05,9.157320022583008
0,2666,train,1.2538251876831055,3.782170063825407e-05,8.955291748046875
0,2667,train,1.847485065460205,3.7816553428042e-05,6.991759300231934
0,2668,train,1.6430302858352661,3.781140621782994e-05,8.439238548278809
0,2669,train,1.808883786201477,3.7806259007617874e-05,9.05913257598877
0,2670,train,1.674434781074524,3.7801111797405805e-05,10.337868690490723
0,2671,train,1.0368212461471558,3.779596458719374e-05,7.193880558013916
0,2672,train,1.9551774263381958,3.779081737698168e-05,9.264202117919922
0,2673,train,2.3473033905029297,3.778567016676962e-05,10.175933837890625
0,2674,train,1.7539653778076172,3.778052295655755e-05,8.106169700622559
0,2675,train,1.6767810583114624,3.777537574634548e-05,7.878406524658203
0,2676,train,1.4772131443023682,3.777022853613342e-05,8.028823852539062
0,2677,train,1.7270299196243286,3.7765081325921354e-05,7.797823429107666
0,2678,train,1.30081307888031,3.775993411570929e-05,10.52785587310791
0,2679,train,1.897916316986084,3.7754786905497216e-05,11.323356628417969
0,2680,train,2.1290996074676514,3.7749639695285154e-05,9.73421859741211
0,2681,train,2.4830615520477295,3.774449248507309e-05,10.23697566986084
0,2682,train,2.119617223739624,3.773934527486103e-05,13.416746139526367
0,2683,train,1.405959129333496,3.773419806464896e-05,11.111540794372559
0,2684,train,2.6528940200805664,3.77290508544369e-05,14.651795387268066
0,2685,train,1.5675278902053833,3.7723903644224835e-05,9.86976432800293
0,2686,train,2.4507696628570557,3.771875643401277e-05,12.364327430725098
0,2687,train,1.853458046913147,3.77136092238007e-05,13.592597007751465
0,2688,train,1.7646796703338623,3.7708462013588634e-05,8.763487815856934
0,2689,train,1.6343533992767334,3.770331480337657e-05,8.63512134552002
0,2690,train,1.5310602188110352,3.769816759316451e-05,8.71115779876709
0,2691,train,2.1505000591278076,3.7693020382952446e-05,16.02696990966797
0,2692,train,1.788472294807434,3.768787317274037e-05,12.441985130310059
0,2693,train,1.8810558319091797,3.768272596252831e-05,10.071893692016602
0,2694,train,1.6232359409332275,3.7677578752316246e-05,8.00537395477295
0,2695,train,2.02008056640625,3.767243154210418e-05,9.765915870666504
0,2696,train,1.881087303161621,3.7667284331892114e-05,10.111385345458984
0,2697,train,2.8834240436553955,3.766213712168005e-05,13.882238388061523
0,2698,train,1.4102131128311157,3.765698991146799e-05,8.49398422241211
0,2699,train,1.9406611919403076,3.765184270125593e-05,9.02029037475586
0,2700,train,1.9346474409103394,3.764669549104386e-05,10.721492767333984
0,2701,train,1.4604263305664062,3.764154828083179e-05,9.485488891601562
0,2702,train,2.4539074897766113,3.7636401070619726e-05,8.671801567077637
0,2703,train,1.7778666019439697,3.763125386040766e-05,12.81906509399414
0,2704,train,1.5073846578598022,3.7626106650195594e-05,8.812673568725586
0,2705,train,1.7334990501403809,3.7620959439983525e-05,10.119232177734375
0,2706,train,1.685232162475586,3.761581222977146e-05,6.6454176902771
0,2707,train,2.09366512298584,3.76106650195594e-05,12.558836936950684
0,2708,train,2.129532814025879,3.760551780934734e-05,8.778414726257324
0,2709,train,1.3220754861831665,3.760037059913527e-05,10.751646041870117
0,2710,train,1.8686498403549194,3.7595223388923206e-05,10.139069557189941
0,2711,train,1.1747328042984009,3.7590076178711144e-05,9.792378425598145
0,2712,train,1.5429059267044067,3.758492896849908e-05,9.13059139251709
0,2713,train,1.7128640413284302,3.7579781758287005e-05,15.050741195678711
0,2714,train,1.3874554634094238,3.757463454807494e-05,11.336817741394043
0,2715,train,1.7274236679077148,3.756948733786288e-05,10.82918930053711
0,2716,train,1.750209927558899,3.756434012765082e-05,12.850502967834473
0,2717,train,1.8302363157272339,3.755919291743875e-05,12.862260818481445
0,2718,train,2.0251924991607666,3.755404570722668e-05,11.307304382324219
0,2719,train,2.1253700256347656,3.754889849701462e-05,9.674175262451172
0,2720,train,2.4190971851348877,3.7543751286802555e-05,11.785054206848145
0,2721,train,1.8102644681930542,3.753860407659049e-05,11.056774139404297
0,2722,train,1.5914276838302612,3.753345686637842e-05,12.031082153320312
0,2723,train,1.29264235496521,3.752830965616636e-05,7.76587438583374
0,2724,train,1.4169628620147705,3.75231624459543e-05,8.78522777557373
0,2725,train,2.020207166671753,3.751801523574223e-05,14.296049118041992
0,2726,train,1.7226544618606567,3.7512868025530166e-05,7.182566165924072
0,2727,train,1.6781818866729736,3.75077208153181e-05,8.74858283996582
0,2728,train,2.3267223834991455,3.7502573605106035e-05,9.544172286987305
0,2729,train,2.2183704376220703,3.749742639489397e-05,12.41889476776123
0,2730,train,1.4960637092590332,3.74922791846819e-05,10.524051666259766
0,2731,train,1.324646234512329,3.7487131974469834e-05,9.887364387512207
0,2732,train,2.2471091747283936,3.748198476425777e-05,10.48505973815918
0,2733,train,1.6737173795700073,3.747683755404571e-05,8.62185287475586
0,2734,train,1.4116979837417603,3.747169034383364e-05,7.550859451293945
0,2735,train,0.955113410949707,3.746654313362158e-05,5.8611650466918945
0,2736,train,1.3122318983078003,3.7461395923409515e-05,7.455878257751465
0,2737,train,2.0129942893981934,3.745624871319745e-05,12.114829063415527
0,2738,train,1.5982927083969116,3.745110150298538e-05,6.843757152557373
0,2739,train,1.8638514280319214,3.744595429277332e-05,9.423855781555176
0,2740,train,2.117037296295166,3.744080708256125e-05,11.569035530090332
0,2741,train,2.1560537815093994,3.743565987234919e-05,8.898357391357422
0,2742,train,1.5990668535232544,3.743051266213713e-05,6.913471698760986
0,2743,train,1.6862283945083618,3.742536545192506e-05,7.079468727111816
0,2744,train,1.6848039627075195,3.742021824171299e-05,9.80439567565918
0,2745,train,1.953566074371338,3.7415071031500926e-05,8.293869972229004
0,2746,train,1.8662843704223633,3.7409923821288863e-05,8.443219184875488
0,2747,train,2.1272590160369873,3.7404776611076794e-05,10.082804679870605
0,2748,train,2.1725854873657227,3.739962940086473e-05,11.183714866638184
0,2749,train,0.6994594931602478,3.739448219065267e-05,4.798415184020996
0,2750,train,1.2278085947036743,3.738933498044061e-05,8.886205673217773
0,2751,train,1.7961175441741943,3.738418777022854e-05,8.82558822631836
0,2752,train,1.2197632789611816,3.7379040560016475e-05,8.842890739440918
0,2753,train,2.5484018325805664,3.737389334980441e-05,11.157259941101074
0,2754,train,2.2373151779174805,3.7368746139592344e-05,11.341273307800293
0,2755,train,2.0817668437957764,3.736359892938028e-05,12.436968803405762
0,2756,train,2.733835220336914,3.735845171916821e-05,11.460898399353027
0,2757,train,2.3486781120300293,3.735330450895614e-05,12.135600090026855
0,2758,train,2.3311545848846436,3.734815729874408e-05,12.616353988647461
0,2759,train,1.3339180946350098,3.734301008853202e-05,11.00964069366455
0,2760,train,1.7028156518936157,3.733786287831995e-05,9.253880500793457
0,2761,train,1.884122371673584,3.7332715668107886e-05,12.978257179260254
0,2762,train,1.3945574760437012,3.7327568457895824e-05,7.331841468811035
0,2763,train,1.405053734779358,3.732242124768376e-05,6.987443447113037
0,2764,train,1.517654299736023,3.731727403747169e-05,9.365488052368164
0,2765,train,1.6249574422836304,3.731212682725963e-05,10.107401847839355
0,2766,train,1.9796249866485596,3.730697961704757e-05,10.37402629852295
0,2767,train,2.0134737491607666,3.73018324068355e-05,9.52879810333252
0,2768,train,2.1870734691619873,3.729668519662343e-05,11.60513687133789
0,2769,train,1.988921046257019,3.7291537986411366e-05,11.544922828674316
0,2770,train,2.399623394012451,3.72863907761993e-05,10.805745124816895
0,2771,train,2.0587611198425293,3.7281243565987235e-05,8.808510780334473
0,2772,train,1.9648921489715576,3.727609635577517e-05,10.710644721984863
0,2773,train,2.1213057041168213,3.72709491455631e-05,12.345429420471191
0,2774,train,1.7065551280975342,3.726580193535104e-05,10.018940925598145
0,2775,train,1.3653115034103394,3.726065472513898e-05,6.8253326416015625
0,2776,train,1.5743498802185059,3.7255507514926916e-05,12.881444931030273
0,2777,train,1.528477668762207,3.725036030471485e-05,9.293917655944824
0,2778,train,1.7709311246871948,3.7245213094502784e-05,11.638795852661133
0,2779,train,2.0549871921539307,3.724006588429072e-05,8.118019104003906
0,2780,train,1.477360725402832,3.723491867407865e-05,7.034031391143799
0,2781,train,1.8669557571411133,3.722977146386658e-05,10.899252891540527
0,2782,train,1.3892039060592651,3.722462425365452e-05,7.77046012878418
0,2783,train,1.6289142370224,3.721947704344245e-05,9.386921882629395
0,2784,train,1.9066945314407349,3.721432983323039e-05,10.253491401672363
0,2785,train,1.8856117725372314,3.720918262301833e-05,10.625816345214844
0,2786,train,1.9108306169509888,3.720403541280626e-05,12.572244644165039
0,2787,train,2.6145851612091064,3.7198888202594195e-05,10.714118957519531
0,2788,train,1.6472409963607788,3.719374099238213e-05,10.382524490356445
0,2789,train,2.065088987350464,3.7188593782170064e-05,9.150874137878418
0,2790,train,2.5146892070770264,3.7183446571958e-05,15.032633781433105
0,2791,train,1.860026478767395,3.717829936174594e-05,7.05403470993042
0,2792,train,2.176746368408203,3.7173152151533876e-05,12.616336822509766
0,2793,train,1.888405203819275,3.716800494132181e-05,9.923478126525879
0,2794,train,1.5426472425460815,3.716285773110974e-05,11.138607025146484
0,2795,train,2.065220832824707,3.7157710520897675e-05,9.923282623291016
0,2796,train,2.2456822395324707,3.7152563310685606e-05,11.355878829956055
0,2797,train,2.3300676345825195,3.7147416100473544e-05,12.790962219238281
0,2798,train,1.8661075830459595,3.7142268890261475e-05,11.6902494430542
0,2799,train,1.2878326177597046,3.713712168004941e-05,8.61502456665039
0,2800,train,1.6732739210128784,3.713197446983735e-05,10.423108100891113
0,2801,train,1.7857654094696045,3.712682725962529e-05,9.811025619506836
0,2802,train,2.172150135040283,3.712168004941322e-05,9.68298625946045
0,2803,train,1.5292158126831055,3.7116532839201156e-05,8.720840454101562
0,2804,train,1.8890786170959473,3.711138562898909e-05,12.695406913757324
0,2805,train,2.354947566986084,3.710623841877703e-05,11.220208168029785
0,2806,train,1.4159544706344604,3.710109120856496e-05,9.04282283782959
0,2807,train,1.7242459058761597,3.709594399835289e-05,9.193718910217285
0,2808,train,1.4029349088668823,3.709079678814083e-05,9.766119003295898
0,2809,train,1.7869795560836792,3.708564957792876e-05,11.07811450958252
0,2810,train,1.992777943611145,3.70805023677167e-05,10.061840057373047
0,2811,train,2.016258478164673,3.707535515750463e-05,10.664360046386719
0,2812,train,1.903601050376892,3.7070207947292567e-05,13.364513397216797
0,2813,train,1.730193018913269,3.7065060737080504e-05,13.328987121582031
0,2814,train,2.0961029529571533,3.705991352686844e-05,13.764030456542969
0,2815,train,2.103018283843994,3.705476631665637e-05,11.751532554626465
0,2816,train,1.6598275899887085,3.704961910644431e-05,9.495427131652832
0,2817,train,1.975877046585083,3.704447189623225e-05,10.707958221435547
0,2818,train,2.048203945159912,3.7039324686020185e-05,9.157389640808105
0,2819,train,1.5589889287948608,3.7034177475808116e-05,9.227896690368652
0,2820,train,2.493748188018799,3.702903026559605e-05,11.13261604309082
0,2821,train,1.7608989477157593,3.7023883055383984e-05,13.14186954498291
0,2822,train,1.3432362079620361,3.7018735845171915e-05,7.805877685546875
0,2823,train,2.1601369380950928,3.701358863495985e-05,11.09942626953125
0,2824,train,2.0371880531311035,3.7008441424747783e-05,9.211838722229004
0,2825,train,1.706460952758789,3.700329421453572e-05,10.196737289428711
0,2826,train,1.472057580947876,3.699814700432366e-05,8.310098648071289
0,2827,train,2.052035093307495,3.6992999794111596e-05,11.005361557006836
0,2828,train,2.2723159790039062,3.698785258389953e-05,10.045195579528809
0,2829,train,1.2186237573623657,3.6982705373687465e-05,6.091950416564941
0,2830,train,2.0768685340881348,3.69775581634754e-05,8.356318473815918
0,2831,train,1.9483017921447754,3.697241095326334e-05,12.19688606262207
0,2832,train,2.1138527393341064,3.6967263743051264e-05,9.525452613830566
0,2833,train,1.870270013809204,3.69621165328392e-05,11.26407241821289
0,2834,train,2.169142484664917,3.695696932262714e-05,13.011905670166016
0,2835,train,1.2423382997512817,3.695182211241507e-05,8.295327186584473
0,2836,train,2.061716318130493,3.694667490220301e-05,10.788797378540039
0,2837,train,2.439469337463379,3.694152769199094e-05,13.76625919342041
0,2838,train,1.8157821893692017,3.6936380481778876e-05,8.601359367370605
0,2839,train,1.6481304168701172,3.693123327156681e-05,9.115418434143066
0,2840,train,1.449806809425354,3.692608606135475e-05,12.71180534362793
0,2841,train,2.1287500858306885,3.692093885114268e-05,10.813314437866211
0,2842,train,1.6467496156692505,3.691579164093062e-05,10.793392181396484
0,2843,train,1.6162245273590088,3.6910644430718557e-05,13.289848327636719
0,2844,train,1.1137645244598389,3.6905497220506494e-05,5.701924800872803
0,2845,train,2.0674445629119873,3.690035001029442e-05,9.438118934631348
0,2846,train,1.5068014860153198,3.6895202800082356e-05,16.16132354736328
0,2847,train,2.3361518383026123,3.689005558987029e-05,10.059661865234375
0,2848,train,2.558070182800293,3.6884908379658224e-05,14.737897872924805
0,2849,train,1.7928733825683594,3.687976116944616e-05,10.487485885620117
0,2850,train,1.714455485343933,3.687461395923409e-05,11.569558143615723
0,2851,train,2.1017115116119385,3.686946674902203e-05,15.605524063110352
0,2852,train,2.0213253498077393,3.686431953880997e-05,10.326973915100098
0,2853,train,1.4839532375335693,3.6859172328597905e-05,12.122288703918457
0,2854,train,1.3007615804672241,3.6854025118385836e-05,10.957208633422852
0,2855,train,1.8914633989334106,3.6848877908173773e-05,12.159784317016602
0,2856,train,1.7853868007659912,3.684373069796171e-05,12.222798347473145
0,2857,train,2.099464178085327,3.683858348774964e-05,14.180903434753418
0,2858,train,1.859385371208191,3.683343627753757e-05,9.008479118347168
0,2859,train,1.6551628112792969,3.682828906732551e-05,6.683206558227539
0,2860,train,1.5432769060134888,3.682314185711345e-05,9.902002334594727
0,2861,train,2.094130039215088,3.6817994646901385e-05,11.243104934692383
0,2862,train,1.636081337928772,3.6812847436689316e-05,10.10417366027832
0,2863,train,1.4646666049957275,3.680770022647725e-05,8.885510444641113
0,2864,train,1.9154795408248901,3.6802553016265184e-05,12.268367767333984
0,2865,train,2.292522430419922,3.679740580605312e-05,10.17300796508789
0,2866,train,2.322695255279541,3.679225859584105e-05,15.566228866577148
0,2867,train,1.5469343662261963,3.678711138562899e-05,12.805822372436523
0,2868,train,1.623581051826477,3.678196417541693e-05,14.082324981689453
0,2869,train,1.4788342714309692,3.6776816965204866e-05,9.269632339477539
0,2870,train,1.3588358163833618,3.6771669754992796e-05,10.78824520111084
0,2871,train,2.171748638153076,3.676652254478073e-05,11.4559326171875
0,2872,train,2.020601511001587,3.6761375334568665e-05,9.14702320098877
0,2873,train,1.8311141729354858,3.67562281243566e-05,9.687646865844727
0,2874,train,1.9888960123062134,3.675108091414454e-05,8.441349983215332
0,2875,train,1.7508918046951294,3.6745933703932464e-05,8.58027458190918
0,2876,train,1.2650887966156006,3.67407864937204e-05,7.826559066772461
0,2877,train,1.736599326133728,3.673563928350834e-05,7.953371047973633
0,2878,train,1.4544697999954224,3.6730492073296276e-05,11.040595054626465
0,2879,train,2.4525952339172363,3.672534486308421e-05,8.939030647277832
0,2880,train,1.5372061729431152,3.6720197652872145e-05,9.063559532165527
0,2881,train,2.1469311714172363,3.671505044266008e-05,11.005117416381836
0,2882,train,2.6709189414978027,3.670990323244802e-05,13.051332473754883
0,2883,train,1.9876763820648193,3.670475602223595e-05,12.870946884155273
0,2884,train,1.4781391620635986,3.669960881202388e-05,14.291166305541992
0,2885,train,2.2056596279144287,3.669446160181182e-05,12.655526161193848
0,2886,train,1.5961658954620361,3.668931439159976e-05,7.424725532531738
0,2887,train,1.5133696794509888,3.668416718138769e-05,8.43698501586914
0,2888,train,1.6636372804641724,3.667901997117562e-05,11.49267578125
0,2889,train,2.4585702419281006,3.6673872760963556e-05,13.490819931030273
0,2890,train,1.6024107933044434,3.6668725550751493e-05,10.133317947387695
0,2891,train,1.8833006620407104,3.666357834053943e-05,8.879716873168945
0,2892,train,1.30287766456604,3.665843113032736e-05,10.228107452392578
0,2893,train,2.369807481765747,3.66532839201153e-05,11.360441207885742
0,2894,train,1.5257291793823242,3.664813670990324e-05,10.283269882202148
0,2895,train,1.698360800743103,3.6642989499691174e-05,8.299971580505371
0,2896,train,2.0003678798675537,3.6637842289479105e-05,8.831171989440918
0,2897,train,2.21425724029541,3.663269507926704e-05,11.423500061035156
0,2898,train,1.9418548345565796,3.6627547869054974e-05,11.010727882385254
0,2899,train,1.8634804487228394,3.662240065884291e-05,11.872525215148926
0,2900,train,2.138897180557251,3.661725344863084e-05,10.0881929397583
0,2901,train,1.8931554555892944,3.661210623841877e-05,11.503211975097656
0,2902,train,1.0965055227279663,3.660695902820671e-05,5.684350967407227
0,2903,train,1.7660589218139648,3.660181181799465e-05,12.09121036529541
0,2904,train,1.9452670812606812,3.6596664607782585e-05,10.471238136291504
0,2905,train,1.4547295570373535,3.6591517397570516e-05,10.188589096069336
0,2906,train,1.7539442777633667,3.6586370187358454e-05,11.10425853729248
0,2907,train,1.6568924188613892,3.658122297714639e-05,8.281494140625
0,2908,train,2.0508317947387695,3.657607576693433e-05,9.633223533630371
0,2909,train,2.056140184402466,3.657092855672226e-05,9.186116218566895
0,2910,train,1.8564425706863403,3.65657813465102e-05,11.527997016906738
0,2911,train,1.2680516242980957,3.656063413629813e-05,7.350347995758057
0,2912,train,1.9645922183990479,3.6555486926086066e-05,10.020245552062988
0,2913,train,1.7772939205169678,3.6550339715873996e-05,11.49500560760498
0,2914,train,1.7682064771652222,3.654519250566193e-05,11.334497451782227
0,2915,train,2.3191347122192383,3.6540045295449865e-05,9.4893217086792
0,2916,train,2.228628158569336,3.65348980852378e-05,9.696532249450684
0,2917,train,1.7904328107833862,3.652975087502574e-05,10.215660095214844
0,2918,train,1.2113267183303833,3.652460366481367e-05,8.793451309204102
0,2919,train,1.9110336303710938,3.651945645460161e-05,10.67100715637207
0,2920,train,1.269923448562622,3.6514309244389546e-05,8.105953216552734
0,2921,train,1.8191001415252686,3.6509162034177477e-05,10.486712455749512
0,2922,train,1.9789350032806396,3.6504014823965414e-05,9.302238464355469
0,2923,train,1.4205126762390137,3.649886761375335e-05,7.936836242675781
0,2924,train,1.8684290647506714,3.649372040354128e-05,8.99106216430664
0,2925,train,1.5569546222686768,3.648857319332922e-05,10.666626930236816
0,2926,train,1.8694666624069214,3.648342598311715e-05,9.676769256591797
0,2927,train,1.486898422241211,3.647827877290508e-05,8.993439674377441
0,2928,train,1.3496761322021484,3.647313156269302e-05,9.14985466003418
0,2929,train,1.9579757452011108,3.646798435248096e-05,7.366526126861572
0,2930,train,2.2782227993011475,3.646283714226889e-05,13.802979469299316
0,2931,train,2.0927224159240723,3.6457689932056825e-05,11.133885383605957
0,2932,train,2.473226547241211,3.645254272184476e-05,12.376176834106445
0,2933,train,2.25653076171875,3.64473955116327e-05,8.97209358215332
0,2934,train,1.8432986736297607,3.644224830142063e-05,9.78280258178711
0,2935,train,1.5129481554031372,3.643710109120857e-05,9.832818984985352
0,2936,train,1.6658415794372559,3.6431953880996506e-05,9.331058502197266
0,2937,train,1.9098131656646729,3.642680667078444e-05,11.396925926208496
0,2938,train,1.4966520071029663,3.6421659460572375e-05,9.03447437286377
0,2939,train,2.2450146675109863,3.6416512250360305e-05,10.718635559082031
0,2940,train,1.7374458312988281,3.6411365040148236e-05,8.292533874511719
0,2941,train,2.1014363765716553,3.6406217829936174e-05,9.554929733276367
0,2942,train,1.325265884399414,3.640107061972411e-05,8.586729049682617
0,2943,train,1.2902195453643799,3.639592340951204e-05,9.748056411743164
0,2944,train,1.610467791557312,3.639077619929998e-05,9.264775276184082
0,2945,train,2.054403066635132,3.638562898908792e-05,11.006918907165527
0,2946,train,1.8145259618759155,3.6380481778875855e-05,10.677499771118164
0,2947,train,1.702472448348999,3.6375334568663786e-05,8.47060775756836
0,2948,train,1.5246025323867798,3.637018735845172e-05,11.270574569702148
0,2949,train,1.591525673866272,3.636504014823966e-05,8.495485305786133
0,2950,train,1.6099046468734741,3.635989293802759e-05,10.573822021484375
0,2951,train,3.0666890144348145,3.635474572781553e-05,13.703646659851074
0,2952,train,1.3964885473251343,3.634959851760346e-05,5.5869059562683105
0,2953,train,2.230013370513916,3.634445130739139e-05,11.088447570800781
0,2954,train,1.457692265510559,3.633930409717933e-05,8.324625968933105
0,2955,train,1.3150895833969116,3.6334156886967266e-05,8.065507888793945
0,2956,train,1.7015373706817627,3.6329009676755197e-05,11.244147300720215
0,2957,train,2.061626672744751,3.6323862466543134e-05,10.119283676147461
0,2958,train,1.5529589653015137,3.631871525633107e-05,9.957618713378906
0,2959,train,1.6885716915130615,3.631356804611901e-05,10.639281272888184
0,2960,train,1.4517954587936401,3.630842083590694e-05,8.321569442749023
0,2961,train,1.4777315855026245,3.630327362569488e-05,10.41087532043457
0,2962,train,2.366161346435547,3.6298126415482815e-05,9.529245376586914
0,2963,train,2.5300393104553223,3.6292979205270746e-05,14.686711311340332
0,2964,train,2.0067050457000732,3.628783199505868e-05,12.481538772583008
0,2965,train,1.690165638923645,3.6282684784846614e-05,9.326988220214844
0,2966,train,1.6534807682037354,3.6277537574634545e-05,9.15746021270752
0,2967,train,2.086963176727295,3.627239036442248e-05,12.186084747314453
0,2968,train,1.950429081916809,3.626724315421042e-05,8.539012908935547
0,2969,train,1.5469757318496704,3.626209594399835e-05,9.245057106018066
0,2970,train,1.8989776372909546,3.625694873378629e-05,11.028826713562012
0,2971,train,1.489046335220337,3.6251801523574226e-05,7.9923834800720215
0,2972,train,2.0389935970306396,3.6246654313362164e-05,9.96445369720459
0,2973,train,1.5933051109313965,3.6241507103150094e-05,9.108728408813477
0,2974,train,2.186676263809204,3.623635989293803e-05,13.210273742675781
0,2975,train,2.2433056831359863,3.623121268272597e-05,11.940982818603516
0,2976,train,1.7165637016296387,3.62260654725139e-05,8.836626052856445
0,2977,train,2.010977268218994,3.622091826230183e-05,11.046319961547852
0,2978,train,2.136378765106201,3.621577105208977e-05,11.84918212890625
0,2979,train,2.0927751064300537,3.62106238418777e-05,12.425103187561035
0,2980,train,2.54486346244812,3.620547663166564e-05,13.221951484680176
0,2981,train,1.403653621673584,3.6200329421453575e-05,9.005870819091797
0,2982,train,1.8726025819778442,3.6195182211241505e-05,10.906437873840332
0,2983,train,1.518648624420166,3.619003500102944e-05,9.58939266204834
0,2984,train,1.5865129232406616,3.618488779081738e-05,7.934947967529297
0,2985,train,1.5349938869476318,3.617974058060531e-05,9.237605094909668
0,2986,train,1.7868274450302124,3.617459337039325e-05,8.69681167602539
0,2987,train,1.8373867273330688,3.6169446160181187e-05,11.878029823303223
0,2988,train,2.117417097091675,3.6164298949969124e-05,10.574663162231445
0,2989,train,1.8231607675552368,3.6159151739757055e-05,10.123760223388672
0,2990,train,1.928238034248352,3.6154004529544986e-05,12.41562271118164
0,2991,train,1.4565190076828003,3.614885731933292e-05,11.476838111877441
0,2992,train,1.547930121421814,3.6143710109120854e-05,9.950703620910645
0,2993,train,1.4754401445388794,3.613856289890879e-05,7.391775131225586
0,2994,train,1.7514621019363403,3.613341568869672e-05,9.966658592224121
0,2995,train,2.1184346675872803,3.612826847848466e-05,12.400971412658691
0,2996,train,1.9979522228240967,3.61231212682726e-05,11.051414489746094
0,2997,train,2.413499116897583,3.6117974058060535e-05,10.229373931884766
0,2998,train,2.167192220687866,3.6112826847848466e-05,11.378259658813477
0,2999,train,2.7168359756469727,3.6107679637636403e-05,12.275068283081055
0,3000,train,2.29980206489563,3.610253242742434e-05,14.147193908691406
0,3001,train,2.4701852798461914,3.609738521721228e-05,16.385080337524414
0,3002,train,1.4332261085510254,3.609223800700021e-05,7.339997291564941
0,3003,train,1.7431650161743164,3.608709079678814e-05,11.113052368164062
0,3004,train,2.016401529312134,3.608194358657608e-05,10.496339797973633
0,3005,train,1.5530853271484375,3.6076796376364015e-05,8.980225563049316
0,3006,train,1.7982516288757324,3.6071649166151946e-05,10.298157691955566
0,3007,train,2.003997802734375,3.606650195593988e-05,12.448888778686523
0,3008,train,2.142103910446167,3.6061354745727814e-05,12.589683532714844
0,3009,train,1.8677374124526978,3.605620753551575e-05,8.04974365234375
0,3010,train,1.5950878858566284,3.605106032530369e-05,10.984360694885254
0,3011,train,1.5678290128707886,3.604591311509162e-05,8.581844329833984
0,3012,train,1.2837157249450684,3.604076590487956e-05,7.93739652633667
0,3013,train,1.2449945211410522,3.6035618694667495e-05,8.808699607849121
0,3014,train,1.8901913166046143,3.603047148445543e-05,10.670594215393066
0,3015,train,1.7514032125473022,3.6025324274243364e-05,6.899074077606201
0,3016,train,1.9086953401565552,3.6020177064031295e-05,9.394780158996582
0,3017,train,2.0622739791870117,3.601502985381923e-05,10.898040771484375
0,3018,train,1.8986939191818237,3.600988264360717e-05,9.08273983001709
0,3019,train,2.015315532684326,3.60047354333951e-05,13.453222274780273
0,3020,train,1.26559579372406,3.599958822318303e-05,7.345221996307373
0,3021,train,2.222564697265625,3.599444101297097e-05,13.808868408203125
0,3022,train,1.7434521913528442,3.5989293802758906e-05,12.063333511352539
0,3023,train,1.7686015367507935,3.5984146592546844e-05,10.097275733947754
0,3024,train,1.1899341344833374,3.5978999382334775e-05,6.447450160980225
0,3025,train,1.9851149320602417,3.597385217212271e-05,8.24688720703125
0,3026,train,1.293147325515747,3.596870496191065e-05,9.27910041809082
0,3027,train,2.089810609817505,3.596355775169859e-05,11.5009183883667
0,3028,train,1.986600637435913,3.595841054148651e-05,11.131434440612793
0,3029,train,2.2825613021850586,3.595326333127445e-05,12.302732467651367
0,3030,train,2.100339889526367,3.594811612106239e-05,13.096206665039062
0,3031,train,2.0171167850494385,3.5942968910850324e-05,12.075482368469238
0,3032,train,1.6107860803604126,3.5937821700638255e-05,9.359560012817383
0,3033,train,1.4886951446533203,3.5932674490426186e-05,16.33448028564453
0,3034,train,1.6813938617706299,3.592752728021412e-05,10.864982604980469
0,3035,train,1.887001395225525,3.592238007000206e-05,11.913336753845215
0,3036,train,2.2954139709472656,3.591723285979e-05,11.148978233337402
0,3037,train,2.4142024517059326,3.591208564957793e-05,12.68744945526123
0,3038,train,1.3354899883270264,3.590693843936587e-05,9.187789916992188
0,3039,train,2.100552797317505,3.5901791229153804e-05,10.91775131225586
0,3040,train,1.956038475036621,3.5896644018941735e-05,13.1012601852417
0,3041,train,1.9293487071990967,3.589149680872967e-05,10.542155265808105
0,3042,train,1.740122675895691,3.5886349598517604e-05,11.299434661865234
0,3043,train,1.8893311023712158,3.588120238830554e-05,12.668954849243164
0,3044,train,1.7603851556777954,3.587605517809348e-05,10.333805084228516
0,3045,train,1.2131850719451904,3.587090796788141e-05,6.938796520233154
0,3046,train,1.4442951679229736,3.586576075766934e-05,10.633174896240234
0,3047,train,2.636629581451416,3.586061354745728e-05,14.118175506591797
0,3048,train,2.055119514465332,3.5855466337245215e-05,10.535316467285156
0,3049,train,2.087205648422241,3.5850319127033146e-05,14.364326477050781
0,3050,train,1.7025706768035889,3.5845171916821084e-05,8.692525863647461
0,3051,train,1.2170686721801758,3.584002470660902e-05,10.774054527282715
0,3052,train,2.0226573944091797,3.583487749639696e-05,11.299322128295898
0,3053,train,1.8562614917755127,3.582973028618489e-05,10.863137245178223
0,3054,train,2.4753098487854004,3.582458307597283e-05,10.789752960205078
0,3055,train,2.3050215244293213,3.581943586576076e-05,8.982649803161621
0,3056,train,1.6235722303390503,3.5814288655548696e-05,10.326403617858887
0,3057,train,1.850754737854004,3.580914144533663e-05,11.79265022277832
0,3058,train,1.8683242797851562,3.580399423512456e-05,12.267207145690918
0,3059,train,2.1224966049194336,3.5798847024912495e-05,8.430203437805176
0,3060,train,1.456816554069519,3.579369981470043e-05,8.906972885131836
0,3061,train,1.986538290977478,3.578855260448837e-05,9.534345626831055
0,3062,train,2.028438091278076,3.57834053942763e-05,10.110349655151367
0,3063,train,3.009075403213501,3.577825818406424e-05,14.533020973205566
0,3064,train,1.4729032516479492,3.5773110973852176e-05,9.668106079101562
0,3065,train,1.4151960611343384,3.576796376364011e-05,9.874436378479004
0,3066,train,1.6706093549728394,3.5762816553428044e-05,11.580591201782227
0,3067,train,2.7759034633636475,3.575766934321598e-05,10.205414772033691
0,3068,train,1.6277498006820679,3.575252213300391e-05,10.0416841506958
0,3069,train,1.1602917909622192,3.574737492279185e-05,8.942113876342773
0,3070,train,2.4402060508728027,3.574222771257979e-05,9.737492561340332
0,3071,train,1.497516393661499,3.573708050236771e-05,8.861854553222656
0,3072,train,2.627673864364624,3.573193329215565e-05,12.398691177368164
0,3073,train,2.419691801071167,3.572678608194359e-05,8.959320068359375
0,3074,train,1.2612881660461426,3.5721638871731524e-05,8.248153686523438
0,3075,train,2.0096323490142822,3.5716491661519455e-05,9.637874603271484
0,3076,train,1.9077016115188599,3.571134445130739e-05,11.130647659301758
0,3077,train,2.0430760383605957,3.570619724109533e-05,9.98408317565918
0,3078,train,1.9071660041809082,3.570105003088327e-05,10.598493576049805
0,3079,train,2.102964401245117,3.56959028206712e-05,9.4259614944458
0,3080,train,1.7235835790634155,3.5690755610459136e-05,10.849459648132324
0,3081,train,1.6125741004943848,3.568560840024707e-05,9.213851928710938
0,3082,train,1.832352876663208,3.5680461190035005e-05,13.242388725280762
0,3083,train,2.0227842330932617,3.5675313979822935e-05,12.130300521850586
0,3084,train,1.4330044984817505,3.5670166769610866e-05,6.382750988006592
0,3085,train,1.7611163854599,3.5665019559398804e-05,9.81800651550293
0,3086,train,1.9265750646591187,3.565987234918674e-05,8.56008243560791
0,3087,train,2.2980949878692627,3.565472513897468e-05,10.121973037719727
0,3088,train,1.2275663614273071,3.564957792876261e-05,10.354903221130371
0,3089,train,2.0541791915893555,3.564443071855055e-05,9.99793529510498
0,3090,train,1.7098519802093506,3.5639283508338485e-05,8.351229667663574
0,3091,train,2.432626485824585,3.563413629812642e-05,11.02481746673584
0,3092,train,2.095445156097412,3.562898908791435e-05,11.89706039428711
0,3093,train,1.5274831056594849,3.562384187770229e-05,10.671426773071289
0,3094,train,1.9155548810958862,3.561869466749022e-05,14.054289817810059
0,3095,train,1.3975032567977905,3.561354745727816e-05,10.662967681884766
0,3096,train,1.068806767463684,3.560840024706609e-05,10.22320556640625
0,3097,train,2.256696939468384,3.560325303685402e-05,10.603856086730957
0,3098,train,1.940739631652832,3.559810582664196e-05,8.359604835510254
0,3099,train,1.670661449432373,3.5592958616429896e-05,9.203193664550781
0,3100,train,1.675108790397644,3.558781140621783e-05,8.257231712341309
0,3101,train,1.5440932512283325,3.5582664196005764e-05,7.750605583190918
0,3102,train,1.4365208148956299,3.55775169857937e-05,8.05036449432373
0,3103,train,1.702284574508667,3.557236977558164e-05,10.850868225097656
0,3104,train,1.99251389503479,3.556722256536958e-05,11.949077606201172
0,3105,train,2.059622287750244,3.556207535515751e-05,12.422112464904785
0,3106,train,1.860453486442566,3.5556928144945445e-05,13.329971313476562
0,3107,train,1.513495922088623,3.5551780934733376e-05,7.245317459106445
0,3108,train,1.4335230588912964,3.5546633724521313e-05,9.526641845703125
0,3109,train,1.8797743320465088,3.5541486514309244e-05,9.228912353515625
0,3110,train,2.340031862258911,3.5536339304097175e-05,10.157865524291992
0,3111,train,1.9621461629867554,3.553119209388511e-05,8.251592636108398
0,3112,train,2.1263833045959473,3.552604488367305e-05,12.662115097045898
0,3113,train,2.087524652481079,3.552089767346099e-05,11.71725845336914
0,3114,train,1.888600468635559,3.551575046324892e-05,9.71371841430664
0,3115,train,0.9330701231956482,3.5510603253036856e-05,5.601939678192139
0,3116,train,2.0266082286834717,3.5505456042824794e-05,9.830251693725586
0,3117,train,2.5532236099243164,3.5500308832612724e-05,10.41441822052002
0,3118,train,1.7967638969421387,3.549516162240066e-05,8.351991653442383
0,3119,train,2.0703935623168945,3.54900144121886e-05,11.625028610229492
0,3120,train,1.3149118423461914,3.548486720197653e-05,6.277510643005371
0,3121,train,2.222543954849243,3.547971999176447e-05,12.849756240844727
0,3122,train,1.8942296504974365,3.54745727815524e-05,12.124856948852539
0,3123,train,1.2816698551177979,3.546942557134033e-05,6.852903842926025
0,3124,train,1.553908109664917,3.546427836112827e-05,9.245672225952148
0,3125,train,1.5265833139419556,3.5459131150916205e-05,9.844608306884766
0,3126,train,1.9568915367126465,3.5453983940704135e-05,15.186470031738281
0,3127,train,1.946213960647583,3.544883673049207e-05,8.169787406921387
0,3128,train,1.8889639377593994,3.544368952028001e-05,10.458044052124023
0,3129,train,1.7412961721420288,3.543854231006795e-05,10.175909042358398
0,3130,train,1.6518454551696777,3.543339509985588e-05,8.289213180541992
0,3131,train,2.1712899208068848,3.5428247889643816e-05,12.245359420776367
0,3132,train,2.3762776851654053,3.5423100679431754e-05,9.424392700195312
0,3133,train,2.3707504272460938,3.5417953469219685e-05,12.235651969909668
0,3134,train,2.2682607173919678,3.541280625900762e-05,9.742655754089355
0,3135,train,1.7358700037002563,3.540765904879555e-05,8.915010452270508
0,3136,train,1.7670514583587646,3.5402511838583484e-05,13.40618896484375
0,3137,train,1.6480406522750854,3.539736462837142e-05,8.013895988464355
0,3138,train,1.8588097095489502,3.539221741815936e-05,8.256836891174316
0,3139,train,2.2554166316986084,3.538707020794729e-05,10.273009300231934
0,3140,train,1.8093817234039307,3.538192299773523e-05,9.65463924407959
0,3141,train,1.2602530717849731,3.5376775787523165e-05,6.816781520843506
0,3142,train,1.4781781435012817,3.53716285773111e-05,6.428823471069336
0,3143,train,2.0128557682037354,3.536648136709903e-05,10.842738151550293
0,3144,train,1.5464409589767456,3.536133415688697e-05,7.868239879608154
0,3145,train,1.7030792236328125,3.535618694667491e-05,13.366625785827637
0,3146,train,1.7601381540298462,3.535103973646284e-05,10.585843086242676
0,3147,train,1.118660569190979,3.534589252625077e-05,7.693341255187988
0,3148,train,2.404049873352051,3.534074531603871e-05,12.815337181091309
0,3149,train,1.8626419305801392,3.5335598105826645e-05,12.166109085083008
0,3150,train,2.095587730407715,3.5330450895614576e-05,13.476496696472168
0,3151,train,2.308814287185669,3.5325303685402514e-05,12.24419116973877
0,3152,train,2.169877529144287,3.5320156475190444e-05,9.835683822631836
0,3153,train,1.3641873598098755,3.531500926497838e-05,8.982020378112793
0,3154,train,1.3600256443023682,3.530986205476632e-05,8.459484100341797
0,3155,train,1.5836480855941772,3.530471484455426e-05,6.434476375579834
0,3156,train,2.1383566856384277,3.529956763434219e-05,14.857771873474121
0,3157,train,2.099453926086426,3.5294420424130125e-05,9.563261985778809
0,3158,train,2.3295211791992188,3.528927321391806e-05,11.07454776763916
0,3159,train,1.6340045928955078,3.5284126003705994e-05,10.091373443603516
0,3160,train,1.9385727643966675,3.5278978793493925e-05,11.205077171325684
0,3161,train,1.6167770624160767,3.527383158328186e-05,7.35772180557251
0,3162,train,1.5233100652694702,3.52686843730698e-05,8.2337064743042
0,3163,train,1.993761658668518,3.526353716285773e-05,10.130249977111816
0,3164,train,1.949133276939392,3.525838995264567e-05,11.512433052062988
0,3165,train,1.7152504920959473,3.52532427424336e-05,13.551955223083496
0,3166,train,1.919677734375,3.5248095532221536e-05,8.78897476196289
0,3167,train,1.8967270851135254,3.5242948322009474e-05,10.67482852935791
0,3168,train,1.4499164819717407,3.523780111179741e-05,8.844287872314453
0,3169,train,1.7412986755371094,3.523265390158534e-05,7.238498687744141
0,3170,train,2.1985509395599365,3.522750669137328e-05,10.487689971923828
0,3171,train,2.032905340194702,3.522235948116122e-05,9.368208885192871
0,3172,train,1.6710025072097778,3.521721227094915e-05,8.033784866333008
0,3173,train,1.0106397867202759,3.521206506073708e-05,8.666579246520996
0,3174,train,1.8703032732009888,3.5206917850525017e-05,10.107683181762695
0,3175,train,1.6860039234161377,3.5201770640312954e-05,9.156707763671875
0,3176,train,1.56284499168396,3.5196623430100885e-05,9.857494354248047
0,3177,train,1.3548260927200317,3.519147621988882e-05,7.828097343444824
0,3178,train,2.1058285236358643,3.518632900967675e-05,11.757878303527832
0,3179,train,1.7477879524230957,3.518118179946469e-05,12.213898658752441
0,3180,train,1.6769436597824097,3.517603458925263e-05,9.389486312866211
0,3181,train,1.9295144081115723,3.517088737904056e-05,9.217525482177734
0,3182,train,1.535466194152832,3.51657401688285e-05,9.435236930847168
0,3183,train,1.8336962461471558,3.5160592958616434e-05,12.068582534790039
0,3184,train,1.716566801071167,3.515544574840437e-05,13.780338287353516
0,3185,train,1.8214725255966187,3.51502985381923e-05,9.853418350219727
0,3186,train,1.7287200689315796,3.5145151327980233e-05,12.324112892150879
0,3187,train,1.479549765586853,3.514000411776817e-05,10.525355339050293
0,3188,train,1.7066079378128052,3.513485690755611e-05,8.314872741699219
0,3189,train,1.7723058462142944,3.512970969734404e-05,8.77546215057373
0,3190,train,1.5916240215301514,3.512456248713197e-05,10.872122764587402
0,3191,train,1.483446478843689,3.511941527691991e-05,9.558184623718262
0,3192,train,1.8744980096817017,3.5114268066707845e-05,9.145210266113281
0,3193,train,1.5531803369522095,3.510912085649578e-05,9.46992301940918
0,3194,train,1.3491847515106201,3.5103973646283714e-05,9.85247802734375
0,3195,train,2.2617902755737305,3.509882643607165e-05,10.043717384338379
0,3196,train,1.1751352548599243,3.509367922585959e-05,8.533248901367188
0,3197,train,1.1248277425765991,3.5088532015647526e-05,7.791228771209717
0,3198,train,1.6096982955932617,3.508338480543546e-05,11.075632095336914
0,3199,train,1.8757039308547974,3.507823759522339e-05,11.861349105834961
0,3200,train,1.6721607446670532,3.5073090385011326e-05,9.327006340026855
0,3201,train,2.598811388015747,3.506794317479926e-05,16.04352569580078
0,3202,train,1.6754966974258423,3.5062795964587194e-05,11.156522750854492
0,3203,train,1.5523121356964111,3.5057648754375125e-05,8.162480354309082
0,3204,train,1.3754197359085083,3.505250154416306e-05,9.953704833984375
0,3205,train,1.878192663192749,3.5047354333951e-05,9.295266151428223
0,3206,train,1.5517417192459106,3.504220712373894e-05,7.88737678527832
0,3207,train,1.3005023002624512,3.503705991352687e-05,7.960236072540283
0,3208,train,1.5176479816436768,3.5031912703314806e-05,10.035828590393066
0,3209,train,1.6704168319702148,3.502676549310274e-05,7.359792709350586
0,3210,train,1.8713780641555786,3.502161828289068e-05,11.808703422546387
0,3211,train,2.1297876834869385,3.501647107267861e-05,9.606396675109863
0,3212,train,1.8748408555984497,3.501132386246654e-05,10.993663787841797
0,3213,train,1.7426466941833496,3.500617665225448e-05,13.5485200881958
0,3214,train,1.6002495288848877,3.500102944204242e-05,8.7302827835083
0,3215,train,1.9249167442321777,3.499588223183035e-05,10.128691673278809
0,3216,train,1.327652096748352,3.499073502161828e-05,6.680450916290283
0,3217,train,1.1251105070114136,3.498558781140622e-05,7.741714000701904
0,3218,train,2.097064971923828,3.4980440601194154e-05,9.948461532592773
0,3219,train,1.1512033939361572,3.497529339098209e-05,6.362574577331543
0,3220,train,1.6591989994049072,3.497014618077002e-05,8.54092788696289
0,3221,train,2.2025041580200195,3.496499897055796e-05,9.904261589050293
0,3222,train,1.618031620979309,3.49598517603459e-05,11.695683479309082
0,3223,train,2.2375328540802,3.4954704550133835e-05,12.880062103271484
0,3224,train,1.6522181034088135,3.4949557339921766e-05,9.826602935791016
0,3225,train,2.0608415603637695,3.49444101297097e-05,8.439358711242676
0,3226,train,1.6635949611663818,3.4939262919497634e-05,7.332818984985352
0,3227,train,2.5047285556793213,3.493411570928557e-05,14.469210624694824
0,3228,train,1.4365216493606567,3.49289684990735e-05,7.698953628540039
0,3229,train,1.8062036037445068,3.4923821288861434e-05,11.596479415893555
0,3230,train,1.6931575536727905,3.491867407864937e-05,9.587169647216797
0,3231,train,2.079883098602295,3.491352686843731e-05,9.258746147155762
0,3232,train,1.8984483480453491,3.4908379658225246e-05,9.2756929397583
0,3233,train,1.9995933771133423,3.490323244801318e-05,12.466361999511719
0,3234,train,1.5895438194274902,3.4898085237801115e-05,8.816105842590332
0,3235,train,1.7116926908493042,3.489293802758905e-05,11.844350814819336
0,3236,train,2.1815452575683594,3.488779081737698e-05,13.089066505432129
0,3237,train,1.7581384181976318,3.488264360716492e-05,10.112955093383789
0,3238,train,2.083406925201416,3.487749639695285e-05,12.091273307800293
0,3239,train,2.339557647705078,3.487234918674079e-05,11.311017036437988
0,3240,train,1.8034740686416626,3.4867201976528726e-05,7.737987518310547
0,3241,train,1.450243592262268,3.486205476631666e-05,10.066017150878906
0,3242,train,1.4822415113449097,3.485690755610459e-05,10.783724784851074
0,3243,train,1.1249372959136963,3.4851760345892526e-05,7.46210241317749
0,3244,train,1.9331880807876587,3.484661313568046e-05,11.169760704040527
0,3245,train,2.0511622428894043,3.4841465925468394e-05,10.849472045898438
0,3246,train,2.0431816577911377,3.483631871525633e-05,11.929431915283203
0,3247,train,1.9061455726623535,3.483117150504427e-05,12.207120895385742
0,3248,train,2.157078266143799,3.482602429483221e-05,10.7781400680542
0,3249,train,2.847367286682129,3.482087708462014e-05,13.954009056091309
0,3250,train,1.8010387420654297,3.4815729874408075e-05,8.33955192565918
0,3251,train,1.8644250631332397,3.4810582664196006e-05,9.910998344421387
0,3252,train,1.4116976261138916,3.4805435453983943e-05,9.35700511932373
0,3253,train,1.5379737615585327,3.480028824377188e-05,11.08547592163086
0,3254,train,1.5846866369247437,3.4795141033559805e-05,8.619392395019531
0,3255,train,1.7811790704727173,3.478999382334774e-05,9.715919494628906
0,3256,train,1.8993942737579346,3.478484661313568e-05,9.390897750854492
0,3257,train,1.6318128108978271,3.477969940292362e-05,11.813835144042969
0,3258,train,2.4719810485839844,3.477455219271155e-05,15.570313453674316
0,3259,train,2.066347360610962,3.4769404982499486e-05,10.738058090209961
0,3260,train,2.6300554275512695,3.4764257772287424e-05,9.998651504516602
0,3261,train,1.8808960914611816,3.475911056207536e-05,10.039328575134277
0,3262,train,1.4683256149291992,3.475396335186329e-05,6.993345260620117
0,3263,train,2.453507423400879,3.474881614165123e-05,11.822212219238281
0,3264,train,2.385526180267334,3.474366893143916e-05,10.718993186950684
0,3265,train,1.5892364978790283,3.47385217212271e-05,10.363327026367188
0,3266,train,1.0195086002349854,3.4733374511015035e-05,6.880692005157471
0,3267,train,2.239562511444092,3.472822730080296e-05,7.859770774841309
0,3268,train,2.1607654094696045,3.47230800905909e-05,10.510030746459961
0,3269,train,1.4266090393066406,3.4717932880378835e-05,9.04751205444336
0,3270,train,1.9798616170883179,3.471278567016677e-05,11.828728675842285
0,3271,train,1.7280362844467163,3.47076384599547e-05,8.307463645935059
0,3272,train,1.6966089010238647,3.470249124974264e-05,11.574792861938477
0,3273,train,1.7122507095336914,3.469734403953058e-05,11.107038497924805
0,3274,train,1.5341588258743286,3.4692196829318516e-05,9.342562675476074
0,3275,train,1.4290965795516968,3.4687049619106446e-05,7.811841011047363
0,3276,train,1.5938971042633057,3.4681902408894384e-05,10.26292896270752
0,3277,train,1.5732258558273315,3.4676755198682315e-05,8.086501121520996
0,3278,train,2.4835357666015625,3.467160798847025e-05,13.270136833190918
0,3279,train,1.883303165435791,3.466646077825818e-05,15.07479190826416
0,3280,train,1.2899630069732666,3.4661313568046114e-05,7.1278839111328125
0,3281,train,1.94708251953125,3.465616635783405e-05,10.308979988098145
0,3282,train,2.0276706218719482,3.465101914762199e-05,7.050832748413086
0,3283,train,2.159757375717163,3.4645871937409927e-05,11.002681732177734
0,3284,train,1.7410690784454346,3.464072472719786e-05,12.441025733947754
0,3285,train,1.75236976146698,3.4635577516985795e-05,7.914637088775635
0,3286,train,1.8850032091140747,3.463043030677373e-05,11.919986724853516
0,3287,train,1.384587049484253,3.462528309656167e-05,9.482298851013184
0,3288,train,1.4423128366470337,3.46201358863496e-05,8.675817489624023
0,3289,train,1.2972806692123413,3.461498867613754e-05,5.8760223388671875
0,3290,train,1.6528244018554688,3.460984146592547e-05,9.395347595214844
0,3291,train,1.9381980895996094,3.460469425571341e-05,11.20285701751709
0,3292,train,1.732391119003296,3.459954704550134e-05,9.087321281433105
0,3293,train,1.3557897806167603,3.4594399835289275e-05,7.622248649597168
0,3294,train,1.694240927696228,3.4589252625077206e-05,10.400284767150879
0,3295,train,2.3483223915100098,3.4584105414865144e-05,11.715147972106934
0,3296,train,1.311590313911438,3.457895820465308e-05,10.939473152160645
0,3297,train,1.5180432796478271,3.457381099444101e-05,9.07724666595459
0,3298,train,1.2539196014404297,3.456866378422895e-05,7.666797637939453
0,3299,train,2.240758180618286,3.456351657401689e-05,11.057586669921875
0,3300,train,1.5356892347335815,3.455836936380482e-05,8.91591739654541
0,3301,train,2.7538371086120605,3.4553222153592755e-05,13.911577224731445
0,3302,train,1.2209174633026123,3.454807494338069e-05,9.250259399414062
0,3303,train,1.7826743125915527,3.4542927733168624e-05,10.842806816101074
0,3304,train,1.594887137413025,3.453778052295656e-05,6.998860836029053
0,3305,train,1.9287285804748535,3.453263331274449e-05,10.489175796508789
0,3306,train,1.2793952226638794,3.452748610253243e-05,7.532324314117432
0,3307,train,2.1069908142089844,3.452233889232036e-05,10.983988761901855
0,3308,train,1.7143933773040771,3.45171916821083e-05,8.99574089050293
0,3309,train,2.420474052429199,3.451204447189623e-05,12.405624389648438
0,3310,train,1.8612631559371948,3.4506897261684166e-05,11.269553184509277
0,3311,train,1.7087668180465698,3.4501750051472104e-05,10.407127380371094
0,3312,train,2.15533185005188,3.449660284126004e-05,10.055965423583984
0,3313,train,1.763506293296814,3.449145563104797e-05,10.66701889038086
0,3314,train,1.4186255931854248,3.448630842083591e-05,9.731828689575195
0,3315,train,1.659990668296814,3.448116121062385e-05,12.357142448425293
0,3316,train,2.599916934967041,3.447601400041178e-05,14.29564380645752
0,3317,train,1.8843010663986206,3.4470866790199716e-05,8.924485206604004
0,3318,train,0.9962800741195679,3.4465719579987647e-05,6.913791656494141
0,3319,train,1.8244470357894897,3.4460572369775584e-05,9.105448722839355
0,3320,train,1.9246594905853271,3.4455425159563515e-05,8.552861213684082
0,3321,train,2.0323848724365234,3.445027794935145e-05,11.808571815490723
0,3322,train,2.5611014366149902,3.444513073913938e-05,11.174817085266113
0,3323,train,2.2905454635620117,3.443998352892732e-05,10.241548538208008
0,3324,train,1.4438109397888184,3.443483631871526e-05,7.607583999633789
0,3325,train,1.5579330921173096,3.4429689108503196e-05,10.164775848388672
0,3326,train,1.618374228477478,3.442454189829113e-05,10.099814414978027
0,3327,train,1.4812005758285522,3.4419394688079064e-05,7.633116245269775
0,3328,train,2.170940399169922,3.4414247477867e-05,10.496683120727539
0,3329,train,1.8637888431549072,3.440910026765494e-05,11.11660099029541
0,3330,train,1.099825382232666,3.440395305744287e-05,8.988204956054688
0,3331,train,1.9747109413146973,3.43988058472308e-05,10.669527053833008
0,3332,train,1.2796179056167603,3.439365863701874e-05,6.7604289054870605
0,3333,train,1.370813012123108,3.438851142680667e-05,8.790811538696289
0,3334,train,1.7578381299972534,3.438336421659461e-05,12.21608829498291
0,3335,train,2.1776344776153564,3.437821700638254e-05,15.346957206726074
0,3336,train,2.1035573482513428,3.4373069796170475e-05,9.812840461730957
0,3337,train,1.8060141801834106,3.436792258595841e-05,10.311721801757812
0,3338,train,2.851438283920288,3.436277537574635e-05,15.093297004699707
0,3338,val,2.52353979325762,3.436277537574635e-05,
1,3339,train,2.0408689975738525,3.435762816553428e-05,11.122641563415527
1,3340,train,1.5051084756851196,3.435248095532222e-05,9.231554985046387
1,3341,train,1.2712072134017944,3.4347333745110156e-05,7.835206985473633
1,3342,train,2.369652271270752,3.4342186534898094e-05,17.31698226928711
1,3343,train,1.0813194513320923,3.433703932468602e-05,6.965151309967041
1,3344,train,1.3807178735733032,3.4331892114473955e-05,8.270001411437988
1,3345,train,1.1241340637207031,3.432674490426189e-05,8.79129695892334
1,3346,train,2.2912771701812744,3.4321597694049824e-05,11.922270774841309
1,3347,train,1.746446132659912,3.431645048383776e-05,13.641127586364746
1,3348,train,1.2048081159591675,3.431130327362569e-05,6.761384010314941
1,3349,train,2.3087246417999268,3.430615606341363e-05,10.645833969116211
1,3350,train,1.440870761871338,3.430100885320157e-05,10.090060234069824
1,3351,train,2.0349173545837402,3.4295861642989505e-05,13.076640129089355
1,3352,train,1.2670682668685913,3.4290714432777436e-05,9.451335906982422
1,3353,train,2.1686606407165527,3.428556722256537e-05,11.329246520996094
1,3354,train,1.4336724281311035,3.428042001235331e-05,11.381397247314453
1,3355,train,1.7071903944015503,3.427527280214125e-05,9.16740608215332
1,3356,train,2.2923264503479004,3.427012559192917e-05,13.897078514099121
1,3357,train,1.3123701810836792,3.426497838171711e-05,7.907547950744629
1,3358,train,2.2301559448242188,3.425983117150505e-05,10.777079582214355
1,3359,train,1.4277985095977783,3.425468396129298e-05,9.570059776306152
1,3360,train,1.3102761507034302,3.4249536751080916e-05,7.338067054748535
1,3361,train,1.2355892658233643,3.424438954086885e-05,7.60723352432251
1,3362,train,1.356879472732544,3.4239242330656784e-05,6.505652904510498
1,3363,train,1.1678776741027832,3.423409512044472e-05,7.046070098876953
1,3364,train,1.7317829132080078,3.422894791023266e-05,8.571420669555664
1,3365,train,2.4210169315338135,3.422380070002059e-05,12.249311447143555
1,3366,train,1.5333075523376465,3.421865348980853e-05,8.257330894470215
1,3367,train,1.586849570274353,3.4213506279596465e-05,10.995604515075684
1,3368,train,1.4802595376968384,3.4208359069384396e-05,12.576892852783203
1,3369,train,1.1408615112304688,3.420321185917233e-05,12.18285083770752
1,3370,train,1.9445072412490845,3.4198064648960264e-05,9.053017616271973
1,3371,train,1.0796902179718018,3.41929174387482e-05,8.272529602050781
1,3372,train,1.5633466243743896,3.418777022853613e-05,9.646139144897461
1,3373,train,1.3015201091766357,3.418262301832407e-05,8.357414245605469
1,3374,train,1.5469446182250977,3.4177475808112e-05,10.742839813232422
1,3375,train,1.6511328220367432,3.417232859789994e-05,10.536375999450684
1,3376,train,1.3248130083084106,3.4167181387687876e-05,9.267864227294922
1,3377,train,2.1374709606170654,3.416203417747581e-05,13.603078842163086
1,3378,train,0.9984256625175476,3.4156886967263745e-05,6.631195545196533
1,3379,train,1.9103480577468872,3.415173975705168e-05,13.76301383972168
1,3380,train,1.1146892309188843,3.414659254683962e-05,8.611824989318848
1,3381,train,1.9749221801757812,3.414144533662755e-05,14.790637016296387
1,3382,train,1.149648904800415,3.413629812641548e-05,7.2085466384887695
1,3383,train,1.7827552556991577,3.413115091620342e-05,13.682877540588379
1,3384,train,2.2010793685913086,3.4126003705991356e-05,11.58189582824707
1,3385,train,2.1117212772369385,3.412085649577929e-05,12.248824119567871
1,3386,train,1.0252203941345215,3.411570928556722e-05,6.982061862945557
1,3387,train,1.785750389099121,3.4110562075355156e-05,9.072980880737305
1,3388,train,1.1926043033599854,3.410541486514309e-05,8.793642044067383
1,3389,train,1.421462059020996,3.410026765493103e-05,8.189579963684082
1,3390,train,1.2708863019943237,3.409512044471896e-05,7.780794143676758
1,3391,train,1.326833724975586,3.40899732345069e-05,8.981142044067383
1,3392,train,1.8766659498214722,3.408482602429484e-05,10.099648475646973
1,3393,train,1.6109708547592163,3.4079678814082774e-05,8.371837615966797
1,3394,train,1.8151957988739014,3.4074531603870705e-05,6.933581352233887
1,3395,train,1.573922872543335,3.4069384393658636e-05,12.278249740600586
1,3396,train,1.8388794660568237,3.406423718344657e-05,10.56781005859375
1,3397,train,1.0348269939422607,3.405908997323451e-05,9.620060920715332
1,3398,train,0.702743411064148,3.405394276302244e-05,4.835099697113037
1,3399,train,1.076704740524292,3.404879555281037e-05,7.913869380950928
1,3400,train,1.555069088935852,3.404364834259831e-05,6.9452314376831055
1,3401,train,2.3173556327819824,3.403850113238625e-05,11.988672256469727
1,3402,train,1.271608591079712,3.4033353922174185e-05,7.422995090484619
1,3403,train,1.4901058673858643,3.4028206711962116e-05,8.328612327575684
1,3404,train,1.2513256072998047,3.4023059501750054e-05,7.48728609085083
1,3405,train,1.6007287502288818,3.401791229153799e-05,9.316564559936523
1,3406,train,1.4095319509506226,3.401276508132593e-05,7.797234058380127
1,3407,train,1.2837185859680176,3.400761787111386e-05,6.864324569702148
1,3408,train,0.9819933772087097,3.400247066090179e-05,7.589481830596924
1,3409,train,1.6243535280227661,3.399732345068973e-05,8.866851806640625
1,3410,train,1.8551374673843384,3.3992176240477665e-05,10.509943962097168
1,3411,train,1.8355190753936768,3.3987029030265596e-05,10.275919914245605
1,3412,train,1.5488805770874023,3.398188182005353e-05,7.881358623504639
1,3413,train,1.468760371208191,3.3976734609841465e-05,9.210297584533691
1,3414,train,1.2754267454147339,3.39715873996294e-05,9.913688659667969
1,3415,train,1.5545271635055542,3.396644018941734e-05,8.636094093322754
1,3416,train,1.7144709825515747,3.396129297920527e-05,12.457830429077148
1,3417,train,1.1631550788879395,3.395614576899321e-05,8.164015769958496
1,3418,train,1.8809640407562256,3.3950998558781146e-05,10.049407958984375
1,3419,train,1.2337646484375,3.394585134856908e-05,9.355687141418457
1,3420,train,1.2222421169281006,3.3940704138357014e-05,8.2099027633667
1,3421,train,1.7482126951217651,3.3935556928144945e-05,13.151121139526367
1,3422,train,1.0346601009368896,3.393040971793288e-05,8.674304008483887
1,3423,train,2.257774591445923,3.392526250772082e-05,13.975866317749023
1,3424,train,1.3630667924880981,3.392011529750875e-05,9.79040813446045
1,3425,train,1.4999163150787354,3.391496808729668e-05,9.96053409576416
1,3426,train,1.7604572772979736,3.390982087708462e-05,10.479740142822266
1,3427,train,1.1931016445159912,3.3904673666872557e-05,7.041093349456787
1,3428,train,2.017742395401001,3.3899526456660494e-05,11.736770629882812
1,3429,train,1.9483282566070557,3.3894379246448425e-05,12.610028266906738
1,3430,train,1.7277666330337524,3.388923203623636e-05,8.916053771972656
1,3431,train,1.580718994140625,3.38840848260243e-05,8.572688102722168
1,3432,train,1.1036125421524048,3.387893761581223e-05,7.203648090362549
1,3433,train,1.2959407567977905,3.387379040560017e-05,7.3992085456848145
1,3434,train,1.564143180847168,3.38686431953881e-05,8.240574836730957
1,3435,train,1.0219823122024536,3.386349598517604e-05,7.261988162994385
1,3436,train,1.059938669204712,3.3858348774963974e-05,7.56057596206665
1,3437,train,2.083082914352417,3.3853201564751905e-05,11.571377754211426
1,3438,train,1.8691318035125732,3.3848054354539836e-05,12.940437316894531
1,3439,train,1.8536094427108765,3.3842907144327773e-05,11.088828086853027
1,3440,train,1.5579050779342651,3.383775993411571e-05,10.432194709777832
1,3441,train,2.095639705657959,3.383261272390364e-05,10.810038566589355
1,3442,train,1.5938245058059692,3.382746551369158e-05,10.321218490600586
1,3443,train,1.494451642036438,3.382231830347952e-05,9.376588821411133
1,3444,train,1.8783336877822876,3.3817171093267455e-05,13.297282218933105
1,3445,train,2.4141252040863037,3.3812023883055385e-05,10.97152042388916
1,3446,train,1.6473172903060913,3.380687667284332e-05,8.8341064453125
1,3447,train,1.42998206615448,3.3801729462631254e-05,8.87734603881836
1,3448,train,1.2761814594268799,3.379658225241919e-05,9.393386840820312
1,3449,train,1.5835504531860352,3.379143504220713e-05,10.274741172790527
1,3450,train,1.8314365148544312,3.378628783199506e-05,11.23244857788086
1,3451,train,1.793482780456543,3.378114062178299e-05,9.75512981414795
1,3452,train,1.3167436122894287,3.377599341157093e-05,7.890268325805664
1,3453,train,1.9142839908599854,3.3770846201358865e-05,9.990204811096191
1,3454,train,1.6830116510391235,3.3765698991146796e-05,10.834046363830566
1,3455,train,1.2246941328048706,3.3760551780934734e-05,7.287424564361572
1,3456,train,1.1554306745529175,3.375540457072267e-05,6.435961723327637
1,3457,train,2.232182502746582,3.375025736051061e-05,10.175182342529297
1,3458,train,1.3216432332992554,3.374511015029854e-05,8.136271476745605
1,3459,train,1.0474485158920288,3.373996294008648e-05,6.352999687194824
1,3460,train,1.2614785432815552,3.373481572987441e-05,6.4876298904418945
1,3461,train,1.6288774013519287,3.3729668519662346e-05,10.347575187683105
1,3462,train,1.67117440700531,3.372452130945028e-05,14.700387001037598
1,3463,train,1.7806745767593384,3.3719374099238214e-05,9.325796127319336
1,3464,train,1.6737468242645264,3.3714226889026145e-05,9.953548431396484
1,3465,train,2.073981523513794,3.370907967881408e-05,12.539654731750488
1,3466,train,1.3577278852462769,3.370393246860202e-05,8.40757942199707
1,3467,train,1.2641665935516357,3.369878525838995e-05,7.7158284187316895
1,3468,train,1.220637321472168,3.369363804817789e-05,6.663764476776123
1,3469,train,1.7199031114578247,3.3688490837965826e-05,9.227659225463867
1,3470,train,1.788381576538086,3.3683343627753763e-05,12.991230010986328
1,3471,train,1.9146653413772583,3.3678196417541694e-05,9.649405479431152
1,3472,train,1.276076078414917,3.367304920732963e-05,7.323487281799316
1,3473,train,1.672095537185669,3.366790199711757e-05,10.662829399108887
1,3474,train,1.878986120223999,3.36627547869055e-05,12.084089279174805
1,3475,train,1.8677624464035034,3.365760757669343e-05,11.957377433776855
1,3476,train,1.3549399375915527,3.365246036648137e-05,7.949555397033691
1,3477,train,1.0490270853042603,3.36473131562693e-05,6.863600254058838
1,3478,train,1.4902091026306152,3.364216594605724e-05,9.91107177734375
1,3479,train,1.492666244506836,3.3637018735845174e-05,7.198416709899902
1,3480,train,1.6288362741470337,3.3631871525633105e-05,11.540514945983887
1,3481,train,1.521970510482788,3.362672431542104e-05,8.188435554504395
1,3482,train,2.115809202194214,3.362157710520898e-05,10.839320182800293
1,3483,train,2.2172584533691406,3.361642989499692e-05,13.380858421325684
1,3484,train,2.13449764251709,3.361128268478485e-05,10.68835735321045
1,3485,train,0.9624501466751099,3.3606135474572786e-05,10.575704574584961
1,3486,train,0.8339430689811707,3.3600988264360724e-05,6.93347692489624
1,3487,train,1.8818702697753906,3.3595841054148655e-05,12.835929870605469
1,3488,train,2.0088796615600586,3.3590693843936585e-05,11.675447463989258
1,3489,train,1.1905173063278198,3.358554663372452e-05,7.1924285888671875
1,3490,train,0.9709698557853699,3.3580399423512454e-05,5.596570014953613
1,3491,train,1.8949697017669678,3.357525221330039e-05,9.11740779876709
1,3492,train,2.0533831119537354,3.357010500308833e-05,9.69686222076416
1,3493,train,1.6045218706130981,3.356495779287626e-05,9.0038480758667
1,3494,train,1.421138882637024,3.35598105826642e-05,8.168808937072754
1,3495,train,1.68854558467865,3.3554663372452135e-05,10.781105995178223
1,3496,train,1.3339632749557495,3.3549516162240066e-05,10.189996719360352
1,3497,train,1.6928156614303589,3.3544368952028e-05,10.112805366516113
1,3498,train,1.3747867345809937,3.353922174181594e-05,8.884793281555176
1,3499,train,2.059727907180786,3.353407453160388e-05,11.084188461303711
1,3500,train,1.5061712265014648,3.352892732139181e-05,8.356393814086914
1,3501,train,1.371841311454773,3.352378011117974e-05,8.7720947265625
1,3502,train,1.6367038488388062,3.351863290096768e-05,9.532905578613281
1,3503,train,1.358093500137329,3.351348569075561e-05,9.114004135131836
1,3504,train,2.0112898349761963,3.3508338480543546e-05,12.116819381713867
1,3505,train,1.8990157842636108,3.3503191270331477e-05,11.266127586364746
1,3506,train,1.775782585144043,3.3498044060119414e-05,10.238958358764648
1,3507,train,1.2549630403518677,3.349289684990735e-05,9.68544864654541
1,3508,train,1.5529979467391968,3.348774963969529e-05,7.796010494232178
1,3509,train,1.7306092977523804,3.348260242948322e-05,9.301249504089355
1,3510,train,1.9922064542770386,3.347745521927116e-05,8.92143440246582
1,3511,train,1.456386685371399,3.3472308009059095e-05,10.931642532348633
1,3512,train,2.0605337619781494,3.346716079884703e-05,9.47515869140625
1,3513,train,1.5157194137573242,3.3462013588634964e-05,10.270429611206055
1,3514,train,2.6717329025268555,3.3456866378422894e-05,12.806282043457031
1,3515,train,1.6943750381469727,3.345171916821083e-05,8.252331733703613
1,3516,train,1.2370930910110474,3.344657195799876e-05,9.049779891967773
1,3517,train,1.7367572784423828,3.34414247477867e-05,11.15209674835205
1,3518,train,1.4063163995742798,3.343627753757463e-05,9.585718154907227
1,3519,train,1.4480628967285156,3.343113032736257e-05,7.502050876617432
1,3520,train,1.1641596555709839,3.3425983117150506e-05,9.255640983581543
1,3521,train,2.1820740699768066,3.3420835906938444e-05,15.505980491638184
1,3522,train,1.515468716621399,3.3415688696726375e-05,9.093351364135742
1,3523,train,1.3152697086334229,3.341054148651431e-05,10.519186973571777
1,3524,train,2.0258240699768066,3.340539427630225e-05,13.011980056762695
1,3525,train,1.8780330419540405,3.340024706609019e-05,8.410345077514648
1,3526,train,1.405082106590271,3.339509985587812e-05,10.443536758422852
1,3527,train,2.1355674266815186,3.338995264566605e-05,13.657255172729492
1,3528,train,1.2636003494262695,3.3384805435453986e-05,8.808381080627441
1,3529,train,1.7900484800338745,3.337965822524192e-05,8.898299217224121
1,3530,train,1.2341288328170776,3.3374511015029855e-05,7.9219279289245605
1,3531,train,1.973581314086914,3.3369363804817786e-05,10.794869422912598
1,3532,train,2.216831684112549,3.336421659460572e-05,11.423795700073242
1,3533,train,0.8257724642753601,3.335906938439366e-05,6.327483654022217
1,3534,train,1.9132956266403198,3.33539221741816e-05,8.156505584716797
1,3535,train,1.2615629434585571,3.334877496396953e-05,6.562508583068848
1,3536,train,2.0242486000061035,3.3343627753757467e-05,10.42739486694336
1,3537,train,1.4459567070007324,3.3338480543545404e-05,7.810957908630371
1,3538,train,1.5373640060424805,3.333333333333334e-05,9.554929733276367
1,3539,train,1.8591691255569458,3.3328186123121266e-05,11.863394737243652
1,3540,train,1.9921560287475586,3.33230389129092e-05,10.750289916992188
1,3541,train,1.4984010457992554,3.331789170269714e-05,11.083061218261719
1,3542,train,1.9584439992904663,3.331274449248507e-05,10.538131713867188
1,3543,train,0.9984163045883179,3.330759728227301e-05,5.889830589294434
1,3544,train,1.956708312034607,3.330245007206094e-05,12.864839553833008
1,3545,train,1.4938695430755615,3.329730286184888e-05,6.939393997192383
1,3546,train,1.9661117792129517,3.3292155651636815e-05,9.971291542053223
1,3547,train,1.469618558883667,3.328700844142475e-05,9.065725326538086
1,3548,train,1.2797664403915405,3.3281861231212683e-05,7.272679805755615
1,3549,train,1.9946130514144897,3.327671402100062e-05,12.803935050964355
1,3550,train,1.0760833024978638,3.327156681078856e-05,7.345789909362793
1,3551,train,1.461063027381897,3.326641960057649e-05,10.965970039367676
1,3552,train,1.895975112915039,3.326127239036442e-05,12.323830604553223
1,3553,train,1.310768723487854,3.325612518015236e-05,8.161748886108398
1,3554,train,1.733751654624939,3.3250977969940295e-05,8.837705612182617
1,3555,train,1.285944938659668,3.3245830759728226e-05,7.531930923461914
1,3556,train,1.557822823524475,3.3240683549516164e-05,10.094500541687012
1,3557,train,1.7155710458755493,3.3235536339304094e-05,9.286127090454102
1,3558,train,1.3660013675689697,3.323038912909203e-05,11.295772552490234
1,3559,train,1.9522287845611572,3.322524191887997e-05,11.591419219970703
1,3560,train,1.0593045949935913,3.32200947086679e-05,8.758296966552734
1,3561,train,1.7789711952209473,3.321494749845584e-05,9.836690902709961
1,3562,train,1.602663278579712,3.3209800288243776e-05,10.053546905517578
1,3563,train,2.047334909439087,3.320465307803171e-05,9.892784118652344
1,3564,train,1.6338603496551514,3.3199505867819644e-05,10.191853523254395
1,3565,train,2.038092851638794,3.3194358657607575e-05,11.650718688964844
1,3566,train,2.077664613723755,3.318921144739551e-05,12.142033576965332
1,3567,train,1.5306406021118164,3.318406423718345e-05,8.499600410461426
1,3568,train,1.1954671144485474,3.317891702697139e-05,7.650187969207764
1,3569,train,1.5179095268249512,3.317376981675931e-05,9.712185859680176
1,3570,train,1.5949512720108032,3.316862260654725e-05,10.539115905761719
1,3571,train,1.557050108909607,3.3163475396335186e-05,11.636858940124512
1,3572,train,1.220485806465149,3.3158328186123124e-05,9.01118278503418
1,3573,train,1.8662980794906616,3.3153180975911055e-05,9.966825485229492
1,3574,train,2.1248714923858643,3.314803376569899e-05,10.34911060333252
1,3575,train,1.9380614757537842,3.314288655548693e-05,11.791290283203125
1,3576,train,1.7610493898391724,3.313773934527487e-05,9.809100151062012
1,3577,train,1.660575032234192,3.31325921350628e-05,8.856219291687012
1,3578,train,1.6017934083938599,3.312744492485073e-05,9.803876876831055
1,3579,train,0.8729065656661987,3.312229771463867e-05,8.01576042175293
1,3580,train,2.105109214782715,3.3117150504426604e-05,13.403570175170898
1,3581,train,2.468283176422119,3.311200329421454e-05,13.972457885742188
1,3582,train,1.445258378982544,3.3106856084002466e-05,9.84276294708252
1,3583,train,1.5112669467926025,3.3101708873790403e-05,9.049739837646484
1,3584,train,1.3518002033233643,3.309656166357834e-05,9.306852340698242
1,3585,train,1.1342211961746216,3.309141445336628e-05,6.816481113433838
1,3586,train,2.3614161014556885,3.308626724315421e-05,9.803654670715332
1,3587,train,1.153517484664917,3.308112003294215e-05,10.150372505187988
1,3588,train,1.3944035768508911,3.3075972822730084e-05,9.82746696472168
1,3589,train,1.413866400718689,3.307082561251802e-05,9.074792861938477
1,3590,train,2.1599185466766357,3.306567840230595e-05,7.696313858032227
1,3591,train,1.437048316001892,3.3060531192093884e-05,7.873641014099121
1,3592,train,1.7314646244049072,3.305538398188182e-05,11.987926483154297
1,3593,train,1.5091136693954468,3.305023677166976e-05,9.5371675491333
1,3594,train,0.9795876741409302,3.304508956145769e-05,9.36877155303955
1,3595,train,1.917056679725647,3.303994235124562e-05,11.171385765075684
1,3596,train,2.0775442123413086,3.303479514103356e-05,12.376781463623047
1,3597,train,1.323474407196045,3.3029647930821495e-05,6.9435601234436035
1,3598,train,1.1559356451034546,3.302450072060943e-05,9.924370765686035
1,3599,train,1.366297960281372,3.3019353510397364e-05,9.854936599731445
1,3600,train,2.17740535736084,3.30142063001853e-05,11.826104164123535
1,3601,train,1.8514517545700073,3.300905908997324e-05,12.472175598144531
1,3602,train,2.1370086669921875,3.3003911879761176e-05,14.564009666442871
1,3603,train,1.2675189971923828,3.299876466954911e-05,11.43252944946289
1,3604,train,0.694256603717804,3.2993617459337045e-05,5.622676372528076
1,3605,train,2.103289842605591,3.2988470249124976e-05,11.337181091308594
1,3606,train,1.6428704261779785,3.298332303891291e-05,10.130970001220703
1,3607,train,1.9223264455795288,3.2978175828700844e-05,13.39435863494873
1,3608,train,1.9278969764709473,3.2973028618488775e-05,10.93018913269043
1,3609,train,1.965902328491211,3.296788140827671e-05,10.855300903320312
1,3610,train,1.5224453210830688,3.296273419806465e-05,11.336731910705566
1,3611,train,1.9500244855880737,3.295758698785259e-05,9.269227027893066
1,3612,train,1.6587977409362793,3.295243977764052e-05,10.185446739196777
1,3613,train,1.7286367416381836,3.2947292567428456e-05,8.490245819091797
1,3614,train,0.9956786632537842,3.2942145357216393e-05,7.112285137176514
1,3615,train,1.3724905252456665,3.293699814700433e-05,8.230759620666504
1,3616,train,1.8284481763839722,3.293185093679226e-05,8.658567428588867
1,3617,train,1.4065346717834473,3.29267037265802e-05,8.597478866577148
1,3618,train,2.160831928253174,3.292155651636813e-05,12.279485702514648
1,3619,train,1.2467001676559448,3.291640930615607e-05,8.587574005126953
1,3620,train,1.8199772834777832,3.2911262095944e-05,11.028580665588379
1,3621,train,1.7696915864944458,3.290611488573193e-05,12.759360313415527
1,3622,train,1.124086856842041,3.290096767551987e-05,7.122575759887695
1,3623,train,1.739222764968872,3.2895820465307804e-05,11.259142875671387
1,3624,train,1.4604014158248901,3.289067325509574e-05,7.630232334136963
1,3625,train,1.7170158624649048,3.288552604488367e-05,11.478140830993652
1,3626,train,1.4538429975509644,3.288037883467161e-05,8.497638702392578
1,3627,train,1.8097765445709229,3.287523162445955e-05,9.452666282653809
1,3628,train,1.4276702404022217,3.287008441424748e-05,11.094467163085938
1,3629,train,1.662251353263855,3.2864937204035416e-05,12.146234512329102
1,3630,train,1.9746243953704834,3.2859789993823354e-05,8.662089347839355
1,3631,train,2.062246084213257,3.2854642783611285e-05,10.830561637878418
1,3632,train,1.4470897912979126,3.284949557339922e-05,7.790778160095215
1,3633,train,1.2806580066680908,3.284434836318715e-05,7.2195305824279785
1,3634,train,1.3171676397323608,3.2839201152975084e-05,7.999909400939941
1,3635,train,1.7760818004608154,3.283405394276302e-05,8.372234344482422
1,3636,train,2.0306344032287598,3.282890673255096e-05,10.848856925964355
1,3637,train,1.2201827764511108,3.282375952233889e-05,8.521817207336426
1,3638,train,1.4582151174545288,3.281861231212683e-05,7.95612907409668
1,3639,train,1.6902235746383667,3.2813465101914765e-05,10.356663703918457
1,3640,train,1.432372808456421,3.28083178917027e-05,9.6321439743042
1,3641,train,1.6391390562057495,3.280317068149063e-05,9.70345401763916
1,3642,train,1.6175308227539062,3.279802347127857e-05,9.903177261352539
1,3643,train,1.45956552028656,3.279287626106651e-05,9.411418914794922
1,3644,train,1.7542612552642822,3.278772905085444e-05,10.680835723876953
1,3645,train,1.9497991800308228,3.2782581840642377e-05,8.941080093383789
1,3646,train,1.4902985095977783,3.277743463043031e-05,8.404189109802246
1,3647,train,1.6691279411315918,3.277228742021824e-05,10.671053886413574
1,3648,train,1.3685580492019653,3.2767140210006176e-05,9.709166526794434
1,3649,train,1.7288742065429688,3.276199299979411e-05,8.998283386230469
1,3650,train,1.7717962265014648,3.2756845789582044e-05,10.76502513885498
1,3651,train,1.6384197473526,3.275169857936998e-05,9.112977027893066
1,3652,train,1.0668063163757324,3.274655136915792e-05,7.847508907318115
1,3653,train,1.2916520833969116,3.274140415894586e-05,6.813042640686035
1,3654,train,1.431565284729004,3.273625694873379e-05,8.258404731750488
1,3655,train,1.9237574338912964,3.2731109738521725e-05,9.608572959899902
1,3656,train,1.6129127740859985,3.272596252830966e-05,10.727919578552246
1,3657,train,2.300454616546631,3.2720815318097594e-05,14.937487602233887
1,3658,train,2.038120985031128,3.2715668107885524e-05,8.872021675109863
1,3659,train,1.0795282125473022,3.271052089767346e-05,8.946837425231934
1,3660,train,1.0758417844772339,3.270537368746139e-05,7.447369575500488
1,3661,train,1.860217809677124,3.270022647724933e-05,11.221617698669434
1,3662,train,1.9979372024536133,3.269507926703727e-05,12.18488883972168
1,3663,train,1.8389524221420288,3.26899320568252e-05,13.617657661437988
1,3664,train,1.0032031536102295,3.2684784846613136e-05,7.193362712860107
1,3665,train,1.7662492990493774,3.2679637636401074e-05,10.203727722167969
1,3666,train,1.0079481601715088,3.267449042618901e-05,6.592611789703369
1,3667,train,1.3051865100860596,3.266934321597694e-05,7.134568214416504
1,3668,train,1.8947383165359497,3.266419600576488e-05,12.244966506958008
1,3669,train,1.401273250579834,3.265904879555282e-05,8.37921142578125
1,3670,train,1.1424493789672852,3.265390158534075e-05,6.907375812530518
1,3671,train,1.717382550239563,3.264875437512868e-05,10.982094764709473
1,3672,train,1.645530104637146,3.2643607164916616e-05,9.337501525878906
1,3673,train,0.7744754552841187,3.263845995470455e-05,4.891143321990967
1,3674,train,1.649901270866394,3.2633312744492485e-05,8.236148834228516
1,3675,train,1.4552463293075562,3.262816553428042e-05,9.903717994689941
1,3676,train,1.2184505462646484,3.262301832406835e-05,8.457393646240234
1,3677,train,1.3846135139465332,3.261787111385629e-05,10.032896995544434
1,3678,train,1.5321775674819946,3.261272390364423e-05,8.457226753234863
1,3679,train,1.822546124458313,3.2607576693432166e-05,12.671428680419922
1,3680,train,1.8456896543502808,3.2602429483220097e-05,8.863515853881836
1,3681,train,1.2707386016845703,3.2597282273008034e-05,8.779759407043457
1,3682,train,1.108834981918335,3.259213506279597e-05,5.523011684417725
1,3683,train,1.1950268745422363,3.25869878525839e-05,8.89693832397461
1,3684,train,1.495242953300476,3.258184064237183e-05,9.413143157958984
1,3685,train,1.4109357595443726,3.257669343215977e-05,10.11835765838623
1,3686,train,1.261916160583496,3.25715462219477e-05,10.3262357711792
1,3687,train,1.3527889251708984,3.256639901173564e-05,11.665847778320312
1,3688,train,1.9448715448379517,3.256125180152358e-05,12.325247764587402
1,3689,train,1.8765677213668823,3.255610459131151e-05,9.780821800231934
1,3690,train,0.9596849083900452,3.2550957381099445e-05,9.004688262939453
1,3691,train,1.2317743301391602,3.254581017088738e-05,7.721108913421631
1,3692,train,1.7768797874450684,3.2540662960675313e-05,10.537010192871094
1,3693,train,1.4905128479003906,3.253551575046325e-05,8.682043075561523
1,3694,train,2.027742862701416,3.253036854025119e-05,12.262965202331543
1,3695,train,1.6713932752609253,3.2525221330039126e-05,8.960399627685547
1,3696,train,2.0328469276428223,3.252007411982706e-05,10.738616943359375
1,3697,train,1.6517984867095947,3.251492690961499e-05,10.120264053344727
1,3698,train,2.191648244857788,3.2509779699402925e-05,10.3926362991333
1,3699,train,0.9878837466239929,3.2504632489190856e-05,7.772557258605957
1,3700,train,1.746688961982727,3.2499485278978794e-05,10.926671981811523
1,3701,train,1.9420263767242432,3.2494338068766724e-05,12.597930908203125
1,3702,train,1.3689970970153809,3.248919085855466e-05,10.476480484008789
1,3703,train,1.367106318473816,3.24840436483426e-05,10.431512832641602
1,3704,train,1.3313812017440796,3.247889643813054e-05,7.327523231506348
1,3705,train,1.7248133420944214,3.247374922791847e-05,11.027578353881836
1,3706,train,2.4919357299804688,3.2468602017706405e-05,11.919612884521484
1,3707,train,1.6434293985366821,3.246345480749434e-05,9.849875450134277
1,3708,train,1.6098661422729492,3.245830759728228e-05,8.34459114074707
1,3709,train,1.7981404066085815,3.245316038707021e-05,8.912972450256348
1,3710,train,1.446674108505249,3.244801317685814e-05,8.782143592834473
1,3711,train,1.8480511903762817,3.244286596664608e-05,8.509198188781738
1,3712,train,1.120232105255127,3.243771875643402e-05,7.257091999053955
1,3713,train,2.404486656188965,3.243257154622195e-05,10.53419017791748
1,3714,train,1.8741188049316406,3.242742433600988e-05,8.8096284866333
1,3715,train,1.249901294708252,3.2422277125797816e-05,7.517740726470947
1,3716,train,2.335716485977173,3.2417129915585754e-05,11.282964706420898
1,3717,train,1.874829888343811,3.241198270537369e-05,10.207747459411621
1,3718,train,1.787158727645874,3.240683549516162e-05,8.134561538696289
1,3719,train,1.9722356796264648,3.240168828494956e-05,10.957639694213867
1,3720,train,1.3577314615249634,3.23965410747375e-05,6.685871124267578
1,3721,train,1.0835864543914795,3.2391393864525435e-05,9.752172470092773
1,3722,train,2.026918888092041,3.2386246654313366e-05,12.56497859954834
1,3723,train,1.013849139213562,3.23810994441013e-05,6.542389869689941
1,3724,train,1.2894647121429443,3.2375952233889234e-05,7.0549187660217285
1,3725,train,2.091292381286621,3.237080502367717e-05,9.562317848205566
1,3726,train,1.6395529508590698,3.23656578134651e-05,11.351632118225098
1,3727,train,2.268827438354492,3.236051060325303e-05,13.245850563049316
1,3728,train,1.5767157077789307,3.235536339304097e-05,8.774579048156738
1,3729,train,1.6136010885238647,3.235021618282891e-05,11.20777702331543
1,3730,train,1.562331199645996,3.2345068972616846e-05,9.678714752197266
1,3731,train,1.2422893047332764,3.233992176240478e-05,9.563141822814941
1,3732,train,1.3762388229370117,3.2334774552192714e-05,8.17228889465332
1,3733,train,2.3768951892852783,3.232962734198065e-05,11.898818016052246
1,3734,train,1.7028241157531738,3.232448013176859e-05,10.996440887451172
1,3735,train,1.472308874130249,3.2319332921556514e-05,9.149582862854004
1,3736,train,1.4885330200195312,3.231418571134445e-05,8.653586387634277
1,3737,train,1.5735257863998413,3.230903850113239e-05,8.473020553588867
1,3738,train,1.389082431793213,3.2303891290920326e-05,8.144506454467773
1,3739,train,1.077236533164978,3.229874408070826e-05,7.79260778427124
1,3740,train,1.909616231918335,3.229359687049619e-05,13.676413536071777
1,3741,train,1.320186972618103,3.2288449660284125e-05,7.172054767608643
1,3742,train,1.4343984127044678,3.228330245007206e-05,11.94589614868164
1,3743,train,1.9533947706222534,3.227815523986e-05,10.781744956970215
1,3744,train,0.9724188446998596,3.227300802964793e-05,7.658689975738525
1,3745,train,1.9087339639663696,3.226786081943587e-05,8.552888870239258
1,3746,train,1.2044471502304077,3.2262713609223806e-05,10.209135055541992
1,3747,train,1.5489510297775269,3.225756639901174e-05,8.928438186645508
1,3748,train,1.568995714187622,3.2252419188799675e-05,8.188918113708496
1,3749,train,2.052614450454712,3.2247271978587606e-05,13.368252754211426
1,3750,train,1.7648192644119263,3.224212476837554e-05,8.148638725280762
1,3751,train,1.8833900690078735,3.223697755816348e-05,10.341276168823242
1,3752,train,1.7051758766174316,3.223183034795141e-05,12.003107070922852
1,3753,train,1.830725908279419,3.222668313773934e-05,8.718314170837402
1,3754,train,1.9717527627944946,3.222153592752728e-05,9.681726455688477
1,3755,train,1.6239547729492188,3.221638871731522e-05,11.124911308288574
1,3756,train,2.034600257873535,3.221124150710315e-05,11.57931137084961
1,3757,train,1.4565765857696533,3.2206094296891086e-05,10.23532772064209
1,3758,train,1.6619478464126587,3.220094708667902e-05,9.890644073486328
1,3759,train,1.1099796295166016,3.219579987646696e-05,6.395854473114014
1,3760,train,1.492388129234314,3.219065266625489e-05,10.485658645629883
1,3761,train,1.4896552562713623,3.218550545604283e-05,9.010087013244629
1,3762,train,1.153005838394165,3.218035824583076e-05,9.72314167022705
1,3763,train,1.5613595247268677,3.21752110356187e-05,8.710779190063477
1,3764,train,1.1550302505493164,3.2170063825406635e-05,8.158522605895996
1,3765,train,1.9824001789093018,3.216491661519456e-05,10.344941139221191
1,3766,train,1.2130063772201538,3.21597694049825e-05,7.0683674812316895
1,3767,train,1.5375028848648071,3.2154622194770434e-05,11.77785587310791
1,3768,train,1.4611207246780396,3.214947498455837e-05,7.341494560241699
1,3769,train,2.0515940189361572,3.21443277743463e-05,11.965060234069824
1,3770,train,1.5559762716293335,3.213918056413424e-05,8.839320182800293
1,3771,train,1.2020357847213745,3.213403335392218e-05,6.0424933433532715
1,3772,train,1.4633628129959106,3.2128886143710115e-05,10.981152534484863
1,3773,train,1.3288387060165405,3.2123738933498046e-05,10.17473316192627
1,3774,train,1.3844618797302246,3.2118591723285984e-05,10.663874626159668
1,3775,train,1.3315258026123047,3.2113444513073915e-05,9.309154510498047
1,3776,train,1.708957314491272,3.210829730286185e-05,9.664026260375977
1,3777,train,1.4121898412704468,3.210315009264979e-05,8.197620391845703
1,3778,train,1.2044625282287598,3.2098002882437714e-05,7.743971824645996
1,3779,train,0.9936975836753845,3.209285567222565e-05,9.254514694213867
1,3780,train,1.7584407329559326,3.208770846201359e-05,12.012002944946289
1,3781,train,2.3517825603485107,3.2082561251801526e-05,13.714080810546875
1,3782,train,1.6151210069656372,3.207741404158946e-05,10.658178329467773
1,3783,train,1.1796355247497559,3.2072266831377395e-05,6.458218574523926
1,3784,train,1.595794677734375,3.206711962116533e-05,9.338550567626953
1,3785,train,1.4781042337417603,3.206197241095327e-05,7.688713073730469
1,3786,train,1.4303290843963623,3.20568252007412e-05,10.431866645812988
1,3787,train,1.8412296772003174,3.205167799052914e-05,13.043272018432617
1,3788,train,1.850367784500122,3.204653078031707e-05,8.677043914794922
1,3789,train,1.5935481786727905,3.2041383570105007e-05,10.742077827453613
1,3790,train,1.9817924499511719,3.203623635989294e-05,10.278983116149902
1,3791,train,1.1953201293945312,3.203108914968087e-05,6.576231002807617
1,3792,train,1.5061973333358765,3.2025941939468806e-05,8.498416900634766
1,3793,train,0.9338534474372864,3.202079472925674e-05,6.526615619659424
1,3794,train,1.2708796262741089,3.201564751904468e-05,9.522285461425781
1,3795,train,1.1482107639312744,3.201050030883261e-05,6.5457305908203125
1,3796,train,2.1491172313690186,3.200535309862055e-05,12.382889747619629
1,3797,train,1.316318154335022,3.200020588840849e-05,8.76827621459961
1,3798,train,1.903760313987732,3.1995058678196424e-05,10.69664192199707
1,3799,train,1.306712031364441,3.1989911467984355e-05,8.28042221069336
1,3800,train,1.6313819885253906,3.198476425777229e-05,9.443373680114746
1,3801,train,1.2985773086547852,3.1979617047560223e-05,9.103611946105957
1,3802,train,1.1719849109649658,3.197446983734816e-05,6.989611625671387
1,3803,train,1.1343432664871216,3.196932262713609e-05,8.888298034667969
1,3804,train,1.0606980323791504,3.196417541692402e-05,7.3318190574646
1,3805,train,1.126278281211853,3.195902820671196e-05,8.019033432006836
1,3806,train,1.887086033821106,3.19538809964999e-05,14.67577075958252
1,3807,train,2.0096330642700195,3.1948733786287835e-05,9.315522193908691
1,3808,train,1.236476182937622,3.1943586576075766e-05,7.626420497894287
1,3809,train,1.2582099437713623,3.1938439365863704e-05,9.286482810974121
1,3810,train,1.4809499979019165,3.193329215565164e-05,11.640613555908203
1,3811,train,1.9550895690917969,3.192814494543957e-05,13.115167617797852
1,3812,train,1.684481143951416,3.192299773522751e-05,11.800779342651367
1,3813,train,1.6490107774734497,3.191785052501545e-05,9.10954761505127
1,3814,train,1.1261307001113892,3.191270331480338e-05,8.702768325805664
1,3815,train,1.7835991382598877,3.1907556104591315e-05,11.351527214050293
1,3816,train,1.9957493543624878,3.1902408894379246e-05,9.46061897277832
1,3817,train,1.6189393997192383,3.189726168416718e-05,6.851659774780273
1,3818,train,1.7483702898025513,3.1892114473955115e-05,8.826094627380371
1,3819,train,2.3426742553710938,3.188696726374305e-05,14.15150260925293
1,3820,train,1.9135241508483887,3.188182005353098e-05,10.022656440734863
1,3821,train,1.6945981979370117,3.187667284331892e-05,10.759378433227539
1,3822,train,1.1328470706939697,3.187152563310686e-05,7.916304588317871
1,3823,train,1.5875740051269531,3.1866378422894796e-05,9.376721382141113
1,3824,train,1.1235592365264893,3.1861231212682726e-05,7.0865631103515625
1,3825,train,1.0801054239273071,3.1856084002470664e-05,7.031858921051025
1,3826,train,1.6014535427093506,3.18509367922586e-05,10.776925086975098
1,3827,train,1.0874743461608887,3.184578958204653e-05,7.338424205780029
1,3828,train,1.3324507474899292,3.184064237183447e-05,7.489427089691162
1,3829,train,0.8528101444244385,3.18354951616224e-05,6.180483341217041
1,3830,train,1.338623285293579,3.183034795141033e-05,8.109230995178223
1,3831,train,2.3682265281677246,3.182520074119827e-05,12.332751274108887
1,3832,train,1.472296953201294,3.182005353098621e-05,8.986065864562988
1,3833,train,1.5798841714859009,3.181490632077414e-05,9.174219131469727
1,3834,train,1.6835612058639526,3.1809759110562075e-05,9.226888656616211
1,3835,train,1.3797886371612549,3.180461190035001e-05,8.192922592163086
1,3836,train,2.0186221599578857,3.179946469013795e-05,11.924944877624512
1,3837,train,1.4302408695220947,3.179431747992588e-05,11.25553035736084
1,3838,train,1.3111772537231445,3.178917026971382e-05,8.128915786743164
1,3839,train,1.2131158113479614,3.1784023059501756e-05,8.028772354125977
1,3840,train,1.5828129053115845,3.177887584928969e-05,10.73426628112793
1,3841,train,1.6415832042694092,3.1773728639077624e-05,10.11026668548584
1,3842,train,0.8581161499023438,3.1768581428865555e-05,6.065878868103027
1,3843,train,1.7033768892288208,3.1763434218653486e-05,11.761017799377441
1,3844,train,1.9742980003356934,3.1758287008441424e-05,9.416563034057617
1,3845,train,1.03800368309021,3.175313979822936e-05,7.413084983825684
1,3846,train,0.7577718496322632,3.174799258801729e-05,5.183816432952881
1,3847,train,1.5744978189468384,3.174284537780523e-05,10.168481826782227
1,3848,train,1.9152075052261353,3.173769816759317e-05,10.080425262451172
1,3849,train,1.6064339876174927,3.1732550957381105e-05,9.8410005569458
1,3850,train,1.8714354038238525,3.1727403747169035e-05,9.786064147949219
1,3851,train,1.435240626335144,3.172225653695697e-05,8.556665420532227
1,3852,train,2.4480326175689697,3.171710932674491e-05,12.46994400024414
1,3853,train,1.7619893550872803,3.171196211653284e-05,9.056211471557617
1,3854,train,1.1518293619155884,3.170681490632077e-05,9.625557899475098
1,3855,train,1.6476216316223145,3.170166769610871e-05,8.094400405883789
1,3856,train,1.206663727760315,3.169652048589665e-05,7.622480869293213
1,3857,train,1.0068364143371582,3.169137327568458e-05,9.926191329956055
1,3858,train,1.2923007011413574,3.1686226065472516e-05,7.698674201965332
1,3859,train,1.7589396238327026,3.1681078855260446e-05,8.16646957397461
1,3860,train,1.9969419240951538,3.1675931645048384e-05,10.931242942810059
1,3861,train,1.6196274757385254,3.167078443483632e-05,9.793886184692383
1,3862,train,1.8794387578964233,3.166563722462426e-05,9.216541290283203
1,3863,train,1.7954655885696411,3.166049001441219e-05,12.260332107543945
1,3864,train,1.515337347984314,3.165534280420013e-05,7.684606552124023
1,3865,train,1.6478166580200195,3.1650195593988065e-05,9.125687599182129
1,3866,train,2.0098936557769775,3.1645048383775996e-05,11.287882804870605
1,3867,train,0.9118877053260803,3.1639901173563927e-05,7.97132682800293
1,3868,train,2.135342597961426,3.1634753963351864e-05,11.111212730407715
1,3869,train,2.146690607070923,3.16296067531398e-05,8.476045608520508
1,3870,train,1.3487091064453125,3.162445954292773e-05,7.7871785163879395
1,3871,train,1.535430669784546,3.161931233271567e-05,9.719743728637695
1,3872,train,2.030197858810425,3.16141651225036e-05,8.938699722290039
1,3873,train,1.522254228591919,3.160901791229154e-05,10.978629112243652
1,3874,train,1.477784276008606,3.1603870702079476e-05,7.145248889923096
1,3875,train,1.7276560068130493,3.1598723491867414e-05,11.669526100158691
1,3876,train,1.6724748611450195,3.1593576281655344e-05,10.61315631866455
1,3877,train,1.2700061798095703,3.158842907144328e-05,9.215277671813965
1,3878,train,1.086597204208374,3.158328186123122e-05,8.381502151489258
1,3879,train,1.6193207502365112,3.157813465101915e-05,8.411768913269043
1,3880,train,1.0104039907455444,3.157298744080708e-05,6.1836676597595215
1,3881,train,1.407312035560608,3.156784023059502e-05,8.530861854553223
1,3882,train,1.5734965801239014,3.1562693020382956e-05,9.943023681640625
1,3883,train,1.755618929862976,3.155754581017089e-05,7.691204071044922
1,3884,train,2.069596529006958,3.1552398599958825e-05,12.017784118652344
1,3885,train,1.6775718927383423,3.1547251389746755e-05,9.545249938964844
1,3886,train,1.3767718076705933,3.154210417953469e-05,7.838067531585693
1,3887,train,1.5526597499847412,3.153695696932263e-05,9.302288055419922
1,3888,train,1.5123038291931152,3.153180975911056e-05,8.524392127990723
1,3889,train,1.8286608457565308,3.15266625488985e-05,9.844670295715332
1,3890,train,1.716149926185608,3.1521515338686436e-05,10.258516311645508
1,3891,train,1.8405712842941284,3.1516368128474374e-05,9.16001033782959
1,3892,train,2.2834978103637695,3.1511220918262305e-05,14.50400161743164
1,3893,train,1.9490975141525269,3.1506073708050236e-05,13.932896614074707
1,3894,train,2.243065118789673,3.150092649783817e-05,13.18535041809082
1,3895,train,1.1020971536636353,3.149577928762611e-05,7.76349401473999
1,3896,train,1.1301113367080688,3.149063207741404e-05,6.696762561798096
1,3897,train,1.0822888612747192,3.148548486720197e-05,9.93584156036377
1,3898,train,1.8174283504486084,3.148033765698991e-05,9.90974235534668
1,3899,train,1.2286688089370728,3.147519044677785e-05,7.360649108886719
1,3900,train,1.4708412885665894,3.1470043236565785e-05,10.54450511932373
1,3901,train,1.5318039655685425,3.1464896026353716e-05,10.637529373168945
1,3902,train,1.5961982011795044,3.145974881614165e-05,11.293035507202148
1,3903,train,2.077258586883545,3.145460160592959e-05,10.110381126403809
1,3904,train,1.444000244140625,3.144945439571753e-05,7.522866249084473
1,3905,train,2.099409341812134,3.144430718550546e-05,12.794414520263672
1,3906,train,1.2478959560394287,3.143915997529339e-05,10.074464797973633
1,3907,train,1.4132583141326904,3.143401276508133e-05,8.027363777160645
1,3908,train,1.9925999641418457,3.1428865554869265e-05,12.580875396728516
1,3909,train,1.685222864151001,3.1423718344657196e-05,10.156347274780273
1,3910,train,1.1738018989562988,3.141857113444513e-05,7.442067623138428
1,3911,train,1.5434211492538452,3.1413423924233064e-05,8.869921684265137
1,3912,train,1.3186495304107666,3.1408276714021e-05,9.223371505737305
1,3913,train,2.0710020065307617,3.140312950380894e-05,12.317024230957031
1,3914,train,1.9138753414154053,3.139798229359687e-05,12.085628509521484
1,3915,train,1.6088331937789917,3.139283508338481e-05,8.925971984863281
1,3916,train,1.0455753803253174,3.1387687873172745e-05,6.83057165145874
1,3917,train,1.59970223903656,3.138254066296068e-05,9.98013687133789
1,3918,train,1.5926915407180786,3.1377393452748614e-05,9.902312278747559
1,3919,train,1.6643171310424805,3.1372246242536544e-05,10.774951934814453
1,3920,train,1.722461223602295,3.136709903232448e-05,11.024970054626465
1,3921,train,2.3860650062561035,3.136195182211242e-05,13.210043907165527
1,3922,train,2.382739305496216,3.135680461190035e-05,13.278181076049805
1,3923,train,0.8776496052742004,3.135165740168828e-05,7.656259059906006
1,3924,train,1.6032764911651611,3.134651019147622e-05,10.575963973999023
1,3925,train,2.100071668624878,3.1341362981264156e-05,11.982037544250488
1,3926,train,1.7462185621261597,3.1336215771052094e-05,10.764031410217285
1,3927,train,2.13284969329834,3.1331068560840025e-05,9.054350852966309
1,3928,train,1.2769012451171875,3.132592135062796e-05,8.06356430053711
1,3929,train,1.3194313049316406,3.13207741404159e-05,7.897238731384277
1,3930,train,1.2804838418960571,3.131562693020384e-05,7.8137102127075195
1,3931,train,2.226067066192627,3.131047971999177e-05,11.572688102722168
1,3932,train,1.8528345823287964,3.13053325097797e-05,9.05940055847168
1,3933,train,1.685325264930725,3.1300185299567636e-05,7.559322357177734
1,3934,train,1.0665544271469116,3.1295038089355574e-05,7.938249111175537
1,3935,train,1.5520962476730347,3.1289890879143505e-05,8.96121883392334
1,3936,train,1.5818620920181274,3.1284743668931436e-05,10.866880416870117
1,3937,train,1.510125994682312,3.127959645871937e-05,11.1528959274292
1,3938,train,1.7690095901489258,3.127444924850731e-05,12.335417747497559
1,3939,train,1.4724209308624268,3.126930203829525e-05,7.605101108551025
1,3940,train,1.590626835823059,3.126415482808318e-05,9.82821273803711
1,3941,train,1.4241281747817993,3.125900761787112e-05,9.404711723327637
1,3942,train,1.8026849031448364,3.1253860407659054e-05,9.892690658569336
1,3943,train,0.9353496432304382,3.1248713197446985e-05,7.95441198348999
1,3944,train,1.7713369131088257,3.124356598723492e-05,9.580477714538574
1,3945,train,1.3728516101837158,3.1238418777022853e-05,7.99058723449707
1,3946,train,1.1008089780807495,3.123327156681079e-05,10.017333030700684
1,3947,train,1.628861665725708,3.122812435659873e-05,7.934879302978516
1,3948,train,1.887415885925293,3.122297714638666e-05,9.831382751464844
1,3949,train,2.1509041786193848,3.121782993617459e-05,9.560216903686523
1,3950,train,1.3879121541976929,3.121268272596253e-05,8.096033096313477
1,3951,train,1.0954399108886719,3.1207535515750465e-05,8.590174674987793
1,3952,train,1.8885704278945923,3.1202388305538396e-05,10.0957670211792
1,3953,train,0.9934400320053101,3.1197241095326334e-05,8.229257583618164
1,3954,train,1.3083813190460205,3.119209388511427e-05,8.936650276184082
1,3955,train,1.0718975067138672,3.118694667490221e-05,6.83614444732666
1,3956,train,1.8781181573867798,3.118179946469014e-05,10.767256736755371
1,3957,train,1.16899573802948,3.117665225447808e-05,8.13730525970459
1,3958,train,1.5471175909042358,3.117150504426601e-05,10.320426940917969
1,3959,train,2.1699812412261963,3.1166357834053945e-05,12.681502342224121
1,3960,train,1.4294359683990479,3.116121062384188e-05,7.683304786682129
1,3961,train,1.4596401453018188,3.115606341362981e-05,8.361684799194336
1,3962,train,1.506010890007019,3.1150916203417745e-05,10.114644050598145
1,3963,train,1.0786978006362915,3.114576899320568e-05,7.754512786865234
1,3964,train,1.2321670055389404,3.114062178299362e-05,8.3434419631958
1,3965,train,1.1296418905258179,3.113547457278155e-05,8.831779479980469
1,3966,train,1.4608954191207886,3.113032736256949e-05,9.303399085998535
1,3967,train,1.6560275554656982,3.1125180152357426e-05,10.217633247375488
1,3968,train,2.2904505729675293,3.112003294214536e-05,11.979783058166504
1,3969,train,1.358208179473877,3.1114885731933294e-05,8.405116081237793
1,3970,train,1.501543641090393,3.110973852172123e-05,9.607165336608887
1,3971,train,1.2837291955947876,3.110459131150916e-05,10.379842758178711
1,3972,train,0.7612050175666809,3.10994441012971e-05,6.100640296936035
1,3973,train,1.2666106224060059,3.109429689108503e-05,9.107677459716797
1,3974,train,1.279127597808838,3.108914968087296e-05,7.903134822845459
1,3975,train,1.7665538787841797,3.10840024706609e-05,10.621444702148438
1,3976,train,1.4551455974578857,3.1078855260448837e-05,8.19088077545166
1,3977,train,1.8617497682571411,3.1073708050236774e-05,8.824341773986816
1,3978,train,1.3215535879135132,3.1068560840024705e-05,8.260046005249023
1,3979,train,1.6796152591705322,3.106341362981264e-05,9.382593154907227
1,3980,train,2.440173625946045,3.105826641960058e-05,10.98851203918457
1,3981,train,1.9165427684783936,3.105311920938852e-05,11.932820320129395
1,3982,train,1.3973644971847534,3.104797199917645e-05,9.258371353149414
1,3983,train,1.2651662826538086,3.1042824788964386e-05,7.251614093780518
1,3984,train,1.5235618352890015,3.103767757875232e-05,10.348101615905762
1,3985,train,2.654928684234619,3.1032530368540254e-05,11.033164978027344
1,3986,train,1.6898980140686035,3.1027383158328185e-05,10.123358726501465
1,3987,train,1.7664703130722046,3.1022235948116116e-05,10.092545509338379
1,3988,train,1.1211034059524536,3.1017088737904054e-05,8.029723167419434
1,3989,train,1.1771124601364136,3.101194152769199e-05,7.90349006652832
1,3990,train,1.7019089460372925,3.100679431747993e-05,9.66862964630127
1,3991,train,0.967292845249176,3.100164710726786e-05,7.4971089363098145
1,3992,train,1.1891247034072876,3.09964998970558e-05,7.6131134033203125
1,3993,train,1.2693783044815063,3.0991352686843735e-05,7.913312911987305
1,3994,train,1.8218499422073364,3.098620547663167e-05,9.62724494934082
1,3995,train,0.7670574188232422,3.09810582664196e-05,9.471443176269531
1,3996,train,1.2596992254257202,3.097591105620754e-05,9.274737358093262
1,3997,train,1.8354136943817139,3.097076384599547e-05,9.761902809143066
1,3998,train,1.2838313579559326,3.096561663578341e-05,9.334005355834961
1,3999,train,1.2538682222366333,3.096046942557134e-05,9.972358703613281
1,4000,train,1.8580855131149292,3.095532221535928e-05,13.075728416442871
1,4001,train,1.5627187490463257,3.095017500514721e-05,9.207442283630371
1,4002,train,1.1158756017684937,3.0945027794935146e-05,6.012582778930664
1,4003,train,1.538909673690796,3.093988058472308e-05,9.408486366271973
1,4004,train,1.9844655990600586,3.0934733374511014e-05,11.08649730682373
1,4005,train,1.8345361948013306,3.092958616429895e-05,10.76280403137207
1,4006,train,1.6337335109710693,3.092443895408689e-05,9.055878639221191
1,4007,train,1.712265133857727,3.091929174387482e-05,10.146985054016113
1,4008,train,1.6273479461669922,3.091414453366276e-05,8.568011283874512
1,4009,train,0.8237329721450806,3.0908997323450695e-05,7.262874603271484
1,4010,train,1.5529091358184814,3.0903850113238626e-05,8.272241592407227
1,4011,train,1.1525743007659912,3.089870290302656e-05,6.682142734527588
1,4012,train,1.3091596364974976,3.0893555692814494e-05,8.532265663146973
1,4013,train,2.1334228515625,3.088840848260243e-05,12.193157196044922
1,4014,train,1.8838573694229126,3.088326127239036e-05,10.714194297790527
1,4015,train,1.78029203414917,3.08781140621783e-05,11.42449951171875
1,4016,train,1.3823846578598022,3.087296685196623e-05,8.199113845825195
1,4017,train,1.4164780378341675,3.086781964175417e-05,8.246553421020508
1,4018,train,1.7394917011260986,3.0862672431542106e-05,8.924734115600586
1,4019,train,1.4676176309585571,3.0857525221330044e-05,10.617341995239258
1,4020,train,1.2387642860412598,3.0852378011117974e-05,8.289787292480469
1,4021,train,2.435398578643799,3.084723080090591e-05,14.818366050720215
1,4022,train,0.9381200075149536,3.084208359069385e-05,6.36635684967041
1,4023,train,1.6871159076690674,3.083693638048178e-05,10.703666687011719
1,4024,train,1.5155633687973022,3.083178917026972e-05,9.763745307922363
1,4025,train,2.2633724212646484,3.082664196005765e-05,10.297249794006348
1,4026,train,1.188274621963501,3.0821494749845586e-05,8.082433700561523
1,4027,train,1.4834613800048828,3.081634753963352e-05,9.955893516540527
1,4028,train,1.2196266651153564,3.0811200329421454e-05,7.869535446166992
1,4029,train,1.1621451377868652,3.0806053119209385e-05,7.249190807342529
1,4030,train,1.5960959196090698,3.080090590899732e-05,9.443427085876465
1,4031,train,1.9198648929595947,3.079575869878526e-05,9.904383659362793
1,4032,train,1.0307230949401855,3.07906114885732e-05,8.57504653930664
1,4033,train,1.6421681642532349,3.078546427836113e-05,13.327695846557617
1,4034,train,1.3270151615142822,3.0780317068149066e-05,9.250417709350586
1,4035,train,2.145930290222168,3.0775169857937004e-05,13.344629287719727
1,4036,train,1.4549120664596558,3.077002264772494e-05,9.295915603637695
1,4037,train,2.0124614238739014,3.076487543751287e-05,10.790953636169434
1,4038,train,1.7333347797393799,3.07597282273008e-05,10.023381233215332
1,4039,train,1.7649343013763428,3.075458101708874e-05,10.838446617126465
1,4040,train,0.9402236342430115,3.074943380687667e-05,6.084920883178711
1,4041,train,2.4266276359558105,3.074428659666461e-05,9.134474754333496
1,4042,train,2.1354572772979736,3.073913938645254e-05,11.138940811157227
1,4043,train,1.0300782918930054,3.073399217624048e-05,9.685025215148926
1,4044,train,1.5592575073242188,3.0728844966028415e-05,11.632280349731445
1,4045,train,1.757783055305481,3.072369775581635e-05,11.837404251098633
1,4046,train,2.0311977863311768,3.071855054560428e-05,9.769779205322266
1,4047,train,2.21928071975708,3.071340333539222e-05,9.58457088470459
1,4048,train,1.4676276445388794,3.070825612518016e-05,8.482954978942871
1,4049,train,1.885766863822937,3.0703108914968096e-05,11.719122886657715
1,4050,train,1.0923293828964233,3.069796170475602e-05,7.297126293182373
1,4051,train,2.0131452083587646,3.069281449454396e-05,10.381623268127441
1,4052,train,1.4284563064575195,3.0687667284331895e-05,11.561541557312012
1,4053,train,1.2318718433380127,3.0682520074119826e-05,7.016355037689209
1,4054,train,1.5605497360229492,3.0677372863907763e-05,10.163211822509766
1,4055,train,1.6120470762252808,3.0672225653695694e-05,9.185606002807617
1,4056,train,1.5481973886489868,3.066707844348363e-05,6.8906965255737305
1,4057,train,1.385863184928894,3.066193123327157e-05,8.719661712646484
1,4058,train,1.223470687866211,3.065678402305951e-05,8.895654678344727
1,4059,train,1.8193913698196411,3.065163681284744e-05,13.654773712158203
1,4060,train,1.691791296005249,3.0646489602635375e-05,11.225828170776367
1,4061,train,1.2516698837280273,3.064134239242331e-05,6.881495952606201
1,4062,train,2.345024585723877,3.0636195182211244e-05,12.145586967468262
1,4063,train,1.5458821058273315,3.0631047971999174e-05,10.188844680786133
1,4064,train,1.3756581544876099,3.062590076178711e-05,8.930455207824707
1,4065,train,1.2984051704406738,3.062075355157505e-05,8.65981388092041
1,4066,train,1.2485986948013306,3.061560634136298e-05,7.252650260925293
1,4067,train,1.1647204160690308,3.061045913115092e-05,8.992865562438965
1,4068,train,1.6485952138900757,3.060531192093885e-05,9.560860633850098
1,4069,train,1.117996096611023,3.0600164710726786e-05,7.527098655700684
1,4070,train,2.453310489654541,3.0595017500514724e-05,11.849720001220703
1,4071,train,1.4872105121612549,3.0589870290302655e-05,8.251073837280273
1,4072,train,1.3638579845428467,3.058472308009059e-05,9.225503921508789
1,4073,train,1.5717554092407227,3.057957586987853e-05,9.438284873962402
1,4074,train,1.2867690324783325,3.057442865966647e-05,8.451412200927734
1,4075,train,1.6300384998321533,3.05692814494544e-05,11.585826873779297
1,4076,train,1.4832253456115723,3.056413423924233e-05,9.654080390930176
1,4077,train,1.4414265155792236,3.0558987029030266e-05,10.479146957397461
1,4078,train,1.4802148342132568,3.0553839818818204e-05,9.756776809692383
1,4079,train,2.00526762008667,3.0548692608606135e-05,11.25375747680664
1,4080,train,1.1818619966506958,3.0543545398394066e-05,7.588664531707764
1,4081,train,1.298643708229065,3.0538398188182e-05,8.246882438659668
1,4082,train,1.2160425186157227,3.053325097796994e-05,8.866615295410156
1,4083,train,1.2532120943069458,3.052810376775788e-05,7.930580139160156
1,4084,train,1.6934739351272583,3.052295655754581e-05,9.856367111206055
1,4085,train,1.515214443206787,3.051780934733375e-05,10.017480850219727
1,4086,train,1.4457529783248901,3.0512662137121684e-05,8.556294441223145
1,4087,train,1.8923362493515015,3.050751492690962e-05,9.945934295654297
1,4088,train,1.3359787464141846,3.0502367716697556e-05,8.803499221801758
1,4089,train,1.8071086406707764,3.0497220506485487e-05,8.478187561035156
1,4090,train,1.7560940980911255,3.049207329627342e-05,11.343660354614258
1,4091,train,1.3445132970809937,3.048692608606136e-05,9.018266677856445
1,4092,train,1.1717561483383179,3.0481778875849286e-05,8.437970161437988
1,4093,train,2.064889430999756,3.0476631665637223e-05,14.122291564941406
1,4094,train,1.228063702583313,3.0471484455425158e-05,8.741551399230957
1,4095,train,2.0731382369995117,3.0466337245213095e-05,12.395180702209473
1,4096,train,0.9805655479431152,3.046119003500103e-05,7.622504234313965
1,4097,train,1.4754024744033813,3.0456042824788967e-05,11.207016944885254
1,4098,train,1.839759111404419,3.04508956145769e-05,10.978423118591309
1,4099,train,1.9720720052719116,3.044574840436484e-05,10.277917861938477
1,4100,train,1.7360364198684692,3.0440601194152773e-05,11.680408477783203
1,4101,train,1.8285635709762573,3.043545398394071e-05,11.69008731842041
1,4102,train,1.8603465557098389,3.043030677372864e-05,9.444031715393066
1,4103,train,2.095109224319458,3.0425159563516575e-05,11.566767692565918
1,4104,train,1.8584176301956177,3.042001235330451e-05,11.16511344909668
1,4105,train,1.3847935199737549,3.041486514309244e-05,10.587724685668945
1,4106,train,2.1035711765289307,3.0409717932880378e-05,12.091238975524902
1,4107,train,1.7845922708511353,3.0404570722668312e-05,10.325516700744629
1,4108,train,1.3226330280303955,3.039942351245625e-05,7.4333906173706055
1,4109,train,2.0423803329467773,3.0394276302244184e-05,15.731770515441895
1,4110,train,1.5459144115447998,3.038912909203212e-05,10.499956130981445
1,4111,train,1.5573160648345947,3.0383981881820056e-05,8.43244743347168
1,4112,train,1.8030792474746704,3.0378834671607993e-05,9.472070693969727
1,4113,train,2.213149070739746,3.0373687461395927e-05,15.265164375305176
1,4114,train,1.3604518175125122,3.0368540251183865e-05,6.208794116973877
1,4115,train,2.568333148956299,3.0363393040971792e-05,9.893986701965332
1,4116,train,1.4700325727462769,3.035824583075973e-05,8.746809005737305
1,4117,train,1.548771619796753,3.0353098620547664e-05,9.116398811340332
1,4118,train,1.9571205377578735,3.0347951410335595e-05,10.975179672241211
1,4119,train,1.6176187992095947,3.0342804200123532e-05,8.185346603393555
1,4120,train,0.8770410418510437,3.0337656989911467e-05,6.057223320007324
1,4121,train,1.2387715578079224,3.0332509779699404e-05,6.1940999031066895
1,4122,train,2.184119462966919,3.0327362569487338e-05,13.198342323303223
1,4123,train,1.4571915864944458,3.0322215359275276e-05,7.04896354675293
1,4124,train,1.6434627771377563,3.031706814906321e-05,10.47207260131836
1,4125,train,1.490898847579956,3.0311920938851148e-05,7.85784387588501
1,4126,train,1.8398449420928955,3.0306773728639082e-05,9.041448593139648
1,4127,train,1.6494919061660767,3.0301626518427016e-05,10.444209098815918
1,4128,train,1.5452035665512085,3.0296479308214947e-05,9.414421081542969
1,4129,train,0.8874145150184631,3.0291332098002884e-05,6.962314128875732
1,4130,train,1.8382879495620728,3.028618488779082e-05,11.783289909362793
1,4131,train,1.410709023475647,3.028103767757875e-05,8.610024452209473
1,4132,train,1.3661385774612427,3.0275890467366687e-05,7.777491569519043
1,4133,train,1.2229068279266357,3.027074325715462e-05,10.264729499816895
1,4134,train,1.2479897737503052,3.026559604694256e-05,7.779886722564697
1,4135,train,1.2087233066558838,3.0260448836730493e-05,8.084290504455566
1,4136,train,1.2687643766403198,3.0255301626518427e-05,8.139769554138184
1,4137,train,1.9546785354614258,3.0250154416306365e-05,10.084769248962402
1,4138,train,1.10633385181427,3.02450072060943e-05,7.429575443267822
1,4139,train,1.8035866022109985,3.0239859995882236e-05,9.710899353027344
1,4140,train,2.463697910308838,3.023471278567017e-05,10.713809967041016
1,4141,train,0.9724923968315125,3.02295655754581e-05,5.953469753265381
1,4142,train,1.6900818347930908,3.022441836524604e-05,13.609707832336426
1,4143,train,1.8156391382217407,3.0219271155033973e-05,9.963364601135254
1,4144,train,1.6331266164779663,3.021412394482191e-05,8.521536827087402
1,4145,train,1.1328797340393066,3.0208976734609838e-05,11.106782913208008
1,4146,train,1.3381521701812744,3.0203829524397775e-05,7.049829959869385
1,4147,train,1.326336145401001,3.019868231418571e-05,10.02336311340332
1,4148,train,1.7004972696304321,3.0193535103973647e-05,8.86716365814209
1,4149,train,1.838718295097351,3.018838789376158e-05,9.573003768920898
1,4150,train,1.8629754781723022,3.018324068354952e-05,13.506976127624512
1,4151,train,2.125479221343994,3.0178093473337453e-05,9.184303283691406
1,4152,train,1.0609692335128784,3.017294626312539e-05,6.587283611297607
1,4153,train,1.4921475648880005,3.0167799052913325e-05,11.521525382995605
1,4154,train,1.645437240600586,3.0162651842701256e-05,18.7318172454834
1,4155,train,2.3100059032440186,3.0157504632489193e-05,12.942185401916504
1,4156,train,1.4438902139663696,3.0152357422277127e-05,8.517488479614258
1,4157,train,1.5488444566726685,3.0147210212065065e-05,10.594779014587402
1,4158,train,1.6779083013534546,3.0142063001852992e-05,10.311738967895508
1,4159,train,1.3698548078536987,3.013691579164093e-05,9.87603759765625
1,4160,train,1.602296233177185,3.0131768581428864e-05,7.748671531677246
1,4161,train,1.527904987335205,3.0126621371216802e-05,7.850656032562256
1,4162,train,1.6287140846252441,3.0121474161004736e-05,10.143799781799316
1,4163,train,1.2752293348312378,3.0116326950792673e-05,8.437000274658203
1,4164,train,1.7890892028808594,3.0111179740580608e-05,9.101217269897461
1,4165,train,1.6563329696655273,3.0106032530368545e-05,10.396074295043945
1,4166,train,1.376377820968628,3.010088532015648e-05,6.8617072105407715
1,4167,train,0.9978405833244324,3.009573810994441e-05,6.945919513702393
1,4168,train,2.035066843032837,3.0090590899732344e-05,10.264607429504395
1,4169,train,1.5098140239715576,3.0085443689520282e-05,11.00527572631836
1,4170,train,1.8285011053085327,3.0080296479308216e-05,9.504440307617188
1,4171,train,2.31062912940979,3.0075149269096147e-05,11.304698944091797
1,4172,train,1.6462105512619019,3.0070002058884084e-05,11.373083114624023
1,4173,train,1.5233616828918457,3.006485484867202e-05,9.900716781616211
1,4174,train,1.9120017290115356,3.0059707638459956e-05,11.688879013061523
1,4175,train,1.3063510656356812,3.005456042824789e-05,9.462983131408691
1,4176,train,1.7299513816833496,3.0049413218035828e-05,10.316962242126465
1,4177,train,1.5136698484420776,3.0044266007823762e-05,9.551867485046387
1,4178,train,1.0970699787139893,3.00391187976117e-05,8.794150352478027
1,4179,train,1.1420345306396484,3.0033971587399634e-05,7.629448890686035
1,4180,train,1.2633715867996216,3.002882437718757e-05,7.871849060058594
1,4181,train,0.922508716583252,3.00236771669755e-05,7.431970596313477
1,4182,train,1.4605205059051514,3.0018529956763436e-05,10.670419692993164
1,4183,train,2.111464738845825,3.001338274655137e-05,10.41650390625
1,4184,train,2.2247314453125,3.00082355363393e-05,9.71925163269043
1,4185,train,1.499072790145874,3.000308832612724e-05,7.884391784667969
1,4186,train,2.232862710952759,2.9997941115915173e-05,12.702855110168457
1,4187,train,2.0877702236175537,2.999279390570311e-05,12.009053230285645
1,4188,train,1.9106615781784058,2.9987646695491045e-05,11.241400718688965
1,4189,train,1.7950328588485718,2.9982499485278982e-05,11.695585250854492
1,4190,train,1.6386820077896118,2.9977352275066917e-05,8.269429206848145
1,4191,train,2.1350202560424805,2.9972205064854854e-05,11.701075553894043
1,4192,train,2.236490488052368,2.9967057854642788e-05,11.39758014678955
1,4193,train,1.2457507848739624,2.9961910644430722e-05,7.138679504394531
1,4194,train,2.4818644523620605,2.9956763434218653e-05,12.299921989440918
1,4195,train,1.1050859689712524,2.995161622400659e-05,7.237064361572266
1,4196,train,1.4346643686294556,2.9946469013794525e-05,8.84529972076416
1,4197,train,1.5461033582687378,2.9941321803582456e-05,9.362371444702148
1,4198,train,1.8632380962371826,2.9936174593370393e-05,10.416481971740723
1,4199,train,1.1180896759033203,2.9931027383158328e-05,8.902960777282715
1,4200,train,1.2512643337249756,2.9925880172946265e-05,6.605373859405518
1,4201,train,1.435162901878357,2.99207329627342e-05,9.444198608398438
1,4202,train,1.7166701555252075,2.9915585752522133e-05,9.328584671020508
1,4203,train,1.3764712810516357,2.991043854231007e-05,8.707805633544922
1,4204,train,1.4573965072631836,2.9905291332098005e-05,8.575279235839844
1,4205,train,2.0363917350769043,2.9900144121885943e-05,10.857734680175781
1,4206,train,1.9069348573684692,2.9894996911673877e-05,9.451961517333984
1,4207,train,1.3579801321029663,2.9889849701461808e-05,9.12746810913086
1,4208,train,1.6630346775054932,2.9884702491249745e-05,7.9300923347473145
1,4209,train,0.9459617733955383,2.987955528103768e-05,6.986552715301514
1,4210,train,1.6247142553329468,2.987440807082561e-05,8.72024154663086
1,4211,train,1.4645931720733643,2.9869260860613544e-05,10.367738723754883
1,4212,train,1.0934679508209229,2.9864113650401482e-05,7.617159366607666
1,4213,train,1.5669598579406738,2.9858966440189416e-05,12.913614273071289
1,4214,train,1.5890066623687744,2.9853819229977354e-05,8.004244804382324
1,4215,train,1.6143455505371094,2.9848672019765288e-05,8.889602661132812
1,4216,train,1.7611569166183472,2.9843524809553225e-05,10.895155906677246
1,4217,train,2.0477371215820312,2.983837759934116e-05,10.133234024047852
1,4218,train,1.5290395021438599,2.9833230389129097e-05,13.211751937866211
1,4219,train,1.5405147075653076,2.982808317891703e-05,8.282605171203613
1,4220,train,1.7776352167129517,2.9822935968704962e-05,9.322504043579102
1,4221,train,1.743844747543335,2.98177887584929e-05,11.160070419311523
1,4222,train,2.137500286102295,2.9812641548280834e-05,11.46888542175293
1,4223,train,1.9017224311828613,2.9807494338068765e-05,9.179606437683105
1,4224,train,2.145087718963623,2.98023471278567e-05,9.64526653289795
1,4225,train,1.7502435445785522,2.9797199917644636e-05,9.136950492858887
1,4226,train,1.4727622270584106,2.979205270743257e-05,7.463647842407227
1,4227,train,1.000495433807373,2.9786905497220508e-05,8.66286849975586
1,4228,train,1.0955555438995361,2.9781758287008442e-05,7.347115516662598
1,4229,train,1.8539186716079712,2.977661107679638e-05,9.465237617492676
1,4230,train,1.744354486465454,2.9771463866584314e-05,9.644377708435059
1,4231,train,1.2574130296707153,2.9766316656372252e-05,9.06653881072998
1,4232,train,1.1945953369140625,2.9761169446160186e-05,6.464395999908447
1,4233,train,2.432046413421631,2.9756022235948117e-05,13.554359436035156
1,4234,train,1.6773099899291992,2.975087502573605e-05,10.615886688232422
1,4235,train,1.9086054563522339,2.974572781552399e-05,10.518625259399414
1,4236,train,2.0738565921783447,2.974058060531192e-05,9.987519264221191
1,4237,train,1.6318920850753784,2.9735433395099853e-05,9.095355033874512
1,4238,train,0.9767645001411438,2.973028618488779e-05,7.2622480392456055
1,4239,train,1.2322322130203247,2.9725138974675725e-05,8.9296293258667
1,4240,train,1.7950994968414307,2.9719991764463663e-05,11.940506935119629
1,4241,train,1.0395249128341675,2.9714844554251597e-05,8.094047546386719
1,4242,train,1.2245817184448242,2.9709697344039534e-05,8.722766876220703
1,4243,train,1.3928533792495728,2.970455013382747e-05,7.860670566558838
1,4244,train,1.3288769721984863,2.9699402923615406e-05,8.567073822021484
1,4245,train,1.41957688331604,2.969425571340334e-05,8.50518798828125
1,4246,train,1.5429338216781616,2.968910850319127e-05,7.469038963317871
1,4247,train,1.5235254764556885,2.9683961292979205e-05,8.040258407592773
1,4248,train,1.122992753982544,2.9678814082767143e-05,9.236517906188965
1,4249,train,1.6005709171295166,2.9673666872555074e-05,9.486128807067871
1,4250,train,0.9748213291168213,2.9668519662343008e-05,7.102598667144775
1,4251,train,1.3445415496826172,2.9663372452130945e-05,7.126018047332764
1,4252,train,1.4559247493743896,2.965822524191888e-05,11.768892288208008
1,4253,train,1.5984866619110107,2.9653078031706817e-05,9.772359848022461
1,4254,train,2.51271653175354,2.964793082149475e-05,14.046502113342285
1,4255,train,1.8914310932159424,2.964278361128269e-05,9.961386680603027
1,4256,train,1.9287699460983276,2.9637636401070623e-05,11.168097496032715
1,4257,train,1.7071647644042969,2.9632489190858557e-05,12.8580961227417
1,4258,train,2.688615083694458,2.9627341980646495e-05,12.598965644836426
1,4259,train,1.2938661575317383,2.9622194770434426e-05,8.191961288452148
1,4260,train,0.9747174382209778,2.961704756022236e-05,7.1880598068237305
1,4261,train,1.407192349433899,2.9611900350010297e-05,12.092652320861816
1,4262,train,0.8782329559326172,2.9606753139798228e-05,7.879021644592285
1,4263,train,2.1677498817443848,2.9601605929586162e-05,9.90855884552002
1,4264,train,1.5957590341567993,2.95964587193741e-05,11.061141967773438
1,4265,train,1.414855718612671,2.9591311509162034e-05,11.808012962341309
1,4266,train,1.1770758628845215,2.9586164298949968e-05,7.044903755187988
1,4267,train,1.6549997329711914,2.9581017088737906e-05,10.48760986328125
1,4268,train,1.3279982805252075,2.957586987852584e-05,9.409481048583984
1,4269,train,1.0645447969436646,2.9570722668313778e-05,8.917705535888672
1,4270,train,1.5055845975875854,2.9565575458101712e-05,11.500011444091797
1,4271,train,1.5005192756652832,2.956042824788965e-05,10.641066551208496
1,4272,train,2.025648593902588,2.955528103767758e-05,13.851153373718262
1,4273,train,1.2049574851989746,2.9550133827465514e-05,6.758642196655273
1,4274,train,1.930384635925293,2.9544986617253452e-05,12.370474815368652
1,4275,train,1.3661136627197266,2.953983940704138e-05,6.9277873039245605
1,4276,train,1.7912139892578125,2.9534692196829317e-05,10.750030517578125
1,4277,train,1.8167052268981934,2.952954498661725e-05,11.446986198425293
1,4278,train,2.148871660232544,2.952439777640519e-05,9.937744140625
1,4279,train,1.0840649604797363,2.9519250566193123e-05,8.602968215942383
1,4280,train,1.7954299449920654,2.951410335598106e-05,13.469097137451172
1,4281,train,1.069284200668335,2.9508956145768994e-05,7.011198043823242
1,4282,train,1.3012778759002686,2.9503808935556932e-05,8.72214412689209
1,4283,train,1.1701719760894775,2.9498661725344866e-05,8.980145454406738
1,4284,train,1.341546893119812,2.9493514515132804e-05,7.775078296661377
1,4285,train,1.800909161567688,2.9488367304920735e-05,9.53886890411377
1,4286,train,1.1550803184509277,2.948322009470867e-05,8.782478332519531
1,4287,train,1.6244412660598755,2.9478072884496606e-05,12.440289497375488
1,4288,train,1.7774038314819336,2.947292567428454e-05,15.184329986572266
1,4289,train,1.2977970838546753,2.946777846407247e-05,9.095362663269043
1,4290,train,1.8715524673461914,2.9462631253860405e-05,12.10444164276123
1,4291,train,1.3694374561309814,2.9457484043648343e-05,7.18250036239624
1,4292,train,1.8811066150665283,2.9452336833436277e-05,10.204042434692383
1,4293,train,0.8025514483451843,2.9447189623224215e-05,6.509949684143066
1,4294,train,1.346341848373413,2.944204241301215e-05,10.17903995513916
1,4295,train,2.0915842056274414,2.9436895202800086e-05,11.235426902770996
1,4296,train,1.3212231397628784,2.943174799258802e-05,9.515204429626465
1,4297,train,1.7008585929870605,2.9426600782375958e-05,9.537506103515625
1,4298,train,1.558760166168213,2.9421453572163886e-05,9.279842376708984
1,4299,train,1.5131930112838745,2.9416306361951823e-05,8.850483894348145
1,4300,train,1.148139476776123,2.9411159151739757e-05,7.83177375793457
1,4301,train,1.3197373151779175,2.9406011941527695e-05,10.216573715209961
1,4302,train,1.3699694871902466,2.9400864731315626e-05,10.817596435546875
1,4303,train,1.7956682443618774,2.939571752110356e-05,10.004926681518555
1,4304,train,1.6747745275497437,2.9390570310891497e-05,9.853160858154297
1,4305,train,1.9604613780975342,2.938542310067943e-05,11.73411750793457
1,4306,train,1.3598504066467285,2.938027589046737e-05,9.188248634338379
1,4307,train,2.019050121307373,2.9375128680255303e-05,10.432393074035645
1,4308,train,1.3379260301589966,2.936998147004324e-05,9.646240234375
1,4309,train,1.366181492805481,2.9364834259831175e-05,9.362077713012695
1,4310,train,2.0414974689483643,2.9359687049619113e-05,9.892738342285156
1,4311,train,2.1273927688598633,2.935453983940704e-05,11.40121841430664
1,4312,train,1.6602481603622437,2.9349392629194978e-05,11.652645111083984
1,4313,train,1.4986752271652222,2.9344245418982912e-05,8.305502891540527
1,4314,train,1.7816073894500732,2.933909820877085e-05,11.273757934570312
1,4315,train,1.0926343202590942,2.933395099855878e-05,6.524607181549072
1,4316,train,1.78931725025177,2.9328803788346714e-05,9.318852424621582
1,4317,train,1.788987398147583,2.9323656578134652e-05,9.60872745513916
1,4318,train,2.308985471725464,2.9318509367922586e-05,12.176363945007324
1,4319,train,1.4192357063293457,2.9313362157710524e-05,7.644519329071045
1,4320,train,1.686348795890808,2.9308214947498458e-05,9.078843116760254
1,4321,train,1.7886669635772705,2.9303067737286395e-05,12.925989151000977
1,4322,train,1.448541522026062,2.929792052707433e-05,8.835047721862793
1,4323,train,1.7618722915649414,2.9292773316862264e-05,10.474345207214355
1,4324,train,1.6915029287338257,2.92876261066502e-05,7.774615287780762
1,4325,train,1.583672285079956,2.9282478896438132e-05,7.321305274963379
1,4326,train,1.6662993431091309,2.9277331686226066e-05,7.8064422607421875
1,4327,train,1.5330796241760254,2.9272184476014004e-05,11.068438529968262
1,4328,train,1.622803807258606,2.9267037265801935e-05,10.440357208251953
1,4329,train,1.0827993154525757,2.926189005558987e-05,8.228175163269043
1,4330,train,1.244572401046753,2.9256742845377806e-05,7.509939670562744
1,4331,train,1.33542799949646,2.925159563516574e-05,9.389202117919922
1,4332,train,1.0771863460540771,2.9246448424953675e-05,7.933492183685303
1,4333,train,2.1603481769561768,2.9241301214741612e-05,11.762946128845215
1,4334,train,1.673108696937561,2.9236154004529547e-05,9.169208526611328
1,4335,train,1.1455929279327393,2.9231006794317484e-05,9.352715492248535
1,4336,train,1.7940404415130615,2.9225859584105418e-05,8.692037582397461
1,4337,train,1.9579890966415405,2.9220712373893356e-05,9.143118858337402
1,4338,train,2.0781772136688232,2.9215565163681287e-05,10.819439888000488
1,4339,train,1.3663811683654785,2.921041795346922e-05,8.233991622924805
1,4340,train,1.856706976890564,2.920527074325716e-05,10.11344051361084
1,4341,train,1.6854686737060547,2.9200123533045086e-05,10.734918594360352
1,4342,train,1.1968889236450195,2.9194976322833023e-05,7.4088029861450195
1,4343,train,1.477300763130188,2.9189829112620957e-05,9.597556114196777
1,4344,train,1.4609681367874146,2.9184681902408895e-05,6.535228252410889
1,4345,train,1.1492382287979126,2.917953469219683e-05,8.754279136657715
1,4346,train,1.3332693576812744,2.9174387481984767e-05,8.313133239746094
1,4347,train,1.2896920442581177,2.91692402717727e-05,9.223287582397461
1,4348,train,1.990928053855896,2.916409306156064e-05,10.635505676269531
1,4349,train,1.5727838277816772,2.9158945851348573e-05,9.886737823486328
1,4350,train,1.070833683013916,2.915379864113651e-05,8.143309593200684
1,4351,train,1.8918977975845337,2.914865143092444e-05,11.095124244689941
1,4352,train,1.141255497932434,2.9143504220712375e-05,9.21316909790039
1,4353,train,1.0618153810501099,2.9138357010500313e-05,8.139702796936035
1,4354,train,1.4321060180664062,2.913320980028824e-05,8.402045249938965
1,4355,train,1.6058130264282227,2.9128062590076178e-05,9.155923843383789
1,4356,train,1.5942374467849731,2.9122915379864112e-05,8.097686767578125
1,4357,train,1.699141263961792,2.911776816965205e-05,11.386780738830566
1,4358,train,1.6286780834197998,2.9112620959439984e-05,8.627216339111328
1,4359,train,1.2202390432357788,2.910747374922792e-05,7.621969699859619
1,4360,train,1.468688726425171,2.9102326539015855e-05,11.002726554870605
1,4361,train,1.1149636507034302,2.9097179328803793e-05,8.461371421813965
1,4362,train,1.0986390113830566,2.9092032118591727e-05,8.35948657989502
1,4363,train,1.5207085609436035,2.9086884908379665e-05,8.17429256439209
1,4364,train,1.006782054901123,2.9081737698167592e-05,10.334468841552734
1,4365,train,1.1635955572128296,2.907659048795553e-05,8.144193649291992
1,4366,train,1.2174760103225708,2.9071443277743464e-05,7.946815490722656
1,4367,train,0.8550691604614258,2.9066296067531395e-05,6.703582286834717
1,4368,train,1.5669009685516357,2.9061148857319332e-05,8.915314674377441
1,4369,train,1.0292963981628418,2.9056001647107266e-05,6.138548851013184
1,4370,train,1.7684777975082397,2.9050854436895204e-05,10.54619312286377
1,4371,train,1.4790812730789185,2.9045707226683138e-05,8.34928035736084
1,4372,train,1.807362675666809,2.9040560016471076e-05,10.443930625915527
1,4373,train,1.481248378753662,2.903541280625901e-05,9.050268173217773
1,4374,train,1.7667162418365479,2.9030265596046947e-05,10.904757499694824
1,4375,train,1.6396896839141846,2.902511838583488e-05,8.518315315246582
1,4376,train,1.9516990184783936,2.901997117562282e-05,10.359635353088379
1,4377,train,1.5963020324707031,2.9014823965410747e-05,10.249739646911621
1,4378,train,1.9818769693374634,2.9009676755198684e-05,14.302383422851562
1,4379,train,1.6788690090179443,2.900452954498662e-05,10.907628059387207
1,4380,train,2.1345772743225098,2.899938233477455e-05,10.779987335205078
1,4381,train,1.4661747217178345,2.8994235124562487e-05,10.072274208068848
1,4382,train,2.240412473678589,2.898908791435042e-05,11.744734764099121
1,4383,train,1.368073582649231,2.898394070413836e-05,10.00510025024414
1,4384,train,1.9960299730300903,2.8978793493926293e-05,11.31320571899414
1,4385,train,1.042072057723999,2.897364628371423e-05,8.2208251953125
1,4386,train,1.5421561002731323,2.8968499073502164e-05,8.189287185668945
1,4387,train,1.3341819047927856,2.89633518632901e-05,9.290803909301758
1,4388,train,1.6518384218215942,2.8958204653078036e-05,11.662782669067383
1,4389,train,1.9088305234909058,2.895305744286597e-05,9.620281219482422
1,4390,train,1.1805914640426636,2.89479102326539e-05,6.553806781768799
1,4391,train,1.2936822175979614,2.894276302244184e-05,7.8715972900390625
1,4392,train,1.542802095413208,2.8937615812229773e-05,9.317939758300781
1,4393,train,1.5351355075836182,2.8932468602017704e-05,12.920692443847656
1,4394,train,1.6297330856323242,2.892732139180564e-05,9.908413887023926
1,4395,train,1.547217845916748,2.8922174181593575e-05,7.886881351470947
1,4396,train,2.1812100410461426,2.891702697138151e-05,13.081183433532715
1,4397,train,1.5325088500976562,2.8911879761169447e-05,7.751297950744629
1,4398,train,1.6003185510635376,2.890673255095738e-05,8.882457733154297
1,4399,train,1.92303466796875,2.890158534074532e-05,10.138162612915039
1,4400,train,1.2925182580947876,2.8896438130533253e-05,7.940791606903076
1,4401,train,1.531493067741394,2.889129092032119e-05,8.841134071350098
1,4402,train,2.2292776107788086,2.8886143710109125e-05,10.521617889404297
1,4403,train,1.5566827058792114,2.8880996499897056e-05,9.568999290466309
1,4404,train,2.129628896713257,2.8875849289684993e-05,9.177138328552246
1,4405,train,1.4201663732528687,2.8870702079472927e-05,9.519709587097168
1,4406,train,1.4838844537734985,2.8865554869260858e-05,9.914668083190918
1,4407,train,1.9287898540496826,2.8860407659048792e-05,13.637880325317383
1,4408,train,1.4697331190109253,2.885526044883673e-05,10.026773452758789
1,4409,train,1.4723442792892456,2.8850113238624664e-05,10.598246574401855
1,4410,train,1.4862865209579468,2.88449660284126e-05,10.260711669921875
1,4411,train,1.4834673404693604,2.8839818818200536e-05,7.394983291625977
1,4412,train,1.4891165494918823,2.8834671607988473e-05,9.438538551330566
1,4413,train,2.123079538345337,2.8829524397776407e-05,13.526487350463867
1,4414,train,1.3689402341842651,2.8824377187564345e-05,7.9526238441467285
1,4415,train,1.2254128456115723,2.881922997735228e-05,9.990957260131836
1,4416,train,1.3536189794540405,2.881408276714021e-05,7.872178077697754
1,4417,train,1.2507973909378052,2.8808935556928148e-05,8.664291381835938
1,4418,train,1.8331940174102783,2.8803788346716082e-05,8.197958946228027
1,4419,train,1.2351562976837158,2.8798641136504013e-05,9.03035831451416
1,4420,train,1.8108971118927002,2.8793493926291947e-05,11.709126472473145
1,4421,train,1.9920023679733276,2.8788346716079884e-05,12.53075885772705
1,4422,train,1.7973872423171997,2.878319950586782e-05,11.745599746704102
1,4423,train,1.269835352897644,2.8778052295655756e-05,7.472393035888672
1,4424,train,1.421494722366333,2.877290508544369e-05,9.516568183898926
1,4425,train,1.9891910552978516,2.8767757875231628e-05,11.024520874023438
1,4426,train,2.1822376251220703,2.8762610665019562e-05,11.304702758789062
1,4427,train,2.085411787033081,2.87574634548075e-05,10.760581970214844
1,4428,train,1.3902665376663208,2.8752316244595434e-05,9.953021049499512
1,4429,train,1.5100332498550415,2.8747169034383364e-05,8.645087242126465
1,4430,train,1.6199383735656738,2.87420218241713e-05,11.28978157043457
1,4431,train,1.4751356840133667,2.8736874613959236e-05,9.407200813293457
1,4432,train,1.7303863763809204,2.873172740374717e-05,9.355018615722656
1,4433,train,1.3310773372650146,2.87265801935351e-05,7.256432056427002
1,4434,train,1.6839442253112793,2.872143298332304e-05,9.470548629760742
1,4435,train,1.7186031341552734,2.8716285773110973e-05,10.23870849609375
1,4436,train,2.0544750690460205,2.871113856289891e-05,10.007340431213379
1,4437,train,1.0388652086257935,2.8705991352686845e-05,6.847094535827637
1,4438,train,1.934757947921753,2.8700844142474782e-05,10.827296257019043
1,4439,train,1.575251579284668,2.8695696932262716e-05,10.454655647277832
1,4440,train,1.7712243795394897,2.8690549722050654e-05,10.511223793029785
1,4441,train,1.4272574186325073,2.8685402511838588e-05,9.294221878051758
1,4442,train,1.774816632270813,2.868025530162652e-05,11.247437477111816
1,4443,train,1.5573171377182007,2.8675108091414453e-05,10.899497032165527
1,4444,train,1.776283860206604,2.866996088120239e-05,9.765974998474121
1,4445,train,1.2231255769729614,2.8664813670990325e-05,9.198407173156738
1,4446,train,2.509446382522583,2.8659666460778256e-05,11.688774108886719
1,4447,train,1.5630427598953247,2.8654519250566193e-05,11.172869682312012
1,4448,train,1.2556400299072266,2.8649372040354127e-05,8.252486228942871
1,4449,train,1.5824798345565796,2.8644224830142065e-05,11.271149635314941
1,4450,train,1.9449175596237183,2.863907761993e-05,14.405839920043945
1,4451,train,1.6092394590377808,2.8633930409717937e-05,5.794610500335693
1,4452,train,1.9980844259262085,2.862878319950587e-05,11.217280387878418
1,4453,train,1.5304621458053589,2.8623635989293805e-05,11.326765060424805
1,4454,train,1.0598163604736328,2.8618488779081743e-05,5.777948379516602
1,4455,train,1.3357570171356201,2.8613341568869673e-05,8.160004615783691
1,4456,train,1.9687209129333496,2.8608194358657608e-05,9.39849853515625
1,4457,train,1.3948564529418945,2.8603047148445545e-05,9.398542404174805
1,4458,train,2.1637420654296875,2.859789993823348e-05,11.838846206665039
1,4459,train,2.3026347160339355,2.859275272802141e-05,13.507244110107422
1,4460,train,1.1838432550430298,2.8587605517809348e-05,6.376125335693359
1,4461,train,1.6144459247589111,2.8582458307597282e-05,9.940375328063965
1,4462,train,1.6949654817581177,2.8577311097385216e-05,12.97710132598877
1,4463,train,1.3282771110534668,2.8572163887173154e-05,9.117881774902344
1,4464,train,1.6244240999221802,2.8567016676961088e-05,11.200440406799316
1,4465,train,1.19657301902771,2.8561869466749025e-05,10.08800983428955
1,4466,train,2.181434154510498,2.855672225653696e-05,14.68043041229248
1,4467,train,1.6841025352478027,2.8551575046324897e-05,10.70826530456543
1,4468,train,1.4392635822296143,2.854642783611283e-05,10.304169654846191
1,4469,train,1.3864301443099976,2.8541280625900762e-05,8.772010803222656
1,4470,train,1.8249834775924683,2.85361334156887e-05,10.79332447052002
1,4471,train,1.3692131042480469,2.8530986205476634e-05,7.489653587341309
1,4472,train,1.807990550994873,2.8525838995264565e-05,13.51545524597168
1,4473,train,1.5806423425674438,2.85206917850525e-05,9.535868644714355
1,4474,train,1.2042248249053955,2.8515544574840436e-05,14.058913230895996
1,4475,train,1.043959140777588,2.851039736462837e-05,7.220001697540283
1,4476,train,1.897788405418396,2.8505250154416308e-05,12.699858665466309
1,4477,train,1.5486478805541992,2.8500102944204242e-05,10.392288208007812
1,4478,train,1.4684985876083374,2.849495573399218e-05,9.075963973999023
1,4479,train,1.364711046218872,2.8489808523780114e-05,8.00366497039795
1,4480,train,2.2062861919403076,2.848466131356805e-05,11.064131736755371
1,4481,train,1.3592698574066162,2.8479514103355986e-05,6.853222846984863
1,4482,train,0.7727270126342773,2.8474366893143917e-05,6.025489807128906
1,4483,train,0.9163147211074829,2.8469219682931854e-05,7.284745693206787
1,4484,train,1.6233116388320923,2.8464072472719788e-05,8.489017486572266
1,4485,train,1.1731207370758057,2.845892526250772e-05,6.873117446899414
1,4486,train,2.221710443496704,2.8453778052295653e-05,10.86666202545166
1,4487,train,1.9144237041473389,2.844863084208359e-05,9.59941291809082
1,4488,train,1.195551872253418,2.8443483631871525e-05,6.561951160430908
1,4489,train,1.6902273893356323,2.8438336421659463e-05,10.357367515563965
1,4490,train,1.8248664140701294,2.8433189211447397e-05,9.998570442199707
1,4491,train,1.4584887027740479,2.8428042001235334e-05,11.101459503173828
1,4492,train,0.873978853225708,2.842289479102327e-05,7.086709022521973
1,4493,train,1.455081820487976,2.8417747580811206e-05,9.27371883392334
1,4494,train,1.6500279903411865,2.841260037059914e-05,9.181326866149902
1,4495,train,1.7396093606948853,2.840745316038707e-05,11.835186004638672
1,4496,train,1.8153830766677856,2.8402305950175005e-05,9.473174095153809
1,4497,train,1.5017282962799072,2.8397158739962943e-05,8.42371940612793
1,4498,train,1.6557912826538086,2.8392011529750874e-05,10.049769401550293
1,4499,train,0.6099467277526855,2.8386864319538808e-05,5.490914344787598
1,4500,train,1.8474652767181396,2.8381717109326745e-05,10.980835914611816
1,4501,train,1.4138869047164917,2.837656989911468e-05,9.165031433105469
1,4502,train,1.8984946012496948,2.8371422688902617e-05,8.44725227355957
1,4503,train,2.1482787132263184,2.836627547869055e-05,12.172871589660645
1,4504,train,1.4596394300460815,2.836112826847849e-05,8.014755249023438
1,4505,train,1.6349506378173828,2.8355981058266423e-05,12.681690216064453
1,4506,train,1.8457890748977661,2.835083384805436e-05,11.294483184814453
1,4507,train,1.2913925647735596,2.8345686637842295e-05,8.46146011352539
1,4508,train,1.0613600015640259,2.8340539427630225e-05,8.035110473632812
1,4509,train,1.483013391494751,2.833539221741816e-05,11.852378845214844
1,4510,train,1.1577930450439453,2.8330245007206097e-05,6.88797664642334
1,4511,train,1.5871248245239258,2.8325097796994028e-05,9.686453819274902
1,4512,train,0.8031911849975586,2.8319950586781962e-05,6.218567848205566
1,4513,train,1.3244307041168213,2.83148033765699e-05,8.463899612426758
1,4514,train,1.6241636276245117,2.8309656166357834e-05,8.749992370605469
1,4515,train,1.8519845008850098,2.830450895614577e-05,9.89875316619873
1,4516,train,2.2246904373168945,2.8299361745933706e-05,10.15813159942627
1,4517,train,1.2676640748977661,2.829421453572164e-05,8.225290298461914
1,4518,train,1.8226321935653687,2.8289067325509577e-05,10.504829406738281
1,4519,train,1.500805377960205,2.828392011529751e-05,9.252775192260742
1,4520,train,1.836487054824829,2.827877290508545e-05,11.687887191772461
1,4521,train,1.0432931184768677,2.827362569487338e-05,7.715394496917725
1,4522,train,1.390079379081726,2.8268478484661314e-05,9.253623962402344
1,4523,train,1.390800952911377,2.8263331274449252e-05,9.2158203125
1,4524,train,1.6836280822753906,2.8258184064237182e-05,8.621023178100586
1,4525,train,1.506934642791748,2.8253036854025117e-05,10.436724662780762
1,4526,train,1.6052191257476807,2.824788964381305e-05,10.613152503967285
1,4527,train,1.8140313625335693,2.824274243360099e-05,10.818217277526855
1,4528,train,1.5304056406021118,2.8237595223388923e-05,9.65828800201416
1,4529,train,1.6955205202102661,2.823244801317686e-05,12.404186248779297
1,4530,train,2.2516262531280518,2.8227300802964794e-05,12.815972328186035
1,4531,train,1.12389075756073,2.8222153592752732e-05,6.414402008056641
1,4532,train,1.4702768325805664,2.8217006382540666e-05,8.892488479614258
1,4533,train,1.0443865060806274,2.8211859172328604e-05,6.978182315826416
1,4534,train,2.399630308151245,2.8206711962116534e-05,14.826759338378906
1,4535,train,2.0540244579315186,2.820156475190447e-05,9.613030433654785
1,4536,train,1.698111891746521,2.8196417541692406e-05,10.300546646118164
1,4537,train,1.9253813028335571,2.8191270331480334e-05,10.256791114807129
1,4538,train,0.9581929445266724,2.818612312126827e-05,6.073915004730225
1,4539,train,1.5406414270401,2.8180975911056205e-05,10.805460929870605
1,4540,train,1.8566731214523315,2.8175828700844143e-05,8.498587608337402
1,4541,train,1.3162190914154053,2.8170681490632077e-05,12.628983497619629
1,4542,train,1.512081503868103,2.8165534280420015e-05,7.439600944519043
1,4543,train,1.1752653121948242,2.816038707020795e-05,6.307444095611572
1,4544,train,1.5054084062576294,2.8155239859995886e-05,7.627845287322998
1,4545,train,1.9459720849990845,2.815009264978382e-05,10.67196273803711
1,4546,train,1.8593133687973022,2.8144945439571758e-05,10.017684936523438
1,4547,train,1.8773683309555054,2.813979822935969e-05,10.947300910949707
1,4548,train,1.4032468795776367,2.8134651019147623e-05,9.04443073272705
1,4549,train,0.8508039116859436,2.8129503808935557e-05,6.352583885192871
1,4550,train,1.665049433708191,2.8124356598723488e-05,10.809865951538086
1,4551,train,1.4021116495132446,2.8119209388511426e-05,10.001996040344238
1,4552,train,1.642574429512024,2.811406217829936e-05,8.250008583068848
1,4553,train,1.4997045993804932,2.8108914968087297e-05,9.035588264465332
1,4554,train,1.6227144002914429,2.810376775787523e-05,11.389723777770996
1,4555,train,1.397325873374939,2.809862054766317e-05,7.944790840148926
1,4556,train,1.8170028924942017,2.8093473337451103e-05,8.971780776977539
1,4557,train,1.5144507884979248,2.808832612723904e-05,8.377291679382324
1,4558,train,1.330756425857544,2.8083178917026975e-05,8.33011245727539
1,4559,train,0.8809455633163452,2.8078031706814913e-05,6.656461715698242
1,4560,train,1.2492774724960327,2.807288449660284e-05,8.552189826965332
1,4561,train,1.4781280755996704,2.8067737286390778e-05,7.153801441192627
1,4562,train,1.3566449880599976,2.8062590076178712e-05,7.428703308105469
1,4563,train,1.5880376100540161,2.8057442865966643e-05,9.41093635559082
1,4564,train,1.0085158348083496,2.805229565575458e-05,8.875297546386719
1,4565,train,1.311322808265686,2.8047148445542514e-05,8.5036039352417
1,4566,train,1.3932524919509888,2.8042001235330452e-05,8.46072006225586
1,4567,train,1.2483433485031128,2.8036854025118386e-05,6.646110534667969
1,4568,train,1.3338382244110107,2.8031706814906324e-05,6.207032203674316
1,4569,train,1.5552046298980713,2.8026559604694258e-05,7.472671985626221
1,4570,train,1.798402190208435,2.8021412394482195e-05,11.703767776489258
1,4571,train,2.083076238632202,2.801626518427013e-05,9.702458381652832
1,4572,train,1.9852186441421509,2.8011117974058067e-05,8.585208892822266
1,4573,train,1.6575977802276611,2.8005970763845994e-05,7.599724292755127
1,4574,train,1.79340660572052,2.8000823553633932e-05,10.868256568908691
1,4575,train,1.695380687713623,2.7995676343421866e-05,9.629051208496094
1,4576,train,1.3206344842910767,2.7990529133209804e-05,8.068376541137695
1,4577,train,0.9893215894699097,2.7985381922997735e-05,7.901834964752197
1,4578,train,0.9535802602767944,2.798023471278567e-05,7.661335468292236
1,4579,train,1.190531849861145,2.7975087502573606e-05,6.522024154663086
1,4580,train,1.2600735425949097,2.796994029236154e-05,7.261369705200195
1,4581,train,1.508737564086914,2.7964793082149478e-05,9.217318534851074
1,4582,train,2.177590847015381,2.7959645871937412e-05,14.025879859924316
1,4583,train,1.4702867269515991,2.7954498661725346e-05,7.3746137619018555
1,4584,train,2.307800054550171,2.7949351451513284e-05,9.425274848937988
1,4585,train,2.2205522060394287,2.7944204241301218e-05,7.688604831695557
1,4586,train,1.5432013273239136,2.793905703108915e-05,9.457112312316895
1,4587,train,1.452001929283142,2.7933909820877086e-05,9.51871395111084
1,4588,train,1.4822231531143188,2.792876261066502e-05,11.289143562316895
1,4589,train,1.2112082242965698,2.7923615400452958e-05,8.998290061950684
1,4590,train,1.9258472919464111,2.791846819024089e-05,9.789401054382324
1,4591,train,1.3528000116348267,2.7913320980028823e-05,10.104564666748047
1,4592,train,1.3016761541366577,2.7908173769816757e-05,8.235356330871582
1,4593,train,2.0874555110931396,2.7903026559604695e-05,13.2951078414917
1,4594,train,1.0888723134994507,2.789787934939263e-05,6.765039920806885
1,4595,train,1.1611213684082031,2.7892732139180567e-05,9.76568603515625
1,4596,train,2.0389702320098877,2.78875849289685e-05,13.009050369262695
1,4597,train,1.2155001163482666,2.788243771875644e-05,7.665839672088623
1,4598,train,1.7153995037078857,2.7877290508544373e-05,14.943510055541992
1,4599,train,1.757260799407959,2.7872143298332303e-05,8.441655158996582
1,4600,train,1.6295195817947388,2.786699608812024e-05,9.399432182312012
1,4601,train,1.5292110443115234,2.7861848877908175e-05,9.38479232788086
1,4602,train,1.6718215942382812,2.7856701667696113e-05,10.708962440490723
1,4603,train,1.3257503509521484,2.785155445748404e-05,8.68881893157959
1,4604,train,1.5607216358184814,2.7846407247271978e-05,8.71743392944336
1,4605,train,1.3490574359893799,2.7841260037059912e-05,10.700230598449707
1,4606,train,1.7654212713241577,2.783611282684785e-05,10.852808952331543
1,4607,train,1.3456404209136963,2.7830965616635784e-05,8.563117027282715
1,4608,train,2.0181121826171875,2.782581840642372e-05,10.237956047058105
1,4609,train,1.4400463104248047,2.7820671196211655e-05,8.931061744689941
1,4610,train,1.1652562618255615,2.7815523985999593e-05,7.394415378570557
1,4611,train,1.5985126495361328,2.7810376775787527e-05,9.583414077758789
1,4612,train,2.247437000274658,2.7805229565575465e-05,11.477327346801758
1,4613,train,0.9702906012535095,2.7800082355363395e-05,5.428521633148193
1,4614,train,1.5637425184249878,2.779493514515133e-05,7.8971757888793945
1,4615,train,1.2753866910934448,2.7789787934939264e-05,6.269955158233643
1,4616,train,1.5256142616271973,2.7784640724727195e-05,10.204080581665039
1,4617,train,0.9922181367874146,2.7779493514515132e-05,5.64756965637207
1,4618,train,1.35923433303833,2.7774346304303066e-05,7.4706854820251465
1,4619,train,1.5967856645584106,2.7769199094091004e-05,9.191783905029297
1,4620,train,0.8270888924598694,2.7764051883878938e-05,5.045567512512207
1,4621,train,2.2109696865081787,2.7758904673666876e-05,10.242613792419434
1,4622,train,1.6308963298797607,2.775375746345481e-05,10.631692886352539
1,4623,train,1.4679524898529053,2.7748610253242747e-05,7.189157485961914
1,4624,train,2.8265397548675537,2.774346304303068e-05,12.743453979492188
1,4625,train,1.5317093133926392,2.773831583281862e-05,10.338638305664062
1,4626,train,1.3951818943023682,2.7733168622606546e-05,8.328924179077148
1,4627,train,1.808475375175476,2.7728021412394484e-05,10.676424026489258
1,4628,train,1.1789435148239136,2.7722874202182418e-05,7.4997406005859375
1,4629,train,1.3770054578781128,2.771772699197035e-05,10.049452781677246
1,4630,train,2.0752553939819336,2.7712579781758287e-05,10.823060989379883
1,4631,train,1.8558343648910522,2.770743257154622e-05,10.976739883422852
1,4632,train,1.40794038772583,2.770228536133416e-05,9.021344184875488
1,4633,train,1.4471023082733154,2.7697138151122093e-05,10.236565589904785
1,4634,train,1.2831450700759888,2.769199094091003e-05,8.991446495056152
1,4635,train,1.847815752029419,2.7686843730697964e-05,10.894050598144531
1,4636,train,1.940153956413269,2.7681696520485902e-05,13.01392936706543
1,4637,train,1.5934652090072632,2.7676549310273836e-05,8.853169441223145
1,4638,train,1.3933416604995728,2.767140210006177e-05,9.533248901367188
1,4639,train,1.5713531970977783,2.76662548898497e-05,11.315102577209473
1,4640,train,1.9643067121505737,2.766110767963764e-05,10.121203422546387
1,4641,train,1.2333323955535889,2.7655960469425573e-05,7.888769149780273
1,4642,train,1.7458752393722534,2.7650813259213503e-05,10.959362030029297
1,4643,train,1.30094575881958,2.764566604900144e-05,8.802519798278809
1,4644,train,1.4704499244689941,2.7640518838789375e-05,7.133725643157959
1,4645,train,2.178039312362671,2.7635371628577313e-05,11.607871055603027
1,4646,train,1.6025463342666626,2.7630224418365247e-05,9.095636367797852
1,4647,train,1.4744088649749756,2.762507720815318e-05,7.2566423416137695
1,4648,train,2.3837859630584717,2.761992999794112e-05,14.1068696975708
1,4649,train,1.1374812126159668,2.7614782787729053e-05,6.055322170257568
1,4650,train,2.0720021724700928,2.760963557751699e-05,11.79198169708252
1,4651,train,1.826174020767212,2.7604488367304925e-05,9.888313293457031
1,4652,train,1.9282660484313965,2.7599341157092855e-05,11.071682929992676
1,4653,train,1.97287917137146,2.7594193946880793e-05,11.308547973632812
1,4654,train,1.153343677520752,2.7589046736668727e-05,6.419228553771973
1,4655,train,1.5294429063796997,2.7583899526456658e-05,8.818120956420898
1,4656,train,0.7238340973854065,2.7578752316244592e-05,6.21476411819458
1,4657,train,1.9933629035949707,2.757360510603253e-05,9.191080093383789
1,4658,train,1.6594476699829102,2.7568457895820464e-05,9.55805492401123
1,4659,train,1.6382776498794556,2.75633106856084e-05,8.453067779541016
1,4660,train,1.8581838607788086,2.7558163475396336e-05,10.461554527282715
1,4661,train,1.1005399227142334,2.7553016265184273e-05,6.987435817718506
1,4662,train,1.9802590608596802,2.7547869054972207e-05,10.954109191894531
1,4663,train,1.4555250406265259,2.7542721844760145e-05,8.28731632232666
1,4664,train,1.6352120637893677,2.753757463454808e-05,9.121689796447754
1,4665,train,1.562119483947754,2.753242742433601e-05,7.964483737945557
1,4666,train,1.6767303943634033,2.7527280214123947e-05,9.868441581726074
1,4667,train,1.5682547092437744,2.752213300391188e-05,9.454573631286621
1,4668,train,1.1565077304840088,2.7516985793699812e-05,7.27779483795166
1,4669,train,1.9282362461090088,2.7511838583487747e-05,14.186269760131836
1,4670,train,2.1094954013824463,2.7506691373275684e-05,10.949257850646973
1,4671,train,1.6356401443481445,2.750154416306362e-05,9.872254371643066
1,4672,train,1.0145329236984253,2.7496396952851556e-05,6.646778583526611
1,4673,train,2.101498603820801,2.749124974263949e-05,11.524171829223633
1,4674,train,1.324682593345642,2.7486102532427428e-05,9.080395698547363
1,4675,train,1.185760498046875,2.7480955322215362e-05,8.116004943847656
1,4676,train,1.691265344619751,2.74758081120033e-05,10.297186851501465
1,4677,train,1.8674144744873047,2.7470660901791234e-05,8.444228172302246
1,4678,train,1.5591011047363281,2.7465513691579164e-05,10.082352638244629
1,4679,train,1.7632356882095337,2.74603664813671e-05,8.194804191589355
1,4680,train,2.102264881134033,2.7455219271155036e-05,10.718402862548828
1,4681,train,2.2930796146392822,2.7450072060942967e-05,13.485316276550293
1,4682,train,2.04764723777771,2.74449248507309e-05,10.587019920349121
1,4683,train,1.8820257186889648,2.743977764051884e-05,10.58350944519043
1,4684,train,1.3315119743347168,2.7434630430306773e-05,7.237558364868164
1,4685,train,1.3290607929229736,2.742948322009471e-05,7.982118129730225
1,4686,train,1.643746018409729,2.7424336009882645e-05,9.421819686889648
1,4687,train,1.4249659776687622,2.7419188799670582e-05,8.271955490112305
1,4688,train,1.5051602125167847,2.7414041589458516e-05,8.591160774230957
1,4689,train,1.8307344913482666,2.7408894379246454e-05,11.108258247375488
1,4690,train,1.8436169624328613,2.7403747169034388e-05,10.042795181274414
1,4691,train,1.824364185333252,2.739859995882232e-05,11.011908531188965
1,4692,train,1.6177778244018555,2.7393452748610253e-05,10.187824249267578
1,4693,train,1.7399837970733643,2.738830553839819e-05,11.418342590332031
1,4694,train,1.7677137851715088,2.738315832818612e-05,9.130892753601074
1,4695,train,1.6108241081237793,2.7378011117974056e-05,9.974299430847168
1,4696,train,1.4777610301971436,2.7372863907761993e-05,9.44143295288086
1,4697,train,1.2780189514160156,2.7367716697549927e-05,9.066328048706055
1,4698,train,2.2965269088745117,2.7362569487337865e-05,14.565458297729492
1,4699,train,1.7762079238891602,2.73574222771258e-05,8.6024808883667
1,4700,train,1.7443666458129883,2.7352275066913737e-05,9.288987159729004
1,4701,train,1.4381887912750244,2.734712785670167e-05,8.531662940979004
1,4702,train,1.9773118495941162,2.734198064648961e-05,11.310441970825195
1,4703,train,0.9710679054260254,2.7336833436277543e-05,8.259791374206543
1,4704,train,1.1740150451660156,2.7331686226065473e-05,6.75345516204834
1,4705,train,1.6726325750350952,2.7326539015853407e-05,10.305827140808105
1,4706,train,0.8592607975006104,2.7321391805641345e-05,6.032388210296631
1,4707,train,1.6465510129928589,2.7316244595429276e-05,10.638482093811035
1,4708,train,2.009765148162842,2.731109738521721e-05,12.588818550109863
1,4709,train,1.3978182077407837,2.7305950175005148e-05,14.165481567382812
1,4710,train,1.3278799057006836,2.7300802964793082e-05,7.621035099029541
1,4711,train,2.2532849311828613,2.729565575458102e-05,11.628320693969727
1,4712,train,1.053895115852356,2.7290508544368954e-05,6.412650108337402
1,4713,train,1.2067604064941406,2.7285361334156888e-05,10.266239166259766
1,4714,train,1.6355464458465576,2.7280214123944825e-05,10.584379196166992
1,4715,train,1.9795125722885132,2.727506691373276e-05,12.225027084350586
1,4716,train,1.8418190479278564,2.7269919703520697e-05,9.021332740783691
1,4717,train,1.8093515634536743,2.7264772493308628e-05,9.604720115661621
1,4718,train,1.9836641550064087,2.7259625283096562e-05,11.700188636779785
1,4719,train,1.3666832447052002,2.72544780728845e-05,7.129776954650879
1,4720,train,1.3769714832305908,2.7249330862672434e-05,8.155274391174316
1,4721,train,1.5056465864181519,2.7244183652460364e-05,10.274580001831055
1,4722,train,0.9206094145774841,2.72390364422483e-05,6.182372570037842
1,4723,train,1.7269474267959595,2.7233889232036236e-05,9.38817024230957
1,4724,train,1.3600425720214844,2.722874202182417e-05,9.134248733520508
1,4725,train,2.2237648963928223,2.7223594811612108e-05,13.974966049194336
1,4726,train,1.5023372173309326,2.7218447601400042e-05,10.377681732177734
1,4727,train,1.0412273406982422,2.721330039118798e-05,7.3173675537109375
1,4728,train,1.4449832439422607,2.7208153180975914e-05,9.944753646850586
1,4729,train,1.7223786115646362,2.720300597076385e-05,12.645028114318848
1,4730,train,1.5751152038574219,2.7197858760551782e-05,7.961615085601807
1,4731,train,1.2493282556533813,2.7192711550339716e-05,7.030498504638672
1,4732,train,1.7765722274780273,2.7187564340127654e-05,12.628233909606934
1,4733,train,1.9688029289245605,2.7182417129915588e-05,11.850457191467285
1,4734,train,2.3324098587036133,2.717726991970352e-05,12.60710334777832
1,4735,train,1.996919870376587,2.7172122709491453e-05,10.092876434326172
1,4736,train,1.4929373264312744,2.716697549927939e-05,11.664453506469727
1,4737,train,1.247045874595642,2.7161828289067325e-05,10.579937934875488
1,4738,train,1.5508880615234375,2.7156681078855262e-05,9.232959747314453
1,4739,train,1.5242741107940674,2.7151533868643197e-05,7.42098331451416
1,4740,train,1.3842519521713257,2.7146386658431134e-05,9.176860809326172
1,4741,train,1.0101064443588257,2.714123944821907e-05,7.098557472229004
1,4742,train,1.198964238166809,2.7136092238007006e-05,8.874908447265625
1,4743,train,2.110217571258545,2.7130945027794937e-05,12.017411231994629
1,4744,train,1.2167047262191772,2.712579781758287e-05,7.933375835418701
1,4745,train,1.2851060628890991,2.7120650607370805e-05,7.650561809539795
1,4746,train,1.5861470699310303,2.7115503397158743e-05,10.739109992980957
1,4747,train,1.7507344484329224,2.7110356186946673e-05,10.302263259887695
1,4748,train,1.6786531209945679,2.7105208976734608e-05,8.797200202941895
1,4749,train,1.5824880599975586,2.7100061766522545e-05,8.850982666015625
1,4750,train,1.7278928756713867,2.709491455631048e-05,10.834611892700195
1,4751,train,1.8936161994934082,2.7089767346098417e-05,9.754512786865234
1,4752,train,1.0970470905303955,2.708462013588635e-05,6.754806041717529
1,4753,train,1.2754207849502563,2.707947292567429e-05,8.749122619628906
1,4754,train,1.1637797355651855,2.7074325715462223e-05,9.713096618652344
1,4755,train,1.8196018934249878,2.706917850525016e-05,11.264164924621582
1,4756,train,1.5347002744674683,2.7064031295038095e-05,12.816479682922363
1,4757,train,1.147741675376892,2.7058884084826025e-05,8.646187782287598
1,4758,train,1.8488903045654297,2.705373687461396e-05,9.825794219970703
1,4759,train,1.972472906112671,2.7048589664401897e-05,10.615042686462402
1,4760,train,1.2748786211013794,2.7043442454189828e-05,7.039101600646973
1,4761,train,2.2787795066833496,2.7038295243977762e-05,8.93411922454834
1,4762,train,1.1146939992904663,2.70331480337657e-05,9.15019702911377
1,4763,train,1.5596212148666382,2.7028000823553634e-05,9.67486572265625
1,4764,train,1.3290907144546509,2.702285361334157e-05,9.003366470336914
1,4765,train,1.3259286880493164,2.7017706403129506e-05,9.160260200500488
1,4766,train,1.5943950414657593,2.7012559192917443e-05,8.649157524108887
1,4767,train,1.9906284809112549,2.7007411982705377e-05,9.717462539672852
1,4768,train,1.2246205806732178,2.700226477249331e-05,8.57769775390625
1,4769,train,2.3007795810699463,2.699711756228125e-05,12.155755043029785
1,4770,train,2.0006864070892334,2.699197035206918e-05,10.49272346496582
1,4771,train,1.6825530529022217,2.6986823141857114e-05,9.298465728759766
1,4772,train,1.2028673887252808,2.698167593164505e-05,9.081075668334961
1,4773,train,1.8325276374816895,2.6976528721432982e-05,9.157299041748047
1,4774,train,1.4071193933486938,2.6971381511220917e-05,9.535435676574707
1,4775,train,2.0789952278137207,2.6966234301008854e-05,13.608036041259766
1,4776,train,1.4320497512817383,2.6961087090796788e-05,9.100454330444336
1,4777,train,2.083341121673584,2.6955939880584722e-05,10.065567970275879
1,4778,train,1.0691204071044922,2.695079267037266e-05,10.856154441833496
1,4779,train,2.096665620803833,2.6945645460160594e-05,10.410477638244629
1,4780,train,1.7083901166915894,2.6940498249948532e-05,9.598663330078125
1,4781,train,1.3414547443389893,2.6935351039736466e-05,6.760227203369141
1,4782,train,1.3195403814315796,2.6930203829524404e-05,7.967210292816162
1,4783,train,1.8452550172805786,2.6925056619312334e-05,10.797181129455566
1,4784,train,1.5581750869750977,2.691990940910027e-05,13.08646011352539
1,4785,train,1.672909140586853,2.6914762198888206e-05,10.354730606079102
1,4786,train,1.8303219079971313,2.6909614988676133e-05,10.672679901123047
1,4787,train,1.960509181022644,2.690446777846407e-05,10.303239822387695
1,4788,train,1.4031931161880493,2.6899320568252005e-05,7.219213485717773
1,4789,train,1.4438700675964355,2.6894173358039943e-05,8.852936744689941
1,4790,train,1.280760645866394,2.6889026147827877e-05,8.96993350982666
1,4791,train,1.0257453918457031,2.6883878937615814e-05,6.076531410217285
1,4792,train,1.3296574354171753,2.687873172740375e-05,8.760732650756836
1,4793,train,1.567891240119934,2.6873584517191686e-05,7.475898742675781
1,4794,train,1.963442325592041,2.686843730697962e-05,15.226099014282227
1,4795,train,0.8245887756347656,2.6863290096767558e-05,5.059373378753662
1,4796,train,0.8706840872764587,2.685814288655549e-05,7.666532516479492
1,4797,train,2.1957767009735107,2.6852995676343423e-05,14.161592483520508
1,4798,train,1.5006800889968872,2.684784846613136e-05,10.010011672973633
1,4799,train,1.954344630241394,2.6842701255919288e-05,10.529210090637207
1,4800,train,2.442826986312866,2.6837554045707225e-05,9.413118362426758
1,4801,train,1.7832505702972412,2.683240683549516e-05,11.8015775680542
1,4802,train,1.5985952615737915,2.6827259625283097e-05,8.456177711486816
1,4803,train,1.1298372745513916,2.682211241507103e-05,7.015510082244873
1,4804,train,1.2853541374206543,2.681696520485897e-05,9.487090110778809
1,4805,train,1.5427875518798828,2.6811817994646903e-05,9.977644920349121
1,4806,train,1.2434937953948975,2.680667078443484e-05,8.723095893859863
1,4807,train,1.3269368410110474,2.6801523574222775e-05,8.27711009979248
1,4808,train,1.2237718105316162,2.6796376364010712e-05,6.728339672088623
1,4809,train,1.332147479057312,2.679122915379864e-05,9.224912643432617
1,4810,train,1.457101821899414,2.6786081943586577e-05,9.32856559753418
1,4811,train,1.6958012580871582,2.678093473337451e-05,8.434679985046387
1,4812,train,1.2986952066421509,2.6775787523162442e-05,8.194701194763184
1,4813,train,1.4405391216278076,2.677064031295038e-05,9.11465072631836
1,4814,train,1.900038719177246,2.6765493102738314e-05,9.788618087768555
1,4815,train,2.1715943813323975,2.676034589252625e-05,11.594963073730469
1,4816,train,1.6710503101348877,2.6755198682314186e-05,10.982990264892578
1,4817,train,1.495293378829956,2.6750051472102123e-05,8.712128639221191
1,4818,train,1.2307848930358887,2.6744904261890058e-05,8.692432403564453
1,4819,train,1.6492997407913208,2.6739757051677995e-05,7.859838485717773
1,4820,train,1.54969322681427,2.673460984146593e-05,8.249836921691895
1,4821,train,1.2730238437652588,2.6729462631253867e-05,7.77969217300415
1,4822,train,1.5760419368743896,2.6724315421041794e-05,8.981346130371094
1,4823,train,1.300220012664795,2.6719168210829732e-05,8.150033950805664
1,4824,train,1.4733974933624268,2.6714021000617666e-05,9.92101764678955
1,4825,train,1.7474561929702759,2.6708873790405597e-05,10.970220565795898
1,4826,train,1.1731228828430176,2.6703726580193534e-05,7.6079511642456055
1,4827,train,1.529395580291748,2.669857936998147e-05,7.873711109161377
1,4828,train,2.214380979537964,2.6693432159769406e-05,13.566302299499512
1,4829,train,1.3613747358322144,2.668828494955734e-05,7.589207649230957
1,4830,train,1.7584002017974854,2.6683137739345278e-05,8.436508178710938
1,4831,train,1.9305953979492188,2.6677990529133212e-05,11.346009254455566
1,4832,train,1.6948543787002563,2.667284331892115e-05,11.022601127624512
1,4833,train,1.5202418565750122,2.6667696108709084e-05,8.210613250732422
1,4834,train,2.191661834716797,2.6662548898497018e-05,13.835267066955566
1,4835,train,2.1723239421844482,2.665740168828495e-05,10.110394477844238
1,4836,train,1.0575759410858154,2.6652254478072886e-05,6.896559715270996
1,4837,train,1.8056837320327759,2.664710726786082e-05,9.864737510681152
1,4838,train,1.7242767810821533,2.664196005764875e-05,10.018369674682617
1,4839,train,1.068063735961914,2.663681284743669e-05,7.802706241607666
1,4840,train,2.133326530456543,2.6631665637224623e-05,10.176851272583008
1,4841,train,1.4260839223861694,2.662651842701256e-05,7.570084571838379
1,4842,train,1.798491358757019,2.6621371216800495e-05,9.967872619628906
1,4843,train,1.140562891960144,2.661622400658843e-05,6.3915510177612305
1,4844,train,1.2993773221969604,2.6611076796376367e-05,6.839597702026367
1,4845,train,1.2535239458084106,2.66059295861643e-05,8.914084434509277
1,4846,train,1.4182463884353638,2.6600782375952238e-05,7.695712089538574
1,4847,train,1.691231369972229,2.6595635165740172e-05,13.00324535369873
1,4848,train,1.633495807647705,2.6590487955528103e-05,9.670211791992188
1,4849,train,1.2687017917633057,2.658534074531604e-05,10.01319694519043
1,4850,train,1.815367579460144,2.6580193535103975e-05,12.236863136291504
1,4851,train,1.345131754875183,2.6575046324891906e-05,7.221235275268555
1,4852,train,1.1772416830062866,2.656989911467984e-05,7.201226234436035
1,4853,train,2.53752064704895,2.6564751904467778e-05,14.823728561401367
1,4854,train,1.710181713104248,2.6559604694255712e-05,13.291009902954102
1,4855,train,1.491241455078125,2.655445748404365e-05,8.273381233215332
1,4856,train,1.4265016317367554,2.6549310273831583e-05,8.891448974609375
1,4857,train,1.5520371198654175,2.654416306361952e-05,8.21361255645752
1,4858,train,1.3413397073745728,2.6539015853407455e-05,9.07237434387207
1,4859,train,1.630252480506897,2.6533868643195393e-05,10.677163124084473
1,4860,train,1.3256275653839111,2.6528721432983327e-05,9.445686340332031
1,4861,train,1.3973957300186157,2.6523574222771258e-05,9.86821460723877
1,4862,train,1.90574312210083,2.6518427012559195e-05,14.358769416809082
1,4863,train,1.0440999269485474,2.651327980234713e-05,6.748680591583252
1,4864,train,1.6101168394088745,2.6508132592135067e-05,9.716975212097168
1,4865,train,1.9094815254211426,2.6502985381922994e-05,9.160449028015137
1,4866,train,1.7488497495651245,2.6497838171710932e-05,11.109688758850098
1,4867,train,1.5737704038619995,2.6492690961498866e-05,9.482942581176758
1,4868,train,0.9536880254745483,2.6487543751286804e-05,8.099589347839355
1,4869,train,0.777449905872345,2.6482396541074738e-05,5.523269176483154
1,4870,train,2.1413137912750244,2.6477249330862675e-05,11.14476490020752
1,4871,train,1.2221548557281494,2.647210212065061e-05,7.57009220123291
1,4872,train,1.1938321590423584,2.6466954910438547e-05,7.062393665313721
1,4873,train,1.9506479501724243,2.646180770022648e-05,9.684282302856445
1,4874,train,1.597899079322815,2.6456660490014412e-05,9.908767700195312
1,4875,train,0.917777955532074,2.6451513279802346e-05,5.70485258102417
1,4876,train,1.0149877071380615,2.6446366069590284e-05,6.882673740386963
1,4877,train,1.2081904411315918,2.6441218859378218e-05,6.271251678466797
1,4878,train,1.7725013494491577,2.643607164916615e-05,9.040902137756348
1,4879,train,1.1029651165008545,2.6430924438954086e-05,8.312520980834961
1,4880,train,1.6270047426223755,2.642577722874202e-05,10.103525161743164
1,4881,train,1.5170600414276123,2.6420630018529958e-05,7.23294734954834
1,4882,train,1.7084373235702515,2.6415482808317892e-05,10.991292953491211
1,4883,train,1.0511773824691772,2.641033559810583e-05,6.193892478942871
1,4884,train,1.5850499868392944,2.6405188387893764e-05,9.929436683654785
1,4885,train,2.3902385234832764,2.6400041177681702e-05,11.041658401489258
1,4886,train,1.1055991649627686,2.6394893967469636e-05,7.866126537322998
1,4887,train,1.4210059642791748,2.6389746757257567e-05,9.656665802001953
1,4888,train,1.2120177745819092,2.63845995470455e-05,8.166607856750488
1,4889,train,1.480576753616333,2.637945233683344e-05,8.834419250488281
1,4890,train,0.8986562490463257,2.6374305126621373e-05,7.083225727081299
1,4891,train,1.2305796146392822,2.6369157916409303e-05,8.846933364868164
1,4892,train,1.9838597774505615,2.636401070619724e-05,8.439417839050293
1,4893,train,1.820173740386963,2.6358863495985175e-05,9.681645393371582
1,4894,train,1.9096482992172241,2.6353716285773113e-05,9.515982627868652
1,4895,train,1.412371277809143,2.6348569075561047e-05,7.54402494430542
1,4896,train,2.427809953689575,2.6343421865348984e-05,12.938437461853027
1,4897,train,1.414961576461792,2.633827465513692e-05,9.226317405700684
1,4898,train,1.4237744808197021,2.6333127444924853e-05,8.428308486938477
1,4899,train,1.849470853805542,2.632798023471279e-05,11.177797317504883
1,4900,train,1.6124659776687622,2.6322833024500725e-05,11.032426834106445
1,4901,train,1.1239980459213257,2.6317685814288655e-05,6.831398963928223
1,4902,train,1.3674224615097046,2.6312538604076593e-05,8.789706230163574
1,4903,train,0.8468695878982544,2.6307391393864527e-05,6.246525287628174
1,4904,train,1.641517996788025,2.6302244183652458e-05,9.62744140625
1,4905,train,0.9948741793632507,2.6297096973440395e-05,7.274122714996338
1,4906,train,1.1554105281829834,2.629194976322833e-05,8.668612480163574
1,4907,train,1.0458475351333618,2.6286802553016264e-05,6.931636333465576
1,4908,train,2.1591713428497314,2.62816553428042e-05,13.565232276916504
1,4909,train,1.9610731601715088,2.6276508132592136e-05,8.497618675231934
1,4910,train,1.0862864255905151,2.6271360922380073e-05,9.796149253845215
1,4911,train,1.7694423198699951,2.6266213712168007e-05,10.43289566040039
1,4912,train,1.1847939491271973,2.6261066501955945e-05,6.515664100646973
1,4913,train,0.6747884154319763,2.625591929174388e-05,7.3772077560424805
1,4914,train,1.3706337213516235,2.625077208153181e-05,8.748591423034668
1,4915,train,0.9110903143882751,2.6245624871319747e-05,5.528039455413818
1,4916,train,1.181085467338562,2.624047766110768e-05,8.476088523864746
1,4917,train,1.3045923709869385,2.6235330450895612e-05,8.270758628845215
1,4918,train,1.7577646970748901,2.6230183240683546e-05,9.024250984191895
1,4919,train,1.5537407398223877,2.6225036030471484e-05,11.092280387878418
1,4920,train,1.3956905603408813,2.6219888820259418e-05,9.04372787475586
1,4921,train,0.8905224800109863,2.6214741610047356e-05,6.6998162269592285
1,4922,train,2.192765712738037,2.620959439983529e-05,10.927459716796875
1,4923,train,1.3963803052902222,2.6204447189623228e-05,8.100831031799316
1,4924,train,1.8581334352493286,2.6199299979411162e-05,9.986117362976074
1,4925,train,1.526092290878296,2.61941527691991e-05,7.47335958480835
1,4926,train,1.9319159984588623,2.6189005558987033e-05,9.142840385437012
1,4927,train,1.4922305345535278,2.6183858348774964e-05,8.778240203857422
1,4928,train,2.0888001918792725,2.6178711138562902e-05,10.976948738098145
1,4929,train,1.1242880821228027,2.6173563928350836e-05,8.610732078552246
1,4930,train,1.4411747455596924,2.6168416718138767e-05,10.247109413146973
1,4931,train,1.6703027486801147,2.61632695079267e-05,11.294456481933594
1,4932,train,2.2803823947906494,2.615812229771464e-05,12.01741886138916
1,4933,train,1.574536681175232,2.6152975087502573e-05,8.694944381713867
1,4934,train,1.8728708028793335,2.614782787729051e-05,9.662612915039062
1,4935,train,1.8194420337677002,2.6142680667078444e-05,9.148702621459961
1,4936,train,0.8487626314163208,2.6137533456866382e-05,7.960875034332275
1,4937,train,0.8342351913452148,2.6132386246654316e-05,7.06602668762207
1,4938,train,1.3558906316757202,2.6127239036442254e-05,7.127648830413818
1,4939,train,1.4841370582580566,2.6122091826230188e-05,8.465764045715332
1,4940,train,1.9128069877624512,2.611694461601812e-05,7.659571170806885
1,4941,train,1.7093271017074585,2.6111797405806053e-05,8.971195220947266
1,4942,train,1.3155733346939087,2.610665019559399e-05,9.677396774291992
1,4943,train,1.7674366235733032,2.610150298538192e-05,8.6736478805542
1,4944,train,1.4456337690353394,2.6096355775169855e-05,8.746132850646973
1,4945,train,1.7008941173553467,2.6091208564957793e-05,9.688316345214844
1,4946,train,1.0664958953857422,2.6086061354745727e-05,7.0793986320495605
1,4947,train,1.8430813550949097,2.6080914144533665e-05,10.576797485351562
1,4948,train,1.5668513774871826,2.60757669343216e-05,8.987499237060547
1,4949,train,0.943289577960968,2.6070619724109536e-05,6.7957048416137695
1,4950,train,1.4097007513046265,2.606547251389747e-05,8.877029418945312
1,4951,train,1.2253798246383667,2.6060325303685408e-05,6.6692986488342285
1,4952,train,1.9148730039596558,2.6055178093473342e-05,11.765867233276367
1,4953,train,1.429500699043274,2.6050030883261273e-05,11.057238578796387
1,4954,train,1.4593905210494995,2.6044883673049207e-05,9.880559921264648
1,4955,train,1.484250545501709,2.6039736462837145e-05,7.671185493469238
1,4956,train,1.5732086896896362,2.6034589252625076e-05,11.022658348083496
1,4957,train,1.8135387897491455,2.602944204241301e-05,12.592805862426758
1,4958,train,1.4337787628173828,2.6024294832200947e-05,10.177369117736816
1,4959,train,1.1299474239349365,2.601914762198888e-05,8.752470970153809
1,4960,train,1.3499386310577393,2.601400041177682e-05,6.990687370300293
1,4961,train,1.6474111080169678,2.6008853201564753e-05,11.688042640686035
1,4962,train,1.8972631692886353,2.600370599135269e-05,9.376139640808105
1,4963,train,1.3545647859573364,2.5998558781140625e-05,8.155989646911621
1,4964,train,1.025753140449524,2.599341157092856e-05,8.180719375610352
1,4965,train,1.6429171562194824,2.5988264360716497e-05,9.393656730651855
1,4966,train,2.1949286460876465,2.5983117150504428e-05,16.38410758972168
1,4967,train,1.7653156518936157,2.5977969940292362e-05,11.295379638671875
1,4968,train,1.3742009401321411,2.59728227300803e-05,8.897269248962402
1,4969,train,1.8724602460861206,2.596767551986823e-05,9.091794967651367
1,4970,train,1.0189390182495117,2.5962528309656164e-05,8.891023635864258
1,4971,train,1.3840043544769287,2.5957381099444102e-05,8.447516441345215
1,4972,train,1.6834838390350342,2.5952233889232036e-05,9.671883583068848
1,4973,train,1.895058035850525,2.594708667901997e-05,11.17713451385498
1,4974,train,0.7229424715042114,2.5941939468807908e-05,5.207949638366699
1,4975,train,2.2119736671447754,2.5936792258595842e-05,13.257498741149902
1,4976,train,1.4074634313583374,2.593164504838378e-05,7.405151844024658
1,4977,train,2.203141927719116,2.5926497838171714e-05,11.763387680053711
1,4978,train,1.6004902124404907,2.592135062795965e-05,10.621641159057617
1,4979,train,2.508763313293457,2.5916203417747582e-05,13.523710250854492
1,4980,train,1.5925332307815552,2.5911056207535516e-05,14.944072723388672
1,4981,train,1.1211187839508057,2.5905908997323454e-05,8.508431434631348
1,4982,train,1.4580941200256348,2.590076178711138e-05,8.6170072555542
1,4983,train,1.635666847229004,2.589561457689932e-05,9.215009689331055
1,4984,train,1.8845199346542358,2.5890467366687253e-05,10.710660934448242
1,4985,train,1.3523203134536743,2.588532015647519e-05,7.881933212280273
1,4986,train,0.9746524095535278,2.5880172946263125e-05,7.484412670135498
1,4987,train,2.310102939605713,2.5875025736051062e-05,15.51761531829834
1,4988,train,1.7156339883804321,2.5869878525838996e-05,11.8962984085083
1,4989,train,1.4891082048416138,2.5864731315626934e-05,7.17292594909668
1,4990,train,1.723455548286438,2.5859584105414868e-05,8.615177154541016
1,4991,train,1.0973601341247559,2.5854436895202806e-05,6.8218464851379395
1,4992,train,1.9384090900421143,2.5849289684990737e-05,8.92522144317627
1,4993,train,1.666936993598938,2.584414247477867e-05,9.810029983520508
1,4994,train,0.9596341848373413,2.583899526456661e-05,6.268290996551514
1,4995,train,0.9390023946762085,2.5833848054354536e-05,6.38720178604126
1,4996,train,1.994891881942749,2.5828700844142473e-05,9.866065979003906
1,4997,train,1.5443764925003052,2.5823553633930407e-05,8.819353103637695
1,4998,train,1.7609529495239258,2.5818406423718345e-05,13.456145286560059
1,4999,train,1.6564337015151978,2.581325921350628e-05,9.318450927734375
1,5000,train,1.45296311378479,2.5808112003294217e-05,9.012483596801758
1,5001,train,1.1281265020370483,2.580296479308215e-05,8.460049629211426
1,5002,train,0.7215870022773743,2.579781758287009e-05,6.143982410430908
1,5003,train,1.3124858140945435,2.5792670372658023e-05,8.458640098571777
1,5004,train,1.1267566680908203,2.578752316244596e-05,7.9740800857543945
1,5005,train,1.5516334772109985,2.5782375952233888e-05,9.460087776184082
1,5006,train,1.3615442514419556,2.5777228742021825e-05,8.10501766204834
1,5007,train,1.7776298522949219,2.577208153180976e-05,10.516297340393066
1,5008,train,1.4524343013763428,2.5766934321597697e-05,7.750377655029297
1,5009,train,1.1264567375183105,2.5761787111385628e-05,7.402768611907959
1,5010,train,1.4823760986328125,2.5756639901173562e-05,9.439810752868652
1,5011,train,2.0097930431365967,2.57514926909615e-05,10.490499496459961
1,5012,train,1.4523121118545532,2.5746345480749434e-05,10.044065475463867
1,5013,train,1.914492130279541,2.574119827053737e-05,10.262969970703125
1,5014,train,1.3989923000335693,2.5736051060325305e-05,6.464348793029785
1,5015,train,1.8046424388885498,2.5730903850113243e-05,9.677393913269043
1,5016,train,1.3317795991897583,2.5725756639901177e-05,9.164179801940918
1,5017,train,1.51535165309906,2.5720609429689115e-05,9.028543472290039
1,5018,train,0.9578226208686829,2.5715462219477042e-05,6.247917175292969
1,5019,train,1.0929454565048218,2.571031500926498e-05,8.628402709960938
1,5020,train,1.1726012229919434,2.5705167799052914e-05,8.404199600219727
1,5021,train,1.2217203378677368,2.570002058884085e-05,8.429296493530273
1,5022,train,0.9046807885169983,2.5694873378628782e-05,7.756155490875244
1,5023,train,1.6976330280303955,2.5689726168416716e-05,10.442326545715332
1,5024,train,1.2793896198272705,2.5684578958204654e-05,9.439395904541016
1,5025,train,1.5908148288726807,2.5679431747992588e-05,9.191680908203125
1,5026,train,1.41717529296875,2.5674284537780526e-05,9.658950805664062
1,5027,train,1.588151454925537,2.566913732756846e-05,10.173189163208008
1,5028,train,2.071540117263794,2.5663990117356394e-05,15.02551555633545
1,5029,train,1.7212117910385132,2.565884290714433e-05,10.36136245727539
1,5030,train,1.3627135753631592,2.5653695696932266e-05,10.859822273254395
1,5031,train,1.3819537162780762,2.5648548486720197e-05,8.54412841796875
1,5032,train,1.8829236030578613,2.5643401276508134e-05,12.162101745605469
1,5033,train,1.654570460319519,2.563825406629607e-05,11.078618049621582
1,5034,train,1.1244914531707764,2.5633106856084006e-05,7.387622833251953
1,5035,train,1.117850661277771,2.5627959645871937e-05,7.841303825378418
1,5036,train,1.9902713298797607,2.562281243565987e-05,11.512907028198242
1,5037,train,1.2655200958251953,2.5617665225447805e-05,7.993471145629883
1,5038,train,1.2064857482910156,2.5612518015235743e-05,8.458621978759766
1,5039,train,1.2691038846969604,2.5607370805023677e-05,8.847587585449219
1,5040,train,1.3755314350128174,2.5602223594811614e-05,9.021956443786621
1,5041,train,1.8055473566055298,2.559707638459955e-05,12.746062278747559
1,5042,train,1.2620103359222412,2.5591929174387486e-05,8.384586334228516
1,5043,train,1.3203868865966797,2.558678196417542e-05,7.891694068908691
1,5044,train,1.4012707471847534,2.5581634753963358e-05,9.057540893554688
1,5045,train,1.0701059103012085,2.557648754375129e-05,7.0191650390625
1,5046,train,1.8587929010391235,2.5571340333539223e-05,11.003251075744629
1,5047,train,1.6596540212631226,2.556619312332716e-05,10.760567665100098
1,5048,train,2.2769675254821777,2.5561045913115088e-05,12.713484764099121
1,5049,train,0.9622409343719482,2.5555898702903025e-05,8.933287620544434
1,5050,train,1.769157886505127,2.555075149269096e-05,10.90686321258545
1,5051,train,1.4993363618850708,2.5545604282478897e-05,6.863481521606445
1,5052,train,1.3136579990386963,2.554045707226683e-05,8.110770225524902
1,5053,train,1.5124480724334717,2.553530986205477e-05,8.643171310424805
1,5054,train,1.5160211324691772,2.5530162651842703e-05,11.023116111755371
1,5055,train,2.016181230545044,2.552501544163064e-05,9.839890480041504
1,5056,train,1.1088790893554688,2.5519868231418575e-05,8.476577758789062
1,5057,train,1.2435699701309204,2.5514721021206512e-05,8.094687461853027
1,5058,train,0.7922894358634949,2.5509573810994443e-05,5.273971080780029
1,5059,train,1.4598089456558228,2.5504426600782377e-05,10.040058135986328
1,5060,train,2.114431142807007,2.549927939057031e-05,10.332107543945312
1,5061,train,1.6382087469100952,2.5494132180358242e-05,11.679666519165039
1,5062,train,1.5291708707809448,2.548898497014618e-05,8.245558738708496
1,5063,train,1.7787652015686035,2.5483837759934114e-05,11.462997436523438
1,5064,train,1.2164947986602783,2.547869054972205e-05,9.626543998718262
1,5065,train,2.0749051570892334,2.5473543339509986e-05,12.284157752990723
1,5066,train,1.402761697769165,2.5468396129297923e-05,9.311186790466309
1,5067,train,1.5160119533538818,2.5463248919085857e-05,8.827265739440918
1,5068,train,0.944947361946106,2.5458101708873795e-05,9.300578117370605
1,5069,train,1.3996127843856812,2.545295449866173e-05,9.645442008972168
1,5070,train,1.3306224346160889,2.5447807288449667e-05,9.627830505371094
1,5071,train,1.9208869934082031,2.5442660078237594e-05,9.970102310180664
1,5072,train,1.408182978630066,2.5437512868025532e-05,7.166326999664307
1,5073,train,1.4818410873413086,2.5432365657813466e-05,8.296820640563965
1,5074,train,1.442373275756836,2.5427218447601397e-05,8.429200172424316
1,5075,train,1.3600106239318848,2.5422071237389334e-05,9.801308631896973
1,5076,train,1.7154508829116821,2.541692402717727e-05,10.445611953735352
1,5077,train,1.3382816314697266,2.5411776816965206e-05,8.033501625061035
1,5078,train,1.6724871397018433,2.540662960675314e-05,10.748279571533203
1,5079,train,1.2077727317810059,2.5401482396541078e-05,9.871319770812988
1,5080,train,1.4390368461608887,2.5396335186329012e-05,7.764682292938232
1,5081,train,0.8947396278381348,2.539118797611695e-05,7.3337178230285645
1,5082,train,1.4750772714614868,2.5386040765904884e-05,10.67409896850586
1,5083,train,2.022697687149048,2.538089355569282e-05,11.515591621398926
1,5084,train,1.2790250778198242,2.537574634548075e-05,6.5946502685546875
1,5085,train,1.0941264629364014,2.5370599135268686e-05,9.861924171447754
1,5086,train,1.8651331663131714,2.536545192505662e-05,9.76176929473877
1,5087,train,1.5386196374893188,2.536030471484455e-05,9.260515213012695
1,5088,train,1.594116449356079,2.535515750463249e-05,10.236865043640137
1,5089,train,1.8412173986434937,2.5350010294420423e-05,13.75456714630127
1,5090,train,1.331202745437622,2.534486308420836e-05,7.488171100616455
1,5091,train,1.859891653060913,2.5339715873996295e-05,14.717888832092285
1,5092,train,1.5627332925796509,2.5334568663784232e-05,8.118534088134766
1,5093,train,1.435937523841858,2.5329421453572166e-05,7.513153553009033
1,5094,train,1.3566569089889526,2.53242742433601e-05,11.192944526672363
1,5095,train,1.8413358926773071,2.5319127033148038e-05,12.158324241638184
1,5096,train,1.3145406246185303,2.5313979822935972e-05,10.137543678283691
1,5097,train,1.9303535223007202,2.5308832612723903e-05,12.205846786499023
1,5098,train,1.638148546218872,2.530368540251184e-05,10.594072341918945
1,5099,train,1.1422946453094482,2.5298538192299775e-05,7.744971752166748
1,5100,train,2.138094186782837,2.5293390982087706e-05,11.04665470123291
1,5101,train,1.1912897825241089,2.5288243771875643e-05,9.027180671691895
1,5102,train,1.7137657403945923,2.5283096561663577e-05,9.340361595153809
1,5103,train,1.3513286113739014,2.527794935145151e-05,10.606266975402832
1,5104,train,1.55509614944458,2.527280214123945e-05,9.800328254699707
1,5105,train,1.852539300918579,2.5267654931027383e-05,11.436915397644043
1,5106,train,1.0900061130523682,2.526250772081532e-05,7.964105129241943
1,5107,train,1.627543330192566,2.5257360510603255e-05,9.7266263961792
1,5108,train,1.6179413795471191,2.5252213300391193e-05,8.843242645263672
1,5109,train,1.5639113187789917,2.5247066090179127e-05,10.02578353881836
1,5110,train,1.9128228425979614,2.5241918879967058e-05,11.539389610290527
1,5111,train,1.8326510190963745,2.5236771669754995e-05,9.70595932006836
1,5112,train,1.2742316722869873,2.523162445954293e-05,7.695066928863525
1,5113,train,1.8767274618148804,2.522647724933086e-05,9.606274604797363
1,5114,train,1.433861494064331,2.5221330039118794e-05,8.98350715637207
1,5115,train,1.6342681646347046,2.5216182828906732e-05,7.960592746734619
1,5116,train,0.9740127921104431,2.5211035618694666e-05,6.412777900695801
1,5117,train,1.291330099105835,2.5205888408482604e-05,9.071194648742676
1,5118,train,1.9832258224487305,2.5200741198270538e-05,10.57352066040039
1,5119,train,1.1354073286056519,2.5195593988058475e-05,8.46178913116455
1,5120,train,1.6242761611938477,2.519044677784641e-05,9.689558982849121
1,5121,train,1.9634065628051758,2.5185299567634347e-05,10.94061279296875
1,5122,train,1.2098439931869507,2.518015235742228e-05,8.274569511413574
1,5123,train,1.7486212253570557,2.5175005147210212e-05,10.760966300964355
1,5124,train,1.5899903774261475,2.516985793699815e-05,9.655834197998047
1,5125,train,1.4296435117721558,2.5164710726786084e-05,8.77590274810791
1,5126,train,1.9164212942123413,2.5159563516574015e-05,11.395611763000488
1,5127,train,1.4998265504837036,2.515441630636195e-05,12.122359275817871
1,5128,train,1.0157030820846558,2.5149269096149886e-05,8.43446159362793
1,5129,train,1.5510263442993164,2.514412188593782e-05,8.894023895263672
1,5130,train,1.6301664113998413,2.5138974675725758e-05,9.684564590454102
1,5131,train,1.3673629760742188,2.5133827465513692e-05,8.925848007202148
1,5132,train,2.146606922149658,2.512868025530163e-05,13.578399658203125
1,5133,train,1.45622980594635,2.5123533045089564e-05,9.98822021484375
1,5134,train,1.314666986465454,2.51183858348775e-05,7.192951679229736
1,5135,train,1.0703070163726807,2.5113238624665436e-05,5.486510276794434
1,5136,train,1.0424590110778809,2.5108091414453367e-05,8.450387001037598
1,5137,train,1.260075330734253,2.51029442042413e-05,9.36401081085205
1,5138,train,0.8895202279090881,2.5097796994029238e-05,5.972601413726807
1,5139,train,2.089336395263672,2.509264978381717e-05,11.353174209594727
1,5140,train,1.390378713607788,2.5087502573605103e-05,7.97292947769165
1,5141,train,1.2080755233764648,2.508235536339304e-05,9.52759838104248
1,5142,train,2.1625406742095947,2.5077208153180975e-05,12.351097106933594
1,5143,train,1.6299587488174438,2.5072060942968913e-05,11.647847175598145
1,5144,train,1.6781209707260132,2.5066913732756847e-05,14.543234825134277
1,5145,train,2.0107545852661133,2.5061766522544784e-05,12.343563079833984
1,5146,train,0.9402000308036804,2.505661931233272e-05,7.259913921356201
1,5147,train,1.587177038192749,2.5051472102120656e-05,10.510204315185547
1,5148,train,2.149139404296875,2.504632489190859e-05,11.373762130737305
1,5149,train,1.6420812606811523,2.504117768169652e-05,8.706315994262695
1,5150,train,1.239217758178711,2.5036030471484455e-05,7.298853397369385
1,5151,train,1.981464147567749,2.5030883261272393e-05,10.627016067504883
1,5152,train,1.5392144918441772,2.5025736051060327e-05,9.292488098144531
1,5153,train,1.3231240510940552,2.5020588840848258e-05,8.610698699951172
1,5154,train,1.4188991785049438,2.5015441630636195e-05,9.003864288330078
1,5155,train,1.471298098564148,2.501029442042413e-05,9.479935646057129
1,5156,train,1.1690651178359985,2.5005147210212067e-05,9.80044937133789
1,5157,train,1.636768102645874,2.5e-05,12.910665512084961
1,5158,train,2.169219732284546,2.4994852789787935e-05,12.06079387664795
1,5159,train,1.990423321723938,2.4989705579575873e-05,9.341615676879883
1,5160,train,1.2308971881866455,2.4984558369363807e-05,7.374661445617676
1,5161,train,1.2435612678527832,2.4979411159151738e-05,7.459140300750732
1,5162,train,1.333090901374817,2.4974263948939675e-05,8.717412948608398
1,5163,train,1.5120540857315063,2.496911673872761e-05,8.340534210205078
1,5164,train,1.3924047946929932,2.4963969528515547e-05,11.505977630615234
1,5165,train,1.3154466152191162,2.495882231830348e-05,9.188075065612793
1,5166,train,1.2485604286193848,2.495367510809142e-05,8.825879096984863
1,5167,train,1.082532286643982,2.4948527897879346e-05,8.535043716430664
1,5168,train,1.6814954280853271,2.4943380687667284e-05,9.693288803100586
1,5169,train,1.569050908088684,2.4938233477455218e-05,12.019646644592285
1,5170,train,1.8590015172958374,2.4933086267243156e-05,11.132133483886719
1,5171,train,0.8950825333595276,2.492793905703109e-05,5.129988193511963
1,5172,train,1.9078723192214966,2.4922791846819027e-05,10.609484672546387
1,5173,train,1.2098982334136963,2.491764463660696e-05,6.641842365264893
1,5174,train,0.9849414825439453,2.4912497426394892e-05,7.026090621948242
1,5175,train,1.4317636489868164,2.490735021618283e-05,10.148422241210938
1,5176,train,1.4391801357269287,2.4902203005970764e-05,8.510078430175781
1,5177,train,1.9637380838394165,2.48970557957587e-05,10.394694328308105
1,5178,train,1.8867509365081787,2.4891908585546636e-05,9.97515869140625
1,5179,train,1.480971336364746,2.4886761375334573e-05,7.498816013336182
1,5180,train,1.62814199924469,2.48816141651225e-05,8.55241870880127
1,5181,train,1.9838058948516846,2.487646695491044e-05,9.473095893859863
1,5182,train,1.9022290706634521,2.4871319744698373e-05,11.251508712768555
1,5183,train,0.9955838918685913,2.486617253448631e-05,5.961989402770996
1,5184,train,1.2127763032913208,2.4861025324274244e-05,9.340301513671875
1,5185,train,1.12773597240448,2.4855878114062182e-05,7.290491580963135
1,5186,train,1.2342166900634766,2.4850730903850116e-05,7.7179274559021
1,5187,train,1.2711422443389893,2.4845583693638047e-05,12.423721313476562
1,5188,train,1.077989935874939,2.4840436483425984e-05,9.352581977844238
1,5189,train,1.3637231588363647,2.483528927321392e-05,9.948750495910645
1,5190,train,1.147199034690857,2.4830142063001853e-05,8.900416374206543
1,5191,train,2.179898738861084,2.482499485278979e-05,9.23583698272705
1,5192,train,1.3933552503585815,2.4819847642577725e-05,9.663151741027832
1,5193,train,1.3859164714813232,2.4814700432365662e-05,8.904006004333496
1,5194,train,1.3152393102645874,2.4809553222153593e-05,8.062355995178223
1,5195,train,2.233668565750122,2.4804406011941527e-05,13.121603012084961
1,5196,train,1.3389028310775757,2.4799258801729465e-05,10.782743453979492
1,5197,train,1.1929329633712769,2.47941115915174e-05,9.295302391052246
1,5198,train,2.0668535232543945,2.4788964381305336e-05,10.108264923095703
1,5199,train,1.5221869945526123,2.478381717109327e-05,9.509597778320312
1,5200,train,2.045619249343872,2.47786699608812e-05,11.43982982635498
1,5201,train,1.4952898025512695,2.4773522750669135e-05,9.823463439941406
1,5202,train,0.7324860095977783,2.4768375540457073e-05,6.384145259857178
1,5203,train,1.9819608926773071,2.4763228330245007e-05,10.831100463867188
1,5204,train,1.5593434572219849,2.4758081120032945e-05,9.810855865478516
1,5205,train,1.7294169664382935,2.475293390982088e-05,11.821704864501953
1,5206,train,1.2825638055801392,2.4747786699608817e-05,10.777693748474121
1,5207,train,1.7152113914489746,2.4742639489396747e-05,9.927467346191406
1,5208,train,1.1608052253723145,2.473749227918468e-05,6.615856170654297
1,5209,train,1.4138528108596802,2.473234506897262e-05,8.236749649047852
1,5210,train,1.9993821382522583,2.4727197858760553e-05,10.98057746887207
1,5211,train,1.6996674537658691,2.472205064854849e-05,8.489374160766602
1,5212,train,1.973925232887268,2.4716903438336425e-05,9.415926933288574
1,5213,train,1.259179949760437,2.4711756228124356e-05,7.648177623748779
1,5214,train,1.39145028591156,2.470660901791229e-05,8.654170036315918
1,5215,train,1.8378772735595703,2.4701461807700228e-05,12.261669158935547
1,5216,train,1.6107490062713623,2.4696314597488162e-05,7.630670547485352
1,5217,train,1.1719800233840942,2.46911673872761e-05,7.698409557342529
1,5218,train,1.402809739112854,2.4686020177064033e-05,8.073506355285645
1,5219,train,2.166283369064331,2.468087296685197e-05,11.990874290466309
1,5220,train,2.108327627182007,2.4675725756639902e-05,11.758663177490234
1,5221,train,2.3274271488189697,2.4670578546427836e-05,12.444562911987305
1,5222,train,1.2312495708465576,2.466543133621577e-05,6.4519548416137695
1,5223,train,1.4620682001113892,2.4660284126003708e-05,10.76244831085205
1,5224,train,1.76417076587677,2.4655136915791642e-05,10.976118087768555
1,5225,train,2.0636582374572754,2.464998970557958e-05,11.836953163146973
1,5226,train,1.3580504655838013,2.464484249536751e-05,12.9227933883667
1,5227,train,1.117241382598877,2.4639695285155444e-05,7.30944299697876
1,5228,train,1.5644367933273315,2.4634548074943382e-05,8.894919395446777
1,5229,train,1.3474677801132202,2.4629400864731316e-05,7.727833271026611
1,5230,train,1.0394203662872314,2.4624253654519254e-05,8.163174629211426
1,5231,train,1.374817967414856,2.4619106444307188e-05,11.616466522216797
1,5232,train,1.9478342533111572,2.4613959234095125e-05,10.26983642578125
1,5233,train,1.1667002439498901,2.4608812023883053e-05,7.439598560333252
1,5234,train,1.6555299758911133,2.460366481367099e-05,9.943431854248047
1,5235,train,1.6390005350112915,2.4598517603458925e-05,7.907331466674805
1,5236,train,1.5278221368789673,2.4593370393246862e-05,7.4523820877075195
1,5237,train,1.3437546491622925,2.4588223183034796e-05,8.280238151550293
1,5238,train,1.194746494293213,2.4583075972822734e-05,8.574308395385742
1,5239,train,1.7806845903396606,2.4577928762610665e-05,9.462705612182617
1,5240,train,1.36372709274292,2.45727815523986e-05,8.845431327819824
1,5241,train,1.341546654701233,2.4567634342186536e-05,9.391961097717285
1,5242,train,1.826964020729065,2.456248713197447e-05,6.850891590118408
1,5243,train,1.7234894037246704,2.4557339921762408e-05,13.7025728225708
1,5244,train,1.1850982904434204,2.4552192711550342e-05,9.455183982849121
1,5245,train,1.5606921911239624,2.454704550133828e-05,12.113080978393555
1,5246,train,2.0400850772857666,2.4541898291126207e-05,10.192911148071289
1,5247,train,1.777477741241455,2.4536751080914145e-05,8.643683433532715
1,5248,train,1.8963948488235474,2.453160387070208e-05,10.665404319763184
1,5249,train,2.208373546600342,2.4526456660490017e-05,11.484796524047852
1,5250,train,2.1125457286834717,2.452130945027795e-05,9.26240062713623
1,5251,train,1.9873461723327637,2.451616224006589e-05,10.42485237121582
1,5252,train,1.5854524374008179,2.451101502985382e-05,8.646904945373535
1,5253,train,1.6488442420959473,2.4505867819641753e-05,8.45844554901123
1,5254,train,1.3690086603164673,2.450072060942969e-05,6.796812534332275
1,5255,train,1.5134851932525635,2.4495573399217625e-05,10.133213996887207
1,5256,train,1.6350048780441284,2.449042618900556e-05,11.985613822937012
1,5257,train,1.7572762966156006,2.4485278978793497e-05,8.512986183166504
1,5258,train,1.211778998374939,2.448013176858143e-05,9.04381275177002
1,5259,train,0.9983346462249756,2.4474984558369362e-05,6.387293338775635
1,5260,train,1.7365950345993042,2.44698373481573e-05,8.609764099121094
1,5261,train,1.5420629978179932,2.4464690137945234e-05,10.05557632446289
1,5262,train,1.525151014328003,2.445954292773317e-05,9.67664623260498
1,5263,train,1.410230040550232,2.4454395717521105e-05,9.998970985412598
1,5264,train,1.5424351692199707,2.4449248507309043e-05,12.004246711730957
1,5265,train,1.5813663005828857,2.4444101297096977e-05,7.620502471923828
1,5266,train,1.6402604579925537,2.4438954086884908e-05,11.760753631591797
1,5267,train,1.5811808109283447,2.4433806876672842e-05,10.867913246154785
1,5268,train,2.390676975250244,2.442865966646078e-05,13.696409225463867
1,5269,train,0.9717179536819458,2.4423512456248714e-05,11.196884155273438
1,5270,train,1.5825599431991577,2.441836524603665e-05,9.25197982788086
1,5271,train,1.4886672496795654,2.4413218035824585e-05,11.322230339050293
1,5272,train,0.9510524868965149,2.4408070825612516e-05,8.622780799865723
1,5273,train,1.412133812904358,2.4402923615400454e-05,9.073203086853027
1,5274,train,1.719442367553711,2.4397776405188388e-05,8.15322494506836
1,5275,train,1.2750170230865479,2.4392629194976326e-05,7.975383758544922
1,5276,train,1.4225794076919556,2.438748198476426e-05,9.367708206176758
1,5277,train,2.2053720951080322,2.4382334774552197e-05,13.843649864196777
1,5278,train,1.3823919296264648,2.437718756434013e-05,9.872422218322754
1,5279,train,1.1549054384231567,2.4372040354128062e-05,8.224617958068848
1,5280,train,2.1323654651641846,2.4366893143915996e-05,10.937487602233887
1,5281,train,1.5241988897323608,2.4361745933703934e-05,10.096118927001953
1,5282,train,2.336308479309082,2.4356598723491868e-05,11.71560001373291
1,5283,train,1.766171932220459,2.4351451513279806e-05,10.832253456115723
1,5284,train,1.372942566871643,2.434630430306774e-05,7.172005653381348
1,5285,train,1.2673224210739136,2.434115709285567e-05,7.246740818023682
1,5286,train,1.3491756916046143,2.433600988264361e-05,8.713112831115723
1,5287,train,1.9262990951538086,2.4330862672431542e-05,10.009571075439453
1,5288,train,0.921036422252655,2.4325715462219477e-05,6.039401531219482
1,5289,train,1.9483953714370728,2.4320568252007414e-05,7.995131969451904
1,5290,train,2.287027359008789,2.431542104179535e-05,12.540266036987305
1,5291,train,2.1668167114257812,2.4310273831583286e-05,12.102622985839844
1,5292,train,1.698014259338379,2.4305126621371217e-05,11.11467170715332
1,5293,train,2.0166659355163574,2.429997941115915e-05,11.615036964416504
1,5294,train,1.7802128791809082,2.429483220094709e-05,11.511639595031738
1,5295,train,1.5930944681167603,2.4289684990735023e-05,7.849981784820557
1,5296,train,1.3052829504013062,2.428453778052296e-05,10.088118553161621
1,5297,train,1.5154062509536743,2.4279390570310894e-05,7.970022201538086
1,5298,train,1.6929634809494019,2.4274243360098825e-05,9.53740119934082
1,5299,train,1.7190735340118408,2.426909614988676e-05,10.937461853027344
1,5300,train,2.198697328567505,2.4263948939674697e-05,14.057826042175293
1,5301,train,1.1114386320114136,2.425880172946263e-05,7.211857795715332
1,5302,train,1.6676898002624512,2.425365451925057e-05,10.4072265625
1,5303,train,1.6165950298309326,2.4248507309038503e-05,8.172857284545898
1,5304,train,1.1166764497756958,2.424336009882644e-05,8.350282669067383
1,5305,train,1.3743752241134644,2.423821288861437e-05,7.599656581878662
1,5306,train,1.1823375225067139,2.4233065678402305e-05,7.219570636749268
1,5307,train,1.1293152570724487,2.4227918468190243e-05,8.084127426147461
1,5308,train,2.1589701175689697,2.4222771257978177e-05,12.564787864685059
1,5309,train,1.7718290090560913,2.4217624047766115e-05,9.191912651062012
1,5310,train,1.5752493143081665,2.421247683755405e-05,9.346969604492188
1,5311,train,1.2457327842712402,2.420732962734198e-05,7.62274169921875
1,5312,train,1.8323699235916138,2.4202182417129914e-05,10.564871788024902
1,5313,train,1.5143649578094482,2.419703520691785e-05,8.269737243652344
1,5314,train,1.0255556106567383,2.4191887996705786e-05,7.666014671325684
1,5315,train,2.3546030521392822,2.4186740786493723e-05,9.268260955810547
1,5316,train,2.2456393241882324,2.4181593576281657e-05,10.877376556396484
1,5317,train,1.7270079851150513,2.4176446366069595e-05,8.334893226623535
1,5318,train,1.5790624618530273,2.4171299155857526e-05,9.445043563842773
1,5319,train,2.109189033508301,2.416615194564546e-05,11.75247859954834
1,5320,train,1.7617930173873901,2.4161004735433394e-05,10.07107162475586
1,5321,train,1.7331289052963257,2.415585752522133e-05,10.095598220825195
1,5322,train,1.245408535003662,2.4150710315009266e-05,8.715620040893555
1,5323,train,1.8382110595703125,2.4145563104797203e-05,12.289284706115723
1,5324,train,1.4505867958068848,2.4140415894585134e-05,8.060660362243652
1,5325,train,1.0791685581207275,2.413526868437307e-05,6.678239822387695
1,5326,train,1.7806414365768433,2.4130121474161006e-05,8.910253524780273
1,5327,train,1.596976637840271,2.412497426394894e-05,11.192519187927246
1,5328,train,1.7130701541900635,2.4119827053736878e-05,8.849706649780273
1,5329,train,1.0722407102584839,2.4114679843524812e-05,6.768770694732666
1,5330,train,1.7424566745758057,2.410953263331275e-05,8.51362419128418
1,5331,train,1.133426547050476,2.4104385423100677e-05,7.581731796264648
1,5332,train,1.8283332586288452,2.4099238212888614e-05,11.561919212341309
1,5333,train,1.7405856847763062,2.409409100267655e-05,9.132381439208984
1,5334,train,1.2531514167785645,2.4088943792464486e-05,7.649138450622559
1,5335,train,1.9838004112243652,2.408379658225242e-05,10.229585647583008
1,5336,train,1.6175448894500732,2.4078649372040358e-05,8.3560209274292
1,5337,train,1.101654291152954,2.4073502161828292e-05,7.46919059753418
1,5338,train,1.5231853723526,2.4068354951616223e-05,8.129179954528809
1,5339,train,1.4933565855026245,2.406320774140416e-05,9.312491416931152
1,5340,train,1.6354572772979736,2.4058060531192095e-05,11.19480037689209
1,5341,train,2.6158206462860107,2.4052913320980032e-05,14.280218124389648
1,5342,train,1.8701860904693604,2.4047766110767966e-05,10.10621452331543
1,5343,train,1.3169254064559937,2.40426189005559e-05,7.2199015617370605
1,5344,train,2.069154739379883,2.403747169034383e-05,8.105217933654785
1,5345,train,2.44504451751709,2.403232448013177e-05,12.737232208251953
1,5346,train,2.095621347427368,2.4027177269919703e-05,10.298138618469238
1,5347,train,2.0447418689727783,2.402203005970764e-05,9.580509185791016
1,5348,train,1.1479301452636719,2.4016882849495575e-05,9.124958038330078
1,5349,train,1.3966834545135498,2.4011735639283512e-05,7.919573783874512
1,5350,train,1.3031209707260132,2.4006588429071446e-05,8.873888969421387
1,5351,train,1.1771501302719116,2.4001441218859377e-05,7.946501731872559
1,5352,train,1.372453212738037,2.399629400864731e-05,8.461458206176758
1,5353,train,1.6932681798934937,2.399114679843525e-05,16.799266815185547
1,5354,train,1.9467276334762573,2.3985999588223183e-05,9.272870063781738
1,5355,train,1.4716544151306152,2.398085237801112e-05,9.203901290893555
1,5356,train,1.5902780294418335,2.3975705167799055e-05,9.0615873336792
1,5357,train,1.771004319190979,2.3970557957586986e-05,10.539899826049805
1,5358,train,1.6453207731246948,2.3965410747374923e-05,11.96981143951416
1,5359,train,1.9586912393569946,2.3960263537162857e-05,10.020849227905273
1,5360,train,0.8233978152275085,2.3955116326950795e-05,6.144513130187988
1,5361,train,1.5801295042037964,2.394996911673873e-05,7.881063938140869
1,5362,train,1.5879490375518799,2.3944821906526667e-05,9.845344543457031
1,5363,train,1.8607871532440186,2.39396746963146e-05,8.718903541564941
1,5364,train,1.305041790008545,2.3934527486102532e-05,10.362415313720703
1,5365,train,1.2786697149276733,2.3929380275890466e-05,9.675134658813477
1,5366,train,1.277132272720337,2.3924233065678403e-05,8.919048309326172
1,5367,train,1.3761752843856812,2.3919085855466338e-05,9.577239990234375
1,5368,train,1.9431370496749878,2.3913938645254275e-05,10.805156707763672
1,5369,train,0.9286836385726929,2.390879143504221e-05,8.648858070373535
1,5370,train,1.4475785493850708,2.390364422483014e-05,9.253954887390137
1,5371,train,1.3655163049697876,2.3898497014618078e-05,7.786804676055908
1,5372,train,1.6711974143981934,2.3893349804406012e-05,8.204071998596191
1,5373,train,1.4840468168258667,2.388820259419395e-05,9.415511131286621
1,5374,train,1.4943335056304932,2.3883055383981884e-05,7.720220565795898
1,5375,train,2.135871648788452,2.387790817376982e-05,11.606574058532715
1,5376,train,1.5154190063476562,2.3872760963557755e-05,9.578704833984375
1,5377,train,1.758257269859314,2.3867613753345686e-05,8.749429702758789
1,5378,train,0.8923328518867493,2.386246654313362e-05,6.135292053222656
1,5379,train,1.5903034210205078,2.3857319332921558e-05,13.271737098693848
1,5380,train,1.374123454093933,2.3852172122709492e-05,8.495590209960938
1,5381,train,1.60016667842865,2.384702491249743e-05,9.819879531860352
1,5382,train,1.7581862211227417,2.3841877702285364e-05,8.768598556518555
1,5383,train,1.703887939453125,2.3836730492073295e-05,9.87897777557373
1,5384,train,2.097137451171875,2.3831583281861232e-05,11.016451835632324
1,5385,train,1.9095349311828613,2.3826436071649166e-05,10.379091262817383
1,5386,train,1.0804182291030884,2.38212888614371e-05,6.190540790557861
1,5387,train,1.2126892805099487,2.3816141651225038e-05,8.135170936584473
1,5388,train,1.6491527557373047,2.3810994441012972e-05,13.605290412902832
1,5389,train,1.273356556892395,2.380584723080091e-05,9.203137397766113
1,5390,train,1.617267370223999,2.380070002058884e-05,9.296529769897461
1,5391,train,1.6958271265029907,2.3795552810376775e-05,10.092524528503418
1,5392,train,1.2893500328063965,2.3790405600164712e-05,8.591590881347656
1,5393,train,1.9332807064056396,2.3785258389952647e-05,11.648139953613281
1,5394,train,0.9861093759536743,2.3780111179740584e-05,9.200950622558594
1,5395,train,1.5593373775482178,2.377496396952852e-05,7.129287242889404
1,5396,train,1.708527684211731,2.376981675931645e-05,11.060943603515625
1,5397,train,1.3848787546157837,2.3764669549104383e-05,10.670044898986816
1,5398,train,2.088576078414917,2.375952233889232e-05,13.000897407531738
1,5399,train,1.4531053304672241,2.3754375128680255e-05,8.680914878845215
1,5400,train,1.814791202545166,2.3749227918468193e-05,9.815685272216797
1,5401,train,1.630283236503601,2.3744080708256127e-05,9.706191062927246
1,5402,train,1.7948776483535767,2.3738933498044064e-05,11.581585884094238
1,5403,train,1.4289082288742065,2.3733786287831995e-05,9.440567970275879
1,5404,train,1.085009217262268,2.372863907761993e-05,7.063086986541748
1,5405,train,1.7683295011520386,2.3723491867407867e-05,11.122982025146484
1,5406,train,1.3588361740112305,2.37183446571958e-05,8.633174896240234
1,5407,train,1.4446210861206055,2.371319744698374e-05,7.468273162841797
1,5408,train,1.624822974205017,2.3708050236771673e-05,10.667914390563965
1,5409,train,1.8043491840362549,2.3702903026559607e-05,10.620864868164062
1,5410,train,1.9261596202850342,2.3697755816347538e-05,10.726518630981445
1,5411,train,2.5530788898468018,2.3692608606135475e-05,12.799052238464355
1,5412,train,1.6433813571929932,2.368746139592341e-05,9.424038887023926
1,5413,train,1.8120007514953613,2.3682314185711347e-05,10.377782821655273
1,5414,train,1.528671383857727,2.367716697549928e-05,9.461390495300293
1,5415,train,1.494706630706787,2.367201976528722e-05,9.526865005493164
1,5416,train,1.6610420942306519,2.366687255507515e-05,8.571451187133789
1,5417,train,1.0825269222259521,2.3661725344863084e-05,6.323034763336182
1,5418,train,2.0386009216308594,2.3656578134651018e-05,11.40677547454834
1,5419,train,2.2452962398529053,2.3651430924438956e-05,16.877676010131836
1,5420,train,2.311920642852783,2.364628371422689e-05,13.09748363494873
1,5421,train,2.187375783920288,2.3641136504014827e-05,11.743817329406738
1,5422,train,2.412588357925415,2.363598929380276e-05,19.57908058166504
1,5423,train,1.3756617307662964,2.3630842083590692e-05,7.176231861114502
1,5424,train,1.5636783838272095,2.362569487337863e-05,9.406432151794434
1,5425,train,1.536502718925476,2.3620547663166564e-05,11.169583320617676
1,5426,train,1.3979777097702026,2.36154004529545e-05,7.679501533508301
1,5427,train,1.0372252464294434,2.3610253242742436e-05,7.010851860046387
1,5428,train,1.8129116296768188,2.3605106032530373e-05,10.984360694885254
1,5429,train,1.7154641151428223,2.35999588223183e-05,7.116100788116455
1,5430,train,1.0768427848815918,2.3594811612106238e-05,6.987478733062744
1,5431,train,1.1349143981933594,2.3589664401894172e-05,8.45842456817627
1,5432,train,1.4510581493377686,2.358451719168211e-05,10.082590103149414
1,5433,train,0.8739468455314636,2.3579369981470044e-05,5.540594100952148
1,5434,train,1.519821286201477,2.3574222771257982e-05,9.96048641204834
1,5435,train,1.6114418506622314,2.3569075561045916e-05,7.162160396575928
1,5436,train,0.7737866640090942,2.3563928350833847e-05,9.636224746704102
1,5437,train,1.949337124824524,2.3558781140621784e-05,12.66733169555664
1,5438,train,1.7364072799682617,2.355363393040972e-05,10.31583023071289
1,5439,train,1.1074538230895996,2.3548486720197656e-05,8.206597328186035
1,5440,train,1.576987624168396,2.354333950998559e-05,7.126218795776367
1,5441,train,0.6046029329299927,2.3538192299773524e-05,4.8343706130981445
1,5442,train,1.5245962142944336,2.3533045089561455e-05,9.639396667480469
1,5443,train,1.6341567039489746,2.3527897879349393e-05,13.369415283203125
1,5444,train,1.6644572019577026,2.3522750669137327e-05,8.791263580322266
1,5445,train,1.7442824840545654,2.3517603458925264e-05,9.815422058105469
1,5446,train,1.2893742322921753,2.35124562487132e-05,9.328561782836914
1,5447,train,1.531803846359253,2.3507309038501136e-05,6.760388374328613
1,5448,train,1.8003404140472412,2.350216182828907e-05,9.772725105285645
1,5449,train,1.492936134338379,2.3497014618077e-05,11.309770584106445
1,5450,train,1.0613718032836914,2.3491867407864935e-05,7.850747108459473
1,5451,train,1.6145761013031006,2.3486720197652873e-05,7.222862720489502
1,5452,train,0.9493165612220764,2.3481572987440807e-05,6.962667942047119
1,5453,train,1.6024175882339478,2.3476425777228745e-05,9.619101524353027
1,5454,train,1.2470978498458862,2.347127856701668e-05,8.211268424987793
1,5455,train,1.746852159500122,2.346613135680461e-05,10.31152629852295
1,5456,train,1.4324325323104858,2.3460984146592547e-05,7.943119049072266
1,5457,train,1.1336307525634766,2.345583693638048e-05,8.776497840881348
1,5458,train,1.5639314651489258,2.345068972616842e-05,8.408319473266602
1,5459,train,1.1600089073181152,2.3445542515956353e-05,10.478321075439453
1,5460,train,1.8903096914291382,2.344039530574429e-05,10.901479721069336
1,5461,train,2.1949572563171387,2.3435248095532225e-05,13.998730659484863
1,5462,train,1.326579213142395,2.3430100885320156e-05,7.674328804016113
1,5463,train,1.7333786487579346,2.342495367510809e-05,12.00891399383545
1,5464,train,1.2139804363250732,2.3419806464896027e-05,8.563668251037598
1,5465,train,0.9607281684875488,2.341465925468396e-05,6.495660781860352
1,5466,train,1.7043752670288086,2.34095120444719e-05,11.532541275024414
1,5467,train,1.4333930015563965,2.3404364834259833e-05,7.661993980407715
1,5468,train,1.3553111553192139,2.3399217624047764e-05,9.719525337219238
1,5469,train,1.9871182441711426,2.33940704138357e-05,11.248960494995117
1,5470,train,1.5488165616989136,2.3388923203623636e-05,10.360459327697754
1,5471,train,1.6876472234725952,2.3383775993411573e-05,10.379117965698242
1,5472,train,1.5245163440704346,2.3378628783199508e-05,7.757998943328857
1,5473,train,1.0430247783660889,2.3373481572987442e-05,6.54363489151001
1,5474,train,2.060917854309082,2.336833436277538e-05,12.90308952331543
1,5475,train,1.0938247442245483,2.336318715256331e-05,9.217687606811523
1,5476,train,1.4555957317352295,2.3358039942351244e-05,8.235024452209473
1,5477,train,1.892601490020752,2.3352892732139182e-05,9.393150329589844
1,5478,train,2.045393228530884,2.3347745521927116e-05,12.397627830505371
1,5479,train,1.5471400022506714,2.3342598311715054e-05,9.3388090133667
1,5480,train,1.892396330833435,2.3337451101502988e-05,11.47040843963623
1,5481,train,1.3756096363067627,2.3332303891290925e-05,8.712397575378418
1,5482,train,2.093280076980591,2.3327156681078853e-05,9.121222496032715
1,5483,train,1.7413792610168457,2.332200947086679e-05,9.618046760559082
1,5484,train,1.493137001991272,2.3316862260654724e-05,9.26199722290039
1,5485,train,1.3709267377853394,2.3311715050442662e-05,8.693714141845703
1,5486,train,1.4397468566894531,2.3306567840230596e-05,10.535284996032715
1,5487,train,1.9303539991378784,2.3301420630018534e-05,9.036605834960938
1,5488,train,1.819502592086792,2.3296273419806465e-05,7.707740783691406
1,5489,train,1.7117708921432495,2.32911262095944e-05,11.730512619018555
1,5490,train,1.2524480819702148,2.3285978999382336e-05,7.9463887214660645
1,5491,train,2.3465845584869385,2.328083178917027e-05,12.050622940063477
1,5492,train,2.2553791999816895,2.3275684578958208e-05,12.646979331970215
1,5493,train,1.2698078155517578,2.3270537368746142e-05,7.353293418884277
1,5494,train,0.9034907221794128,2.326539015853408e-05,7.479211330413818
1,5495,train,1.4166043996810913,2.3260242948322007e-05,8.750880241394043
1,5496,train,0.841166079044342,2.3255095738109945e-05,6.622054576873779
1,5497,train,1.164100170135498,2.324994852789788e-05,8.763354301452637
1,5498,train,2.483248233795166,2.3244801317685817e-05,15.307165145874023
1,5499,train,1.4698189496994019,2.323965410747375e-05,9.752824783325195
1,5500,train,1.6047991514205933,2.3234506897261688e-05,8.167487144470215
1,5501,train,1.3274333477020264,2.322935968704962e-05,7.825127124786377
1,5502,train,1.3324331045150757,2.3224212476837553e-05,7.80536413192749
1,5503,train,0.9437574744224548,2.321906526662549e-05,7.69547176361084
1,5504,train,1.8724170923233032,2.3213918056413425e-05,7.775321960449219
1,5505,train,2.1458399295806885,2.3208770846201363e-05,11.264389991760254
1,5506,train,1.4948663711547852,2.3203623635989297e-05,8.985721588134766
1,5507,train,1.3907032012939453,2.319847642577723e-05,9.143513679504395
1,5508,train,1.9202519655227661,2.319332921556516e-05,9.38467025756836
1,5509,train,1.3841602802276611,2.31881820053531e-05,7.659736156463623
1,5510,train,1.4307929277420044,2.3183034795141033e-05,7.4029316902160645
1,5511,train,1.5418117046356201,2.317788758492897e-05,11.74703598022461
1,5512,train,1.8653610944747925,2.3172740374716905e-05,12.156698226928711
1,5513,train,2.2461299896240234,2.3167593164504843e-05,11.758194923400879
1,5514,train,1.3114383220672607,2.3162445954292774e-05,8.97555160522461
1,5515,train,1.5249015092849731,2.3157298744080708e-05,10.23362922668457
1,5516,train,1.960347294807434,2.3152151533868642e-05,10.275059700012207
1,5517,train,1.8008230924606323,2.314700432365658e-05,10.97404956817627
1,5518,train,1.877302646636963,2.3141857113444514e-05,7.560538291931152
1,5519,train,1.1871719360351562,2.313670990323245e-05,8.889068603515625
1,5520,train,2.7119455337524414,2.3131562693020385e-05,15.592050552368164
1,5521,train,1.9469540119171143,2.3126415482808316e-05,10.716593742370605
1,5522,train,1.4277931451797485,2.3121268272596254e-05,7.208371162414551
1,5523,train,1.1241810321807861,2.3116121062384188e-05,7.493737697601318
1,5524,train,1.5447633266448975,2.3110973852172125e-05,7.5930914878845215
1,5525,train,1.7351933717727661,2.310582664196006e-05,8.40050220489502
1,5526,train,1.0903011560440063,2.3100679431747997e-05,13.662795066833496
1,5527,train,1.3099472522735596,2.3095532221535925e-05,9.263422012329102
1,5528,train,2.0449209213256836,2.3090385011323862e-05,11.386710166931152
1,5529,train,1.942652940750122,2.3085237801111796e-05,8.349586486816406
1,5530,train,1.2572194337844849,2.3080090590899734e-05,11.174155235290527
1,5531,train,1.9017201662063599,2.3074943380687668e-05,13.720102310180664
1,5532,train,1.6471117734909058,2.3069796170475606e-05,9.65514850616455
1,5533,train,1.6495351791381836,2.306464896026354e-05,11.526074409484863
1,5534,train,1.8226081132888794,2.305950175005147e-05,7.114767074584961
1,5535,train,1.5874083042144775,2.3054354539839408e-05,12.92043685913086
1,5536,train,1.6697286367416382,2.3049207329627342e-05,10.269861221313477
1,5537,train,2.132946491241455,2.304406011941528e-05,14.28467082977295
1,5538,train,1.2511860132217407,2.3038912909203214e-05,8.14197826385498
1,5539,train,2.261267900466919,2.3033765698991148e-05,15.226425170898438
1,5540,train,1.7188724279403687,2.302861848877908e-05,10.555715560913086
1,5541,train,1.5140334367752075,2.3023471278567017e-05,8.089652061462402
1,5542,train,1.211158037185669,2.301832406835495e-05,8.669734001159668
1,5543,train,1.2850282192230225,2.301317685814289e-05,6.906423568725586
1,5544,train,1.705480933189392,2.3008029647930823e-05,9.472405433654785
1,5545,train,1.369650959968567,2.300288243771876e-05,6.692091464996338
1,5546,train,1.7279514074325562,2.2997735227506694e-05,12.561772346496582
1,5547,train,1.3936436176300049,2.2992588017294625e-05,7.514777183532715
1,5548,train,1.1787333488464355,2.298744080708256e-05,7.734492778778076
1,5549,train,1.7199121713638306,2.2982293596870497e-05,7.409880638122559
1,5550,train,1.8954589366912842,2.297714638665843e-05,12.052037239074707
1,5551,train,1.3983246088027954,2.297199917644637e-05,10.665985107421875
1,5552,train,1.4558930397033691,2.2966851966234303e-05,9.04017448425293
1,5553,train,1.6865355968475342,2.296170475602224e-05,9.82054328918457
1,5554,train,1.484972596168518,2.295655754581017e-05,11.34819221496582
1,5555,train,1.0899205207824707,2.2951410335598105e-05,7.526089668273926
1,5556,train,1.9509236812591553,2.2946263125386043e-05,9.725959777832031
1,5557,train,1.7713099718093872,2.2941115915173977e-05,10.927348136901855
1,5558,train,1.3241591453552246,2.2935968704961915e-05,9.908769607543945
1,5559,train,1.1101417541503906,2.293082149474985e-05,9.762073516845703
1,5560,train,1.16106379032135,2.292567428453778e-05,9.281401634216309
1,5561,train,1.6588101387023926,2.2920527074325714e-05,9.897542953491211
1,5562,train,2.2452454566955566,2.291537986411365e-05,13.321602821350098
1,5563,train,1.4657174348831177,2.2910232653901585e-05,9.198084831237793
1,5564,train,1.4107086658477783,2.2905085443689523e-05,11.403573036193848
1,5565,train,0.9589130878448486,2.2899938233477457e-05,7.736014366149902
1,5566,train,1.1629602909088135,2.2894791023265395e-05,6.477081775665283
1,5567,train,1.4536457061767578,2.2889643813053326e-05,9.680221557617188
1,5568,train,1.5597985982894897,2.288449660284126e-05,9.378740310668945
1,5569,train,1.1777294874191284,2.2879349392629197e-05,8.11728286743164
1,5570,train,1.5681278705596924,2.287420218241713e-05,9.484384536743164
1,5571,train,1.6359554529190063,2.2869054972205066e-05,12.622417449951172
1,5572,train,2.2050468921661377,2.2863907761993003e-05,10.68299388885498
1,5573,train,1.3193758726119995,2.2858760551780934e-05,7.633191108703613
1,5574,train,1.6068964004516602,2.2853613341568868e-05,8.262606620788574
1,5575,train,1.8036785125732422,2.2848466131356806e-05,11.143349647521973
1,5576,train,2.0433597564697266,2.284331892114474e-05,11.840775489807129
1,5577,train,1.434140920639038,2.2838171710932678e-05,7.675490379333496
1,5578,train,0.8883112072944641,2.2833024500720612e-05,6.8051605224609375
1,5579,train,0.9696410298347473,2.282787729050855e-05,7.258716583251953
1,5580,train,1.3967759609222412,2.2822730080296477e-05,8.180760383605957
1,5581,train,1.2617223262786865,2.2817582870084414e-05,9.705511093139648
1,5582,train,1.0667701959609985,2.281243565987235e-05,7.4107561111450195
1,5583,train,1.8030298948287964,2.2807288449660286e-05,9.791448593139648
1,5584,train,0.9061814546585083,2.280214123944822e-05,6.407127857208252
1,5585,train,1.6220024824142456,2.2796994029236158e-05,8.914225578308105
1,5586,train,1.6185868978500366,2.279184681902409e-05,9.679788589477539
1,5587,train,1.311094880104065,2.2786699608812023e-05,9.274916648864746
1,5588,train,1.7581239938735962,2.278155239859996e-05,8.855134963989258
1,5589,train,0.7764199376106262,2.2776405188387894e-05,7.050607204437256
1,5590,train,1.5429707765579224,2.2771257978175832e-05,11.767133712768555
1,5591,train,1.7496037483215332,2.2766110767963766e-05,9.769953727722168
1,5592,train,1.8130924701690674,2.2760963557751704e-05,11.713536262512207
1,5593,train,1.3915956020355225,2.275581634753963e-05,10.380647659301758
1,5594,train,1.666387915611267,2.275066913732757e-05,9.857254028320312
1,5595,train,2.1166322231292725,2.2745521927115503e-05,14.740432739257812
1,5596,train,2.0261423587799072,2.274037471690344e-05,11.347625732421875
1,5597,train,0.9805212020874023,2.2735227506691375e-05,5.468341827392578
1,5598,train,1.8565658330917358,2.2730080296479312e-05,11.0265531539917
1,5599,train,0.9492243528366089,2.2724933086267243e-05,7.166208744049072
1,5600,train,1.3553496599197388,2.2719785876055177e-05,8.162179946899414
1,5601,train,1.4134416580200195,2.2714638665843115e-05,12.822407722473145
1,5602,train,1.250295877456665,2.270949145563105e-05,9.097919464111328
1,5603,train,1.9609678983688354,2.2704344245418983e-05,10.122363090515137
1,5604,train,1.4152991771697998,2.269919703520692e-05,8.172541618347168
1,5605,train,1.3606021404266357,2.2694049824994855e-05,8.866926193237305
1,5606,train,1.5120210647583008,2.2688902614782786e-05,10.436047554016113
1,5607,train,1.6770542860031128,2.2683755404570723e-05,10.741045951843262
1,5608,train,2.0437119007110596,2.2678608194358657e-05,12.02833366394043
1,5609,train,1.3931663036346436,2.2673460984146595e-05,8.38519287109375
1,5610,train,1.8036272525787354,2.266831377393453e-05,10.53203296661377
1,5611,train,1.3277690410614014,2.2663166563722467e-05,8.045373916625977
1,5612,train,1.1064457893371582,2.2658019353510394e-05,6.361978530883789
1,5613,train,1.1849372386932373,2.265287214329833e-05,7.6423468589782715
1,5614,train,1.8065710067749023,2.2647724933086266e-05,8.706375122070312
1,5615,train,1.4745844602584839,2.2642577722874203e-05,8.724020004272461
1,5616,train,1.0487812757492065,2.2637430512662138e-05,6.1942009925842285
1,5617,train,1.5567060708999634,2.2632283302450075e-05,8.394674301147461
1,5618,train,1.2900937795639038,2.262713609223801e-05,8.97010326385498
1,5619,train,1.4125399589538574,2.262198888202594e-05,8.568621635437012
1,5620,train,1.0505658388137817,2.2616841671813878e-05,7.577603340148926
1,5621,train,1.9274877309799194,2.2611694461601812e-05,10.99884033203125
1,5622,train,1.832923173904419,2.260654725138975e-05,10.282937049865723
1,5623,train,1.2292104959487915,2.2601400041177684e-05,8.121842384338379
1,5624,train,1.14866042137146,2.259625283096562e-05,8.554516792297363
1,5625,train,1.862525463104248,2.2591105620753555e-05,9.057564735412598
1,5626,train,1.5077176094055176,2.2585958410541486e-05,9.525957107543945
1,5627,train,1.480228066444397,2.258081120032942e-05,8.258344650268555
1,5628,train,2.1640172004699707,2.2575663990117358e-05,11.521109580993652
1,5629,train,1.1420420408248901,2.2570516779905292e-05,7.57868766784668
1,5630,train,1.6862260103225708,2.256536956969323e-05,9.251203536987305
1,5631,train,1.246281623840332,2.2560222359481164e-05,7.613958358764648
1,5632,train,1.7085301876068115,2.2555075149269095e-05,8.245579719543457
1,5633,train,1.467692494392395,2.2549927939057032e-05,8.557351112365723
1,5634,train,2.1395821571350098,2.2544780728844966e-05,10.32750415802002
1,5635,train,1.1604136228561401,2.2539633518632904e-05,5.944828987121582
1,5636,train,1.7092069387435913,2.2534486308420838e-05,10.172584533691406
1,5637,train,1.2620017528533936,2.2529339098208772e-05,8.679712295532227
1,5638,train,1.9446651935577393,2.252419188799671e-05,11.779254913330078
1,5639,train,1.7312066555023193,2.251904467778464e-05,10.418277740478516
1,5640,train,1.7796317338943481,2.2513897467572575e-05,11.019842147827148
1,5641,train,1.181717872619629,2.2508750257360512e-05,8.880529403686523
1,5642,train,1.9826438426971436,2.2503603047148446e-05,10.279050827026367
1,5643,train,1.5195534229278564,2.2498455836936384e-05,9.38858699798584
1,5644,train,1.4992889165878296,2.2493308626724318e-05,7.257903575897217
1,5645,train,1.3786113262176514,2.248816141651225e-05,7.924102783203125
1,5646,train,2.4162540435791016,2.2483014206300183e-05,11.07822036743164
1,5647,train,0.7472372651100159,2.247786699608812e-05,7.001375675201416
1,5648,train,1.2688626050949097,2.2472719785876055e-05,7.323594570159912
1,5649,train,2.011772394180298,2.2467572575663992e-05,8.91828727722168
1,5650,train,1.3048923015594482,2.2462425365451927e-05,7.288807392120361
1,5651,train,1.29556143283844,2.2457278155239864e-05,6.570361614227295
1,5652,train,1.4440709352493286,2.2452130945027795e-05,9.109485626220703
1,5653,train,1.2899101972579956,2.244698373481573e-05,8.614554405212402
1,5654,train,1.3568789958953857,2.2441836524603667e-05,8.670011520385742
1,5655,train,1.2164469957351685,2.24366893143916e-05,7.903731822967529
1,5656,train,2.1491756439208984,2.243154210417954e-05,15.013315200805664
1,5657,train,2.032835006713867,2.2426394893967473e-05,9.131210327148438
1,5658,train,1.3576176166534424,2.2421247683755403e-05,11.289814949035645
1,5659,train,2.1548261642456055,2.2416100473543338e-05,8.441274642944336
1,5660,train,1.7965526580810547,2.2410953263331275e-05,12.38199520111084
1,5661,train,1.8390564918518066,2.240580605311921e-05,8.640589714050293
1,5662,train,1.8380260467529297,2.2400658842907147e-05,11.445204734802246
1,5663,train,1.300216555595398,2.239551163269508e-05,7.227481842041016
1,5664,train,2.003229856491089,2.239036442248302e-05,13.932456016540527
1,5665,train,1.1582683324813843,2.238521721227095e-05,6.6854987144470215
1,5666,train,1.5910048484802246,2.2380070002058884e-05,9.8382568359375
1,5667,train,1.1374485492706299,2.237492279184682e-05,6.563751220703125
1,5668,train,1.559155821800232,2.2369775581634755e-05,8.833951950073242
1,5669,train,1.013664960861206,2.236462837142269e-05,8.23702335357666
1,5670,train,1.845154881477356,2.2359481161210627e-05,13.445945739746094
1,5671,train,1.531580924987793,2.2354333950998558e-05,10.035435676574707
1,5672,train,1.168978214263916,2.2349186740786492e-05,8.412945747375488
1,5673,train,1.123407006263733,2.234403953057443e-05,7.624450206756592
1,5674,train,1.981130838394165,2.2338892320362364e-05,13.816761016845703
1,5675,train,1.7125319242477417,2.23337451101503e-05,10.351871490478516
1,5676,train,1.1633548736572266,2.2328597899938236e-05,8.051755905151367
1,5677,train,1.4055051803588867,2.2323450689726173e-05,11.879384994506836
1,5678,train,1.606904149055481,2.23183034795141e-05,10.287858963012695
1,5679,train,1.161008358001709,2.2313156269302038e-05,7.576490879058838
1,5680,train,1.5145418643951416,2.2308009059089972e-05,8.593750953674316
1,5681,train,1.6263014078140259,2.230286184887791e-05,8.73656177520752
1,5682,train,1.550429344177246,2.2297714638665844e-05,10.604253768920898
1,5683,train,0.955818772315979,2.229256742845378e-05,6.127577781677246
1,5684,train,1.6190671920776367,2.2287420218241712e-05,9.068085670471191
1,5685,train,1.2393677234649658,2.2282273008029647e-05,8.866716384887695
1,5686,train,2.0707027912139893,2.2277125797817584e-05,11.472993850708008
1,5687,train,1.2071385383605957,2.227197858760552e-05,6.061050891876221
1,5688,train,1.3111424446105957,2.2266831377393456e-05,9.404202461242676
1,5689,train,1.4960999488830566,2.226168416718139e-05,7.342315196990967
1,5690,train,0.9054574966430664,2.2256536956969328e-05,7.23734188079834
1,5691,train,1.1291861534118652,2.2251389746757255e-05,7.483904838562012
1,5692,train,1.7085152864456177,2.2246242536545193e-05,10.96931266784668
1,5693,train,1.1718181371688843,2.2241095326333127e-05,7.034586429595947
1,5694,train,1.9230823516845703,2.2235948116121064e-05,9.237072944641113
1,5695,train,1.209144949913025,2.2230800905909e-05,9.46609878540039
1,5696,train,1.0331261157989502,2.2225653695696936e-05,8.853751182556152
1,5697,train,1.113943099975586,2.222050648548487e-05,7.661922454833984
1,5698,train,2.058565139770508,2.22153592752728e-05,11.308086395263672
1,5699,train,2.288198471069336,2.221021206506074e-05,11.795772552490234
1,5700,train,0.9837656021118164,2.2205064854848673e-05,6.196258544921875
1,5701,train,1.1428874731063843,2.2199917644636607e-05,7.845100402832031
1,5702,train,1.4536306858062744,2.2194770434424545e-05,9.164569854736328
1,5703,train,1.473488688468933,2.218962322421248e-05,10.463448524475098
1,5704,train,2.1825101375579834,2.218447601400041e-05,13.711313247680664
1,5705,train,1.4290664196014404,2.2179328803788347e-05,10.645352363586426
1,5706,train,1.4412988424301147,2.217418159357628e-05,10.931408882141113
1,5707,train,2.2699804306030273,2.216903438336422e-05,12.127618789672852
1,5708,train,1.8130196332931519,2.2163887173152153e-05,10.148746490478516
1,5709,train,1.2694028615951538,2.215873996294009e-05,11.817227363586426
1,5710,train,1.964192509651184,2.2153592752728025e-05,13.328519821166992
1,5711,train,1.4794542789459229,2.2148445542515956e-05,10.124574661254883
1,5712,train,1.4455012083053589,2.214329833230389e-05,10.146615028381348
1,5713,train,1.835566520690918,2.2138151122091827e-05,8.557275772094727
1,5714,train,1.4990285634994507,2.213300391187976e-05,8.06222915649414
1,5715,train,2.4749534130096436,2.21278567016677e-05,12.644662857055664
1,5716,train,1.4308935403823853,2.2122709491455633e-05,8.174449920654297
1,5717,train,1.1814398765563965,2.2117562281243564e-05,5.851323127746582
1,5718,train,1.4974825382232666,2.21124150710315e-05,10.873766899108887
1,5719,train,1.5643898248672485,2.2107267860819436e-05,10.191450119018555
1,5720,train,1.3622595071792603,2.2102120650607373e-05,8.653417587280273
1,5721,train,1.6807295083999634,2.2096973440395307e-05,9.096868515014648
1,5722,train,1.679309368133545,2.2091826230183245e-05,9.447165489196777
1,5723,train,1.3168781995773315,2.208667901997118e-05,7.287598133087158
1,5724,train,1.6889864206314087,2.208153180975911e-05,8.709959983825684
1,5725,train,1.379457950592041,2.2076384599547044e-05,8.216187477111816
1,5726,train,1.8674273490905762,2.2071237389334982e-05,11.040950775146484
1,5727,train,2.4332480430603027,2.2066090179122916e-05,11.722301483154297
1,5728,train,1.2219529151916504,2.2060942968910853e-05,8.169529914855957
1,5729,train,1.9577082395553589,2.2055795758698788e-05,10.727521896362305
1,5730,train,1.468936562538147,2.205064854848672e-05,6.786144733428955
1,5731,train,1.3562778234481812,2.2045501338274656e-05,8.598857879638672
1,5732,train,2.1256256103515625,2.204035412806259e-05,12.78564739227295
1,5733,train,1.5667561292648315,2.2035206917850524e-05,13.936273574829102
1,5734,train,1.4572280645370483,2.2030059707638462e-05,8.72425651550293
1,5735,train,1.5335417985916138,2.2024912497426396e-05,12.63641357421875
1,5736,train,1.7401959896087646,2.2019765287214334e-05,8.849237442016602
1,5737,train,2.041358232498169,2.2014618077002264e-05,11.21191120147705
1,5738,train,1.619597315788269,2.20094708667902e-05,8.96090316772461
1,5739,train,1.559019923210144,2.2004323656578136e-05,10.787211418151855
1,5740,train,1.3899041414260864,2.199917644636607e-05,12.563433647155762
1,5741,train,1.138472318649292,2.1994029236154008e-05,8.330292701721191
1,5742,train,1.054404616355896,2.1988882025941942e-05,6.711963653564453
1,5743,train,1.6873223781585693,2.1983734815729873e-05,8.38666820526123
1,5744,train,1.051405906677246,2.1978587605517807e-05,5.161636829376221
1,5745,train,1.1062078475952148,2.1973440395305745e-05,6.801782131195068
1,5746,train,1.4902507066726685,2.196829318509368e-05,8.611100196838379
1,5747,train,1.7606152296066284,2.1963145974881616e-05,10.86652946472168
1,5748,train,1.4591665267944336,2.195799876466955e-05,8.003988265991211
1,5749,train,2.105424642562866,2.1952851554457488e-05,10.581963539123535
1,5750,train,1.3471646308898926,2.194770434424542e-05,7.4035258293151855
1,5751,train,2.2315478324890137,2.1942557134033353e-05,11.697250366210938
1,5752,train,2.050036907196045,2.193740992382129e-05,11.638398170471191
1,5753,train,1.2677991390228271,2.1932262713609225e-05,8.291462898254395
1,5754,train,1.1479367017745972,2.1927115503397162e-05,8.93929672241211
1,5755,train,1.6034414768218994,2.1921968293185097e-05,9.652050018310547
1,5756,train,1.066166877746582,2.1916821082973027e-05,10.117773056030273
1,5757,train,0.8781082034111023,2.191167387276096e-05,7.699366569519043
1,5758,train,1.8882442712783813,2.19065266625489e-05,9.507478713989258
1,5759,train,1.4851664304733276,2.1901379452336833e-05,8.015761375427246
1,5760,train,1.399640679359436,2.189623224212477e-05,8.849813461303711
1,5761,train,1.278570294380188,2.1891085031912705e-05,8.072844505310059
1,5762,train,1.3718680143356323,2.1885937821700643e-05,9.365682601928711
1,5763,train,1.1373399496078491,2.1880790611488573e-05,9.392723083496094
1,5764,train,1.5085389614105225,2.1875643401276508e-05,9.230483055114746
1,5765,train,1.5014852285385132,2.1870496191064445e-05,11.322656631469727
1,5766,train,1.1550341844558716,2.186534898085238e-05,6.811659336090088
1,5767,train,2.0924744606018066,2.1860201770640314e-05,11.761433601379395
1,5768,train,1.7444039583206177,2.185505456042825e-05,10.017385482788086
1,5769,train,1.1250598430633545,2.1849907350216185e-05,8.50439739227295
1,5770,train,2.0955936908721924,2.1844760140004116e-05,11.834064483642578
1,5771,train,1.684822916984558,2.1839612929792054e-05,9.769813537597656
1,5772,train,2.06882643699646,2.1834465719579988e-05,10.88928508758545
1,5773,train,1.406569242477417,2.1829318509367925e-05,6.357332706451416
1,5774,train,1.5167371034622192,2.182417129915586e-05,11.808618545532227
1,5775,train,2.215137243270874,2.1819024088943797e-05,12.428028106689453
1,5776,train,1.8474637269973755,2.1813876878731724e-05,8.118057250976562
1,5777,train,1.9364784955978394,2.1808729668519662e-05,10.819443702697754
1,5778,train,2.26308536529541,2.1803582458307596e-05,13.894696235656738
1,5779,train,0.7080496549606323,2.1798435248095534e-05,6.144580841064453
1,5780,train,0.9958388805389404,2.1793288037883468e-05,7.444733619689941
1,5781,train,0.7458709478378296,2.1788140827671406e-05,7.356717586517334
1,5782,train,1.1625365018844604,2.178299361745934e-05,6.923597812652588
1,5783,train,1.3889857530593872,2.177784640724727e-05,8.342458724975586
1,5784,train,1.105855941772461,2.1772699197035208e-05,10.475883483886719
1,5785,train,2.098498821258545,2.1767551986823142e-05,9.815134048461914
1,5786,train,1.1746584177017212,2.176240477661108e-05,7.4617133140563965
1,5787,train,2.4342780113220215,2.1757257566399014e-05,14.328134536743164
1,5788,train,1.921618938446045,2.175211035618695e-05,8.127347946166992
1,5789,train,1.5609618425369263,2.174696314597488e-05,9.915018081665039
1,5790,train,2.010220527648926,2.1741815935762817e-05,11.17941665649414
1,5791,train,2.1130971908569336,2.173666872555075e-05,12.701899528503418
1,5792,train,1.5235110521316528,2.1731521515338688e-05,9.186396598815918
1,5793,train,1.6158638000488281,2.1726374305126622e-05,8.622110366821289
1,5794,train,1.3634085655212402,2.172122709491456e-05,8.46795654296875
1,5795,train,1.6451163291931152,2.1716079884702494e-05,10.076342582702637
1,5796,train,1.3777166604995728,2.1710932674490425e-05,8.165776252746582
1,5797,train,1.5856053829193115,2.1705785464278363e-05,9.719493865966797
1,5798,train,1.4099012613296509,2.1700638254066297e-05,8.60244369506836
1,5799,train,1.7347997426986694,2.169549104385423e-05,9.13805103302002
1,5800,train,2.397808313369751,2.169034383364217e-05,13.746829986572266
1,5801,train,1.7362112998962402,2.1685196623430103e-05,14.319205284118652
1,5802,train,1.2657082080841064,2.1680049413218033e-05,11.169873237609863
1,5803,train,1.3546700477600098,2.167490220300597e-05,9.20278263092041
1,5804,train,1.6022076606750488,2.1669754992793905e-05,9.404998779296875
1,5805,train,1.5282858610153198,2.1664607782581843e-05,8.391864776611328
1,5806,train,1.6682971715927124,2.1659460572369777e-05,12.275535583496094
1,5807,train,1.0580710172653198,2.1654313362157714e-05,8.292115211486816
1,5808,train,1.6311204433441162,2.164916615194565e-05,9.693824768066406
1,5809,train,1.6405844688415527,2.164401894173358e-05,11.177543640136719
1,5810,train,1.5379819869995117,2.1638871731521514e-05,11.653546333312988
1,5811,train,1.127002239227295,2.163372452130945e-05,7.611355304718018
1,5812,train,1.6987110376358032,2.1628577311097385e-05,9.233630180358887
1,5813,train,1.2687723636627197,2.1623430100885323e-05,6.9758195877075195
1,5814,train,1.5307552814483643,2.1618282890673257e-05,9.412325859069824
1,5815,train,1.3882430791854858,2.1613135680461188e-05,9.92271614074707
1,5816,train,1.4764665365219116,2.1607988470249125e-05,11.086515426635742
1,5817,train,1.5472749471664429,2.160284126003706e-05,6.975632667541504
1,5818,train,1.6277070045471191,2.1597694049824997e-05,10.192804336547852
1,5819,train,1.746644377708435,2.159254683961293e-05,9.887301445007324
1,5820,train,2.181243419647217,2.158739962940087e-05,12.587019920349121
1,5821,train,1.2537733316421509,2.1582252419188803e-05,7.4134602546691895
1,5822,train,2.3794708251953125,2.1577105208976734e-05,9.370044708251953
1,5823,train,1.5649585723876953,2.1571957998764668e-05,10.726787567138672
1,5824,train,1.0551484823226929,2.1566810788552606e-05,8.890740394592285
1,5825,train,1.6073613166809082,2.156166357834054e-05,8.438372611999512
1,5826,train,1.640720248222351,2.1556516368128477e-05,7.9105224609375
1,5827,train,1.474726915359497,2.155136915791641e-05,8.06430721282959
1,5828,train,1.709352731704712,2.1546221947704342e-05,8.1204195022583
1,5829,train,1.1960214376449585,2.154107473749228e-05,5.033233642578125
1,5830,train,1.1079249382019043,2.1535927527280214e-05,6.996739387512207
1,5831,train,1.2456109523773193,2.1530780317068148e-05,8.794631004333496
1,5832,train,1.4848651885986328,2.1525633106856086e-05,9.831117630004883
1,5833,train,2.214782476425171,2.152048589664402e-05,9.5155668258667
1,5834,train,1.468560814857483,2.1515338686431958e-05,8.560908317565918
1,5835,train,1.3667564392089844,2.151019147621989e-05,9.97395133972168
1,5836,train,1.8867450952529907,2.1505044266007823e-05,9.569531440734863
1,5837,train,1.778095006942749,2.149989705579576e-05,10.587112426757812
1,5838,train,1.563143253326416,2.1494749845583694e-05,9.778575897216797
1,5839,train,1.5045123100280762,2.1489602635371632e-05,10.46321964263916
1,5840,train,1.3792634010314941,2.1484455425159566e-05,9.249740600585938
1,5841,train,1.1690644025802612,2.1479308214947504e-05,7.211522102355957
1,5842,train,0.745641827583313,2.147416100473543e-05,4.896768569946289
1,5843,train,1.5131360292434692,2.146901379452337e-05,7.0276384353637695
1,5844,train,1.3730013370513916,2.1463866584311303e-05,8.491909980773926
1,5845,train,1.4667584896087646,2.145871937409924e-05,9.848599433898926
1,5846,train,1.1124933958053589,2.1453572163887174e-05,8.753902435302734
1,5847,train,1.5129023790359497,2.1448424953675112e-05,8.817877769470215
1,5848,train,1.9881935119628906,2.1443277743463043e-05,13.625971794128418
1,5849,train,1.035657525062561,2.1438130533250977e-05,8.040356636047363
1,5850,train,1.8513166904449463,2.1432983323038915e-05,9.70487117767334
1,5851,train,1.3961654901504517,2.142783611282685e-05,9.6810941696167
1,5852,train,1.3927948474884033,2.1422688902614786e-05,9.076937675476074
1,5853,train,1.4138213396072388,2.141754169240272e-05,7.979100227355957
1,5854,train,1.415051817893982,2.1412394482190655e-05,10.244510650634766
1,5855,train,0.954364538192749,2.1407247271978585e-05,7.182028770446777
1,5856,train,2.213768720626831,2.1402100061766523e-05,10.234854698181152
1,5857,train,1.7991604804992676,2.1396952851554457e-05,8.70932388305664
1,5858,train,0.9965903162956238,2.1391805641342395e-05,7.505362510681152
1,5859,train,1.594724416732788,2.138665843113033e-05,10.338040351867676
1,5860,train,1.3674780130386353,2.1381511220918267e-05,10.652778625488281
1,5861,train,1.5268349647521973,2.1376364010706197e-05,8.213788986206055
1,5862,train,1.2983745336532593,2.137121680049413e-05,10.010257720947266
1,5863,train,1.8293086290359497,2.1366069590282066e-05,11.741884231567383
1,5864,train,1.6242539882659912,2.1360922380070003e-05,8.295172691345215
1,5865,train,1.3784687519073486,2.1355775169857937e-05,13.206609725952148
1,5866,train,1.4107284545898438,2.1350627959645875e-05,9.49660587310791
1,5867,train,1.4612525701522827,2.134548074943381e-05,10.444680213928223
1,5868,train,1.5568691492080688,2.134033353922174e-05,8.196813583374023
1,5869,train,1.8031083345413208,2.1335186329009678e-05,11.408361434936523
1,5870,train,1.6700570583343506,2.133003911879761e-05,10.170659065246582
1,5871,train,1.0095429420471191,2.132489190858555e-05,7.3641157150268555
1,5872,train,1.540659785270691,2.1319744698373483e-05,11.108610153198242
1,5873,train,1.7398556470870972,2.131459748816142e-05,11.171602249145508
1,5874,train,0.9582077264785767,2.130945027794935e-05,7.6259446144104
1,5875,train,1.2721925973892212,2.1304303067737286e-05,8.070565223693848
1,5876,train,1.1793773174285889,2.129915585752522e-05,9.690735816955566
1,5877,train,1.0631486177444458,2.1294008647313158e-05,6.579071521759033
1,5878,train,1.3319154977798462,2.1288861437101092e-05,9.890645027160645
1,5879,train,1.0481406450271606,2.128371422688903e-05,7.0040740966796875
1,5880,train,1.2484785318374634,2.1278567016676964e-05,9.69007396697998
1,5881,train,1.7952299118041992,2.1273419806464894e-05,11.054537773132324
1,5882,train,1.5884686708450317,2.1268272596252832e-05,10.216157913208008
1,5883,train,1.9448758363723755,2.1263125386040766e-05,10.133122444152832
1,5884,train,0.9805890917778015,2.1257978175828704e-05,6.601455211639404
1,5885,train,1.6816738843917847,2.1252830965616638e-05,8.885079383850098
1,5886,train,1.8576252460479736,2.1247683755404575e-05,9.282232284545898
1,5887,train,2.2982354164123535,2.1242536545192503e-05,11.153055191040039
1,5888,train,1.497275948524475,2.123738933498044e-05,8.070418357849121
1,5889,train,2.1987178325653076,2.1232242124768375e-05,12.516288757324219
1,5890,train,1.4988397359848022,2.1227094914556312e-05,7.9423675537109375
1,5891,train,1.5421897172927856,2.1221947704344246e-05,7.554238796234131
1,5892,train,1.4271103143692017,2.1216800494132184e-05,7.432259559631348
1,5893,train,1.786516785621643,2.1211653283920118e-05,8.968152046203613
1,5894,train,2.3202812671661377,2.120650607370805e-05,8.69940185546875
1,5895,train,1.5282667875289917,2.1201358863495986e-05,7.921932697296143
1,5896,train,1.2236963510513306,2.119621165328392e-05,8.056944847106934
1,5897,train,0.9991582036018372,2.1191064443071855e-05,6.899490833282471
1,5898,train,1.5744671821594238,2.1185917232859792e-05,9.203734397888184
1,5899,train,1.1973897218704224,2.1180770022647727e-05,9.908330917358398
1,5900,train,1.0985774993896484,2.1175622812435657e-05,9.971549034118652
1,5901,train,1.387417197227478,2.1170475602223595e-05,8.784985542297363
1,5902,train,1.8977988958358765,2.116532839201153e-05,10.181659698486328
1,5903,train,0.968320369720459,2.1160181181799467e-05,6.83233118057251
1,5904,train,1.8303754329681396,2.11550339715874e-05,10.408308029174805
1,5905,train,2.103632926940918,2.114988676137534e-05,10.875980377197266
1,5906,train,1.928425669670105,2.1144739551163273e-05,9.228558540344238
1,5907,train,2.22149395942688,2.1139592340951203e-05,12.647566795349121
1,5908,train,1.5120577812194824,2.1134445130739138e-05,7.94484281539917
1,5909,train,1.8145456314086914,2.1129297920527075e-05,10.221166610717773
1,5910,train,1.2319936752319336,2.112415071031501e-05,7.587762832641602
1,5911,train,1.6338804960250854,2.1119003500102947e-05,8.049296379089355
1,5912,train,1.5161266326904297,2.111385628989088e-05,9.745269775390625
1,5913,train,1.6359320878982544,2.110870907967882e-05,9.264970779418945
1,5914,train,1.3775430917739868,2.110356186946675e-05,6.943321228027344
1,5915,train,1.4567736387252808,2.1098414659254684e-05,8.271780967712402
1,5916,train,1.9567633867263794,2.109326744904262e-05,9.109322547912598
1,5917,train,1.3016152381896973,2.1088120238830555e-05,11.245844841003418
1,5918,train,1.1827962398529053,2.1082973028618493e-05,9.961709022521973
1,5919,train,2.0870094299316406,2.1077825818406427e-05,9.489107131958008
1,5920,train,1.3127479553222656,2.1072678608194358e-05,9.350977897644043
1,5921,train,1.2090128660202026,2.1067531397982292e-05,5.944924354553223
1,5922,train,1.7374764680862427,2.106238418777023e-05,10.313455581665039
1,5923,train,1.8875535726547241,2.1057236977558164e-05,10.370620727539062
1,5924,train,1.1618592739105225,2.10520897673461e-05,9.379109382629395
1,5925,train,1.26703679561615,2.1046942557134035e-05,8.39940357208252
1,5926,train,1.5404070615768433,2.1041795346921973e-05,9.211248397827148
1,5927,train,1.3379285335540771,2.1036648136709904e-05,6.965053081512451
1,5928,train,1.11378812789917,2.1031500926497838e-05,9.238324165344238
1,5929,train,1.5925756692886353,2.1026353716285772e-05,9.938041687011719
1,5930,train,1.217220425605774,2.102120650607371e-05,10.026472091674805
1,5931,train,1.3866286277770996,2.1016059295861644e-05,8.490033149719238
1,5932,train,1.5399600267410278,2.101091208564958e-05,9.53228759765625
1,5933,train,1.522560715675354,2.1005764875437512e-05,11.324394226074219
1,5934,train,1.2601906061172485,2.1000617665225446e-05,8.902288436889648
1,5935,train,1.1392056941986084,2.0995470455013384e-05,9.682051658630371
1,5936,train,1.1102148294448853,2.0990323244801318e-05,7.320809364318848
1,5937,train,1.6387120485305786,2.0985176034589256e-05,11.77173137664795
1,5938,train,1.7115399837493896,2.098002882437719e-05,10.227052688598633
1,5939,train,1.5079433917999268,2.0974881614165128e-05,10.057648658752441
1,5940,train,1.2261713743209839,2.0969734403953055e-05,8.107318878173828
1,5941,train,0.5843432545661926,2.0964587193740992e-05,5.480307102203369
1,5942,train,1.8192154169082642,2.0959439983528927e-05,10.470829010009766
1,5943,train,1.3340175151824951,2.0954292773316864e-05,7.930458068847656
1,5944,train,1.2743202447891235,2.09491455631048e-05,8.321612358093262
1,5945,train,1.7283008098602295,2.0943998352892736e-05,10.703372955322266
1,5946,train,1.6922005414962769,2.0938851142680667e-05,8.594198226928711
1,5947,train,1.0055989027023315,2.09337039324686e-05,6.989553451538086
1,5948,train,1.0138537883758545,2.092855672225654e-05,6.561858177185059
1,5949,train,2.0339362621307373,2.0923409512044473e-05,12.005385398864746
1,5950,train,0.7213919162750244,2.091826230183241e-05,7.1625237464904785
1,5951,train,1.5246968269348145,2.0913115091620344e-05,8.910745620727539
1,5952,train,2.2803540229797363,2.090796788140828e-05,11.001912117004395
1,5953,train,1.4884560108184814,2.090282067119621e-05,9.383679389953613
1,5954,train,1.8433740139007568,2.0897673460984147e-05,8.64781665802002
1,5955,train,2.016772747039795,2.089252625077208e-05,12.51804256439209
1,5956,train,1.1530790328979492,2.088737904056002e-05,8.640663146972656
1,5957,train,1.6627637147903442,2.0882231830347953e-05,10.725723266601562
1,5958,train,1.8791285753250122,2.087708462013589e-05,11.634016990661621
1,5959,train,1.3677974939346313,2.087193740992382e-05,9.406795501708984
1,5960,train,1.8153676986694336,2.0866790199711755e-05,9.055027961730957
1,5961,train,1.361063838005066,2.086164298949969e-05,8.299454689025879
1,5962,train,1.5788068771362305,2.0856495779287627e-05,9.538514137268066
1,5963,train,1.3410524129867554,2.085134856907556e-05,8.04576301574707
1,5964,train,1.18910551071167,2.08462013588635e-05,8.156244277954102
1,5965,train,1.339103102684021,2.0841054148651433e-05,7.918997287750244
1,5966,train,0.8801233768463135,2.0835906938439364e-05,7.980302810668945
1,5967,train,2.3103854656219482,2.08307597282273e-05,10.98629379272461
1,5968,train,1.812298059463501,2.0825612518015236e-05,11.049641609191895
1,5969,train,1.0818530321121216,2.0820465307803173e-05,7.9834723472595215
1,5970,train,1.6524156332015991,2.0815318097591107e-05,10.93529987335205
1,5971,train,1.9757634401321411,2.0810170887379045e-05,12.20317554473877
1,5972,train,1.4516386985778809,2.0805023677166972e-05,9.275421142578125
1,5973,train,1.0938893556594849,2.079987646695491e-05,8.651469230651855
1,5974,train,0.8024740815162659,2.0794729256742844e-05,5.384969711303711
1,5975,train,1.5686218738555908,2.078958204653078e-05,8.031898498535156
1,5976,train,1.1304823160171509,2.0784434836318716e-05,8.07144546508789
1,5977,train,1.429034948348999,2.0779287626106653e-05,9.462398529052734
1,5978,train,1.764839768409729,2.0774140415894588e-05,12.040468215942383
1,5979,train,1.779775619506836,2.076899320568252e-05,13.920883178710938
1,5980,train,1.4915827512741089,2.0763845995470456e-05,10.774436950683594
1,5981,train,1.4857666492462158,2.075869878525839e-05,10.306248664855957
1,5982,train,1.448451042175293,2.0753551575046328e-05,9.192166328430176
1,5983,train,1.1146069765090942,2.0748404364834262e-05,7.425969123840332
1,5984,train,1.468025803565979,2.0743257154622196e-05,9.727792739868164
1,5985,train,1.225475788116455,2.0738109944410134e-05,9.327171325683594
1,5986,train,0.9834669232368469,2.0732962734198064e-05,5.645800590515137
1,5987,train,1.2471801042556763,2.0727815523986e-05,7.403071880340576
1,5988,train,1.2182197570800781,2.0722668313773936e-05,7.24968147277832
1,5989,train,1.6063647270202637,2.071752110356187e-05,9.846152305603027
1,5990,train,1.0600061416625977,2.0712373893349808e-05,8.249881744384766
1,5991,train,2.03304123878479,2.0707226683137742e-05,11.61933422088623
1,5992,train,0.9923624992370605,2.0702079472925673e-05,6.9322357177734375
1,5993,train,1.6284774541854858,2.0696932262713607e-05,11.445332527160645
1,5994,train,1.3195184469223022,2.0691785052501545e-05,10.703451156616211
1,5995,train,1.7667615413665771,2.068663784228948e-05,10.192583084106445
1,5996,train,1.836767315864563,2.0681490632077416e-05,10.169286727905273
1,5997,train,1.525479793548584,2.067634342186535e-05,10.681597709655762
1,5998,train,0.9843485951423645,2.0671196211653288e-05,7.061852931976318
1,5999,train,0.8613991737365723,2.066604900144122e-05,6.506375789642334
1,6000,train,0.9285960793495178,2.0660901791229153e-05,6.82138729095459
1,6001,train,1.8875292539596558,2.065575458101709e-05,9.769150733947754
1,6002,train,1.300999641418457,2.0650607370805025e-05,8.119803428649902
1,6003,train,2.193350076675415,2.0645460160592962e-05,11.897456169128418
1,6004,train,1.9451435804367065,2.0640312950380896e-05,11.880322456359863
1,6005,train,1.4324538707733154,2.0635165740168827e-05,8.112714767456055
1,6006,train,2.2234818935394287,2.063001852995676e-05,11.710625648498535
1,6007,train,1.1819887161254883,2.06248713197447e-05,8.226850509643555
1,6008,train,1.5846478939056396,2.0619724109532633e-05,9.73624324798584
1,6009,train,1.1280579566955566,2.061457689932057e-05,7.4827561378479
1,6010,train,1.250114917755127,2.0609429689108505e-05,11.44239330291748
1,6011,train,1.6044403314590454,2.0604282478896442e-05,10.12797737121582
1,6012,train,1.1229532957077026,2.0599135268684373e-05,9.811199188232422
1,6013,train,1.6650224924087524,2.0593988058472307e-05,9.445486068725586
1,6014,train,1.7432109117507935,2.0588840848260245e-05,9.164896965026855
1,6015,train,1.216535210609436,2.058369363804818e-05,9.834613800048828
1,6016,train,1.3261744976043701,2.0578546427836117e-05,9.87343692779541
1,6017,train,1.436890959739685,2.057339921762405e-05,9.286324501037598
1,6018,train,1.1035906076431274,2.0568252007411982e-05,6.101190090179443
1,6019,train,1.099355936050415,2.0563104797199916e-05,7.597050189971924
1,6020,train,0.96967613697052,2.0557957586987853e-05,6.347883224487305
1,6021,train,1.5348321199417114,2.0552810376775788e-05,10.568175315856934
1,6022,train,1.8055574893951416,2.0547663166563725e-05,10.343262672424316
1,6023,train,1.3600845336914062,2.054251595635166e-05,7.661501884460449
1,6024,train,1.062891960144043,2.0537368746139597e-05,7.12395715713501
1,6025,train,1.7653402090072632,2.0532221535927528e-05,11.18445110321045
1,6026,train,1.8965610265731812,2.0527074325715462e-05,10.716225624084473
1,6027,train,1.5341534614562988,2.0521927115503396e-05,9.213133811950684
1,6028,train,1.2533855438232422,2.0516779905291334e-05,6.806445121765137
1,6029,train,1.829240083694458,2.0511632695079268e-05,9.513304710388184
1,6030,train,1.1440895795822144,2.0506485484867205e-05,9.515058517456055
1,6031,train,1.4386664628982544,2.0501338274655136e-05,9.253057479858398
1,6032,train,1.8953499794006348,2.049619106444307e-05,12.797968864440918
1,6033,train,1.1894750595092773,2.0491043854231008e-05,6.875973224639893
1,6034,train,1.5963060855865479,2.0485896644018942e-05,7.521848201751709
1,6035,train,1.646304726600647,2.048074943380688e-05,9.58785343170166
1,6036,train,0.9676769971847534,2.0475602223594814e-05,6.296816825866699
1,6037,train,1.042208194732666,2.047045501338275e-05,8.60644817352295
1,6038,train,1.4640214443206787,2.046530780317068e-05,8.646890640258789
1,6039,train,1.9835046529769897,2.0460160592958616e-05,12.734902381896973
1,6040,train,1.786546230316162,2.045501338274655e-05,9.982181549072266
1,6041,train,1.1162235736846924,2.0449866172534488e-05,7.778685569763184
1,6042,train,1.4751211404800415,2.0444718962322422e-05,7.713803768157959
1,6043,train,1.5618983507156372,2.043957175211036e-05,9.104140281677246
1,6044,train,1.122847080230713,2.043442454189829e-05,8.578730583190918
1,6045,train,1.5195198059082031,2.0429277331686225e-05,10.457066535949707
1,6046,train,0.879145085811615,2.0424130121474162e-05,7.613083362579346
1,6047,train,1.9754806756973267,2.0418982911262097e-05,11.352957725524902
1,6048,train,0.7575628161430359,2.0413835701050034e-05,5.722424507141113
1,6049,train,1.6420600414276123,2.040868849083797e-05,9.175420761108398
1,6050,train,1.289740800857544,2.0403541280625903e-05,7.062282562255859
1,6051,train,1.1890779733657837,2.0398394070413833e-05,9.498360633850098
1,6052,train,1.8309059143066406,2.039324686020177e-05,9.311393737792969
1,6053,train,1.2281309366226196,2.0388099649989705e-05,7.897031784057617
1,6054,train,1.295727014541626,2.0382952439777643e-05,8.027667045593262
1,6055,train,1.0653623342514038,2.0377805229565577e-05,7.847021102905273
1,6056,train,1.3469047546386719,2.0372658019353514e-05,12.051854133605957
1,6057,train,0.9858012199401855,2.036751080914145e-05,8.771327018737793
1,6058,train,1.4345345497131348,2.036236359892938e-05,7.8694047927856445
1,6059,train,1.4833204746246338,2.0357216388717313e-05,8.798198699951172
1,6060,train,1.5935349464416504,2.035206917850525e-05,11.343459129333496
1,6061,train,1.1987367868423462,2.0346921968293185e-05,8.416313171386719
1,6062,train,1.733384132385254,2.0341774758081123e-05,8.384797096252441
1,6063,train,1.6982611417770386,2.0336627547869057e-05,11.147055625915527
1,6064,train,1.5593466758728027,2.0331480337656988e-05,7.958398818969727
1,6065,train,1.509352207183838,2.0326333127444925e-05,9.667365074157715
1,6066,train,1.5728200674057007,2.032118591723286e-05,8.99557113647461
1,6067,train,1.0257556438446045,2.0316038707020797e-05,6.854009628295898
1,6068,train,1.2263877391815186,2.031089149680873e-05,7.51837158203125
1,6069,train,2.1058061122894287,2.030574428659667e-05,11.428956985473633
1,6070,train,1.0246968269348145,2.0300597076384603e-05,7.861408233642578
1,6071,train,1.0715886354446411,2.0295449866172534e-05,6.649527549743652
1,6072,train,1.148460865020752,2.0290302655960468e-05,8.313780784606934
1,6073,train,1.599393606185913,2.0285155445748406e-05,9.58901596069336
1,6074,train,1.3080484867095947,2.028000823553634e-05,8.020008087158203
1,6075,train,1.9267499446868896,2.0274861025324277e-05,10.223889350891113
1,6076,train,1.2184761762619019,2.026971381511221e-05,9.703560829162598
1,6077,train,1.293059229850769,2.0264566604900142e-05,10.838047981262207
1,6078,train,1.9235327243804932,2.025941939468808e-05,11.628836631774902
1,6079,train,1.393463373184204,2.0254272184476014e-05,10.511131286621094
1,6080,train,1.5871857404708862,2.024912497426395e-05,9.94167709350586
1,6081,train,0.9512805938720703,2.0243977764051886e-05,8.9683256149292
1,6082,train,1.6806589365005493,2.023883055383982e-05,10.363727569580078
1,6083,train,1.1847598552703857,2.0233683343627757e-05,8.083359718322754
1,6084,train,1.6263548135757446,2.0228536133415688e-05,8.308565139770508
1,6085,train,1.1872031688690186,2.0223388923203622e-05,9.37295913696289
1,6086,train,2.0148587226867676,2.021824171299156e-05,11.476401329040527
1,6087,train,1.5894994735717773,2.0213094502779494e-05,9.130470275878906
1,6088,train,1.1211527585983276,2.0207947292567432e-05,9.769475936889648
1,6089,train,1.259696364402771,2.0202800082355366e-05,7.654821872711182
1,6090,train,1.907249927520752,2.0197652872143297e-05,11.806075096130371
1,6091,train,1.6228107213974,2.019250566193123e-05,10.986031532287598
1,6092,train,1.3754477500915527,2.018735845171917e-05,9.686144828796387
1,6093,train,1.2108503580093384,2.0182211241507103e-05,9.050775527954102
1,6094,train,1.4353128671646118,2.017706403129504e-05,7.519494533538818
1,6095,train,1.2194143533706665,2.0171916821082974e-05,7.940245151519775
1,6096,train,1.6471648216247559,2.0166769610870912e-05,10.759291648864746
1,6097,train,1.8619312047958374,2.0161622400658843e-05,10.744342803955078
1,6098,train,1.5409824848175049,2.0156475190446777e-05,9.86508560180664
1,6099,train,1.6454095840454102,2.0151327980234714e-05,12.110638618469238
1,6100,train,1.1914135217666626,2.014618077002265e-05,9.81306266784668
1,6101,train,1.245124101638794,2.0141033559810586e-05,8.873252868652344
1,6102,train,1.6053762435913086,2.013588634959852e-05,10.041182518005371
1,6103,train,1.1005538702011108,2.013073913938645e-05,7.141997337341309
1,6104,train,1.5259244441986084,2.0125591929174385e-05,8.836604118347168
1,6105,train,1.5032023191452026,2.0120444718962323e-05,8.426064491271973
1,6106,train,1.5231136083602905,2.0115297508750257e-05,11.7528076171875
1,6107,train,1.0803887844085693,2.0110150298538195e-05,7.610274791717529
1,6108,train,1.8429402112960815,2.010500308832613e-05,10.9252290725708
1,6109,train,1.191791296005249,2.0099855878114066e-05,7.496593952178955
1,6110,train,1.5761162042617798,2.0094708667901997e-05,7.859530925750732
1,6111,train,1.493268370628357,2.008956145768993e-05,10.001137733459473
1,6112,train,2.5096871852874756,2.008441424747787e-05,12.93211841583252
1,6113,train,1.3115793466567993,2.0079267037265803e-05,9.241570472717285
1,6114,train,1.4376424551010132,2.0074119827053737e-05,11.344419479370117
1,6115,train,1.1789031028747559,2.0068972616841675e-05,8.683392524719238
1,6116,train,1.6998168230056763,2.0063825406629606e-05,10.232943534851074
1,6117,train,1.7858922481536865,2.005867819641754e-05,11.453141212463379
1,6118,train,1.3270589113235474,2.0053530986205477e-05,8.203739166259766
1,6119,train,1.1346708536148071,2.004838377599341e-05,6.27379846572876
1,6120,train,2.3745992183685303,2.004323656578135e-05,13.358704566955566
1,6121,train,1.0259352922439575,2.0038089355569283e-05,8.422097206115723
1,6122,train,1.3322267532348633,2.003294214535722e-05,8.785547256469727
1,6123,train,1.3589450120925903,2.0027794935145148e-05,10.500425338745117
1,6124,train,1.001702904701233,2.0022647724933086e-05,6.715096950531006
1,6125,train,1.3725147247314453,2.001750051472102e-05,6.408771514892578
1,6126,train,1.6897698640823364,2.0012353304508958e-05,10.305708885192871
1,6127,train,1.9866960048675537,2.0007206094296892e-05,10.789578437805176
1,6128,train,1.689834713935852,2.000205888408483e-05,8.917830467224121
1,6129,train,1.484000563621521,1.9996911673872763e-05,10.6971435546875
1,6130,train,1.528164029121399,1.9991764463660694e-05,8.587275505065918
1,6131,train,1.885762095451355,1.9986617253448632e-05,11.381402015686035
1,6132,train,1.7157188653945923,1.9981470043236566e-05,11.485234260559082
1,6133,train,1.6386762857437134,1.9976322833024504e-05,12.311354637145996
1,6134,train,1.6394591331481934,1.9971175622812438e-05,8.752180099487305
1,6135,train,1.4060133695602417,1.9966028412600375e-05,10.521848678588867
1,6136,train,1.8314496278762817,1.9960881202388303e-05,11.80095386505127
1,6137,train,1.7464720010757446,1.995573399217624e-05,9.228620529174805
1,6138,train,1.576253890991211,1.9950586781964174e-05,7.9620747566223145
1,6139,train,0.761849045753479,1.9945439571752112e-05,6.3717732429504395
1,6140,train,1.8440746068954468,1.9940292361540046e-05,11.738921165466309
1,6141,train,1.4527186155319214,1.9935145151327984e-05,10.324042320251465
1,6142,train,1.6460132598876953,1.9929997941115918e-05,10.670581817626953
1,6143,train,2.2057604789733887,1.992485073090385e-05,12.21015739440918
1,6144,train,1.4115163087844849,1.9919703520691786e-05,11.455798149108887
1,6145,train,1.2229288816452026,1.991455631047972e-05,8.708541870117188
1,6146,train,1.8131353855133057,1.9909409100267658e-05,9.770848274230957
1,6147,train,1.724068284034729,1.9904261890055592e-05,9.186903953552246
1,6148,train,2.0233840942382812,1.9899114679843526e-05,9.409693717956543
1,6149,train,1.8839341402053833,1.9893967469631457e-05,12.413873672485352
1,6150,train,1.249998688697815,1.9888820259419395e-05,7.516509056091309
1,6151,train,0.7462369203567505,1.988367304920733e-05,5.822575092315674
1,6152,train,1.406307578086853,1.9878525838995267e-05,11.273533821105957
1,6153,train,2.0321691036224365,1.98733786287832e-05,10.179988861083984
1,6154,train,1.3600318431854248,1.9868231418571138e-05,7.527956962585449
1,6155,train,1.4851058721542358,1.9863084208359072e-05,9.0370454788208
1,6156,train,1.3669002056121826,1.9857936998147003e-05,10.94704532623291
1,6157,train,1.4512406587600708,1.9852789787934937e-05,8.29741382598877
1,6158,train,1.9601911306381226,1.9847642577722875e-05,11.180130004882812
1,6159,train,1.7754619121551514,1.984249536751081e-05,9.597448348999023
1,6160,train,1.7641881704330444,1.9837348157298747e-05,9.549230575561523
1,6161,train,1.4495474100112915,1.983220094708668e-05,9.457222938537598
1,6162,train,1.7092190980911255,1.982705373687461e-05,10.231563568115234
1,6163,train,1.6187032461166382,1.982190652666255e-05,10.047419548034668
1,6164,train,1.543845295906067,1.9816759316450483e-05,9.60658073425293
1,6165,train,1.6819404363632202,1.981161210623842e-05,10.498117446899414
1,6166,train,1.743712306022644,1.9806464896026355e-05,9.196053504943848
1,6167,train,1.025032639503479,1.9801317685814293e-05,7.513181209564209
1,6168,train,1.471792459487915,1.9796170475602227e-05,10.13136100769043
1,6169,train,2.0099849700927734,1.9791023265390158e-05,10.5620756149292
1,6170,train,1.9889793395996094,1.9785876055178092e-05,10.99604320526123
1,6171,train,0.9598982334136963,1.978072884496603e-05,7.151713848114014
1,6172,train,0.814394474029541,1.9775581634753964e-05,6.7039055824279785
1,6173,train,1.3582011461257935,1.97704344245419e-05,9.870373725891113
1,6174,train,1.4518234729766846,1.9765287214329835e-05,10.108311653137207
1,6175,train,1.825716257095337,1.9760140004117766e-05,13.916467666625977
1,6176,train,1.4143232107162476,1.9754992793905704e-05,11.268189430236816
1,6177,train,1.1514151096343994,1.9749845583693638e-05,8.319957733154297
1,6178,train,1.5542997121810913,1.9744698373481575e-05,9.584395408630371
1,6179,train,1.8713961839675903,1.973955116326951e-05,10.512066841125488
1,6180,train,0.9810898303985596,1.9734403953057444e-05,6.482284069061279
1,6181,train,1.2209746837615967,1.972925674284538e-05,9.606369018554688
1,6182,train,2.000915765762329,1.9724109532633312e-05,9.378863334655762
1,6183,train,1.282958745956421,1.9718962322421246e-05,8.229208946228027
1,6184,train,1.0999053716659546,1.9713815112209184e-05,8.190666198730469
1,6185,train,1.1342509984970093,1.9708667901997118e-05,9.040165901184082
1,6186,train,1.3367886543273926,1.9703520691785056e-05,8.592427253723145
1,6187,train,1.360419750213623,1.969837348157299e-05,9.614293098449707
1,6188,train,1.4802169799804688,1.969322627136092e-05,8.908555030822754
1,6189,train,1.4227157831192017,1.9688079061148855e-05,8.256258010864258
1,6190,train,1.0439720153808594,1.9682931850936792e-05,7.250571250915527
1,6191,train,1.8529354333877563,1.9677784640724727e-05,9.716861724853516
1,6192,train,1.4998970031738281,1.9672637430512664e-05,9.384882926940918
1,6193,train,1.1655012369155884,1.9667490220300598e-05,6.820610523223877
1,6194,train,1.2539687156677246,1.9662343010088536e-05,8.779650688171387
1,6195,train,1.2529903650283813,1.9657195799876467e-05,7.438047409057617
1,6196,train,1.977320671081543,1.96520485896644e-05,12.33327865600586
1,6197,train,1.2589738368988037,1.964690137945234e-05,8.072660446166992
1,6198,train,1.7894576787948608,1.9641754169240273e-05,9.437651634216309
1,6199,train,1.5278117656707764,1.963660695902821e-05,10.196239471435547
1,6200,train,1.6590468883514404,1.9631459748816144e-05,8.371427536010742
1,6201,train,1.0952821969985962,1.9626312538604082e-05,7.474031925201416
1,6202,train,1.5656723976135254,1.962116532839201e-05,10.360770225524902
1,6203,train,1.1404552459716797,1.9616018118179947e-05,7.142238616943359
1,6204,train,0.8505319356918335,1.961087090796788e-05,8.022809028625488
1,6205,train,1.851305365562439,1.960572369775582e-05,9.628800392150879
1,6206,train,1.0979056358337402,1.9600576487543753e-05,7.042104244232178
1,6207,train,1.382781744003296,1.959542927733169e-05,8.60662841796875
1,6208,train,1.2448474168777466,1.959028206711962e-05,7.099081516265869
1,6209,train,1.23089599609375,1.9585134856907555e-05,7.988790988922119
1,6210,train,1.7140475511550903,1.9579987646695493e-05,10.687238693237305
1,6211,train,1.6601210832595825,1.9574840436483427e-05,10.953048706054688
1,6212,train,1.6528373956680298,1.956969322627136e-05,9.981829643249512
1,6213,train,1.1629273891448975,1.95645460160593e-05,7.314789295196533
1,6214,train,1.0091230869293213,1.9559398805847233e-05,7.686484336853027
1,6215,train,0.9671425819396973,1.9554251595635164e-05,7.534529209136963
1,6216,train,1.292934775352478,1.95491043854231e-05,7.170228481292725
1,6217,train,1.454520344734192,1.9543957175211035e-05,10.512864112854004
1,6218,train,1.2830839157104492,1.9538809964998973e-05,7.279755592346191
1,6219,train,1.517708420753479,1.9533662754786907e-05,7.630321979522705
1,6220,train,1.4871962070465088,1.9528515544574845e-05,9.119536399841309
1,6221,train,1.9914264678955078,1.9523368334362772e-05,12.305624008178711
1,6222,train,1.8745982646942139,1.951822112415071e-05,10.71769905090332
1,6223,train,1.2142927646636963,1.9513073913938644e-05,8.738425254821777
1,6224,train,1.889032244682312,1.950792670372658e-05,9.978564262390137
1,6225,train,1.490305781364441,1.9502779493514516e-05,7.8743977546691895
1,6226,train,1.665312647819519,1.9497632283302453e-05,9.919831275939941
1,6227,train,1.4136525392532349,1.9492485073090387e-05,10.62913990020752
1,6228,train,2.3574881553649902,1.9487337862878318e-05,11.456089973449707
1,6229,train,1.2444322109222412,1.9482190652666256e-05,7.049343109130859
1,6230,train,1.0924890041351318,1.947704344245419e-05,7.5736846923828125
1,6231,train,2.204547643661499,1.9471896232242128e-05,13.443623542785645
1,6232,train,1.4819921255111694,1.946674902203006e-05,8.008879661560059
1,6233,train,1.088672161102295,1.9461601811818e-05,7.027925968170166
1,6234,train,1.3898634910583496,1.9456454601605927e-05,5.867208480834961
1,6235,train,0.9680804014205933,1.9451307391393864e-05,6.645275592803955
1,6236,train,1.6141668558120728,1.94461601811818e-05,9.769957542419434
1,6237,train,0.8763965964317322,1.9441012970969736e-05,7.274138450622559
1,6238,train,1.9045079946517944,1.943586576075767e-05,10.756115913391113
1,6239,train,1.936006784439087,1.9430718550545608e-05,10.410906791687012
1,6240,train,1.4113532304763794,1.9425571340333542e-05,8.710936546325684
1,6241,train,1.8362071514129639,1.9420424130121473e-05,12.914198875427246
1,6242,train,1.3727657794952393,1.941527691990941e-05,10.321664810180664
1,6243,train,2.0140819549560547,1.9410129709697344e-05,9.370478630065918
1,6244,train,0.7841790318489075,1.940498249948528e-05,7.136618137359619
1,6245,train,1.7120872735977173,1.9399835289273216e-05,10.622803688049316
1,6246,train,1.8176755905151367,1.939468807906115e-05,9.024778366088867
1,6247,train,1.9846504926681519,1.938954086884908e-05,10.698543548583984
1,6248,train,1.2650160789489746,1.938439365863702e-05,8.515957832336426
1,6249,train,2.3792457580566406,1.9379246448424953e-05,11.755474090576172
1,6250,train,1.9490923881530762,1.937409923821289e-05,11.63504695892334
1,6251,train,1.341481328010559,1.9368952028000825e-05,7.674921035766602
1,6252,train,1.5549362897872925,1.9363804817788762e-05,10.478962898254395
1,6253,train,1.9031128883361816,1.9358657607576696e-05,10.478830337524414
1,6254,train,1.5913292169570923,1.9353510397364627e-05,9.397467613220215
1,6255,train,1.830510139465332,1.934836318715256e-05,8.369296073913574
1,6256,train,1.07631516456604,1.93432159769405e-05,7.943482398986816
1,6257,train,1.2462716102600098,1.9338068766728433e-05,7.8599772453308105
1,6258,train,1.6579033136367798,1.933292155651637e-05,7.815761089324951
1,6259,train,1.1914494037628174,1.9327774346304305e-05,7.263496398925781
1,6260,train,1.5907042026519775,1.9322627136092236e-05,9.70703411102295
1,6261,train,1.2210019826889038,1.9317479925880173e-05,6.451263904571533
1,6262,train,1.9115159511566162,1.9312332715668107e-05,8.858353614807129
1,6263,train,1.2557603120803833,1.9307185505456045e-05,5.390498638153076
1,6264,train,1.3921362161636353,1.930203829524398e-05,8.581204414367676
1,6265,train,1.3350193500518799,1.9296891085031917e-05,8.480219841003418
1,6266,train,1.0281544923782349,1.929174387481985e-05,6.629265785217285
1,6267,train,1.452965259552002,1.928659666460778e-05,10.090447425842285
1,6268,train,1.3123688697814941,1.9281449454395716e-05,8.321059226989746
1,6269,train,1.0006647109985352,1.9276302244183653e-05,8.373456954956055
1,6270,train,2.207420825958252,1.9271155033971588e-05,12.525381088256836
1,6271,train,1.661213994026184,1.9266007823759525e-05,8.180932998657227
1,6272,train,1.7207024097442627,1.926086061354746e-05,11.227903366088867
1,6273,train,0.9912403225898743,1.9255713403335397e-05,7.546592712402344
1,6274,train,2.0977578163146973,1.9250566193123328e-05,11.791537284851074
1,6275,train,1.520544171333313,1.9245418982911262e-05,8.493255615234375
1,6276,train,1.462626338005066,1.92402717726992e-05,8.863688468933105
1,6277,train,2.306933641433716,1.9235124562487134e-05,12.742565155029297
1,6278,train,1.9794644117355347,1.9229977352275068e-05,9.936036109924316
1,6279,train,1.2418428659439087,1.9224830142063005e-05,14.224609375
1,6280,train,1.7872087955474854,1.9219682931850936e-05,9.205364227294922
1,6281,train,1.6643880605697632,1.921453572163887e-05,9.627795219421387
1,6282,train,0.9824851751327515,1.9209388511426808e-05,7.528252124786377
1,6283,train,1.188524603843689,1.9204241301214742e-05,8.631998062133789
1,6284,train,1.5154372453689575,1.919909409100268e-05,9.074966430664062
1,6285,train,1.2314708232879639,1.9193946880790614e-05,7.312401294708252
1,6286,train,2.0056562423706055,1.918879967057855e-05,11.325034141540527
1,6287,train,1.1505874395370483,1.918365246036648e-05,7.223479270935059
1,6288,train,1.1110464334487915,1.9178505250154416e-05,9.124228477478027
1,6289,train,1.0236636400222778,1.917335803994235e-05,7.769791126251221
1,6290,train,2.0251808166503906,1.9168210829730288e-05,10.50863265991211
1,6291,train,1.2623341083526611,1.9163063619518222e-05,7.764970302581787
1,6292,train,1.1868455410003662,1.915791640930616e-05,7.521205902099609
1,6293,train,1.3103504180908203,1.915276919909409e-05,9.631914138793945
1,6294,train,1.8449325561523438,1.9147621988882025e-05,10.366705894470215
1,6295,train,2.38655948638916,1.9142474778669962e-05,14.439598083496094
1,6296,train,1.891819715499878,1.9137327568457896e-05,9.82598876953125
1,6297,train,1.6505144834518433,1.9132180358245834e-05,8.819785118103027
1,6298,train,1.5667014122009277,1.9127033148033768e-05,10.798099517822266
1,6299,train,2.33764386177063,1.9121885937821706e-05,12.126676559448242
1,6300,train,1.6468582153320312,1.9116738727609633e-05,11.614358901977539
1,6301,train,1.1643387079238892,1.911159151739757e-05,7.440603733062744
1,6302,train,1.6050914525985718,1.9106444307185505e-05,10.564865112304688
1,6303,train,1.3746320009231567,1.9101297096973442e-05,7.929265022277832
1,6304,train,1.5540337562561035,1.9096149886761377e-05,11.163870811462402
1,6305,train,0.8895845413208008,1.9091002676549314e-05,5.25209379196167
1,6306,train,2.245361089706421,1.9085855466337245e-05,15.380616188049316
1,6307,train,1.882979154586792,1.908070825612518e-05,10.530233383178711
1,6308,train,2.157642126083374,1.9075561045913117e-05,10.019682884216309
1,6309,train,1.1671528816223145,1.907041383570105e-05,9.532716751098633
1,6310,train,1.215681552886963,1.9065266625488985e-05,9.363899230957031
1,6311,train,1.8307559490203857,1.9060119415276923e-05,8.952276229858398
1,6312,train,1.6564961671829224,1.9054972205064857e-05,9.546058654785156
1,6313,train,1.5861107110977173,1.9049824994852788e-05,9.178993225097656
1,6314,train,1.6320695877075195,1.9044677784640725e-05,9.919967651367188
1,6315,train,1.8301329612731934,1.903953057442866e-05,12.088874816894531
1,6316,train,1.7631160020828247,1.9034383364216597e-05,10.530978202819824
1,6317,train,2.122469186782837,1.902923615400453e-05,11.748559951782227
1,6318,train,2.1995763778686523,1.902408894379247e-05,12.374354362487793
1,6319,train,2.2067511081695557,1.9018941733580396e-05,11.278482437133789
1,6320,train,1.864912748336792,1.9013794523368334e-05,7.980794429779053
1,6321,train,2.0476150512695312,1.9008647313156268e-05,10.70471477508545
1,6322,train,0.9389627575874329,1.9003500102944205e-05,7.401467323303223
1,6323,train,1.5325566530227661,1.899835289273214e-05,7.36818790435791
1,6324,train,1.5032179355621338,1.8993205682520077e-05,7.8740034103393555
1,6325,train,1.9186562299728394,1.898805847230801e-05,13.071334838867188
1,6326,train,1.0612680912017822,1.8982911262095942e-05,6.762932300567627
1,6327,train,1.3727105855941772,1.897776405188388e-05,8.077298164367676
1,6328,train,1.2129653692245483,1.8972616841671814e-05,7.072258472442627
1,6329,train,1.2946683168411255,1.896746963145975e-05,6.937649250030518
1,6330,train,1.051588773727417,1.8962322421247686e-05,8.139575958251953
1,6331,train,0.997714102268219,1.8957175211035623e-05,8.034369468688965
1,6332,train,1.2479580640792847,1.895202800082355e-05,8.16289234161377
1,6333,train,1.6932733058929443,1.8946880790611488e-05,9.361856460571289
1,6334,train,1.3509341478347778,1.8941733580399422e-05,7.407383918762207
1,6335,train,0.7991681694984436,1.893658637018736e-05,4.896743297576904
1,6336,train,1.7030863761901855,1.8931439159975294e-05,9.95461368560791
1,6337,train,1.390138030052185,1.892629194976323e-05,8.147387504577637
1,6338,train,1.5452046394348145,1.8921144739551166e-05,10.552868843078613
1,6339,train,1.3018691539764404,1.8915997529339097e-05,8.306262016296387
1,6340,train,1.7541719675064087,1.8910850319127034e-05,8.664142608642578
1,6341,train,1.3478665351867676,1.890570310891497e-05,8.560380935668945
1,6342,train,1.6721651554107666,1.8900555898702902e-05,8.905783653259277
1,6343,train,1.8699486255645752,1.889540868849084e-05,11.706311225891113
1,6344,train,1.5943681001663208,1.8890261478278774e-05,12.43342399597168
1,6345,train,1.98292076587677,1.8885114268066712e-05,11.306878089904785
1,6346,train,1.5245403051376343,1.8879967057854643e-05,8.327766418457031
1,6347,train,1.4631894826889038,1.8874819847642577e-05,9.32448959350586
1,6348,train,0.9027501344680786,1.8869672637430514e-05,6.311228275299072
1,6349,train,1.5976057052612305,1.886452542721845e-05,13.092853546142578
1,6350,train,1.3151637315750122,1.8859378217006386e-05,7.296929836273193
1,6351,train,1.3074074983596802,1.885423100679432e-05,9.564543724060059
1,6352,train,1.7261512279510498,1.884908379658225e-05,10.106352806091309
1,6353,train,1.6727321147918701,1.8843936586370185e-05,7.438967227935791
1,6354,train,1.8810235261917114,1.8838789376158123e-05,11.539179801940918
1,6355,train,1.4726067781448364,1.8833642165946057e-05,9.983262062072754
1,6356,train,1.3525331020355225,1.8828494955733995e-05,10.420758247375488
1,6357,train,1.6744723320007324,1.882334774552193e-05,9.0009183883667
1,6358,train,1.0670536756515503,1.8818200535309866e-05,6.680877685546875
1,6359,train,1.5889416933059692,1.8813053325097797e-05,9.042499542236328
1,6360,train,1.693009376525879,1.880790611488573e-05,11.738024711608887
1,6361,train,0.9279763698577881,1.880275890467367e-05,6.174356460571289
1,6362,train,2.0007541179656982,1.8797611694461603e-05,11.124985694885254
1,6363,train,1.7125968933105469,1.879246448424954e-05,12.022222518920898
1,6364,train,1.691280484199524,1.8787317274037475e-05,9.939638137817383
1,6365,train,1.2267757654190063,1.8782170063825406e-05,7.084377765655518
1,6366,train,1.3609362840652466,1.877702285361334e-05,9.330948829650879
1,6367,train,1.0256575345993042,1.8771875643401277e-05,6.41112756729126
1,6368,train,1.4797736406326294,1.876672843318921e-05,8.123896598815918
1,6369,train,1.4807181358337402,1.876158122297715e-05,9.16850471496582
1,6370,train,1.5845732688903809,1.8756434012765083e-05,10.122413635253906
1,6371,train,1.7787506580352783,1.875128680255302e-05,9.129880905151367
1,6372,train,1.325538158416748,1.874613959234095e-05,8.144201278686523
1,6373,train,1.4912350177764893,1.8740992382128886e-05,8.9080171585083
1,6374,train,1.5618178844451904,1.873584517191682e-05,13.421927452087402
1,6375,train,1.678459882736206,1.8730697961704757e-05,9.2149076461792
1,6376,train,1.3097929954528809,1.872555075149269e-05,7.421660900115967
1,6377,train,1.422937035560608,1.872040354128063e-05,9.812217712402344
1,6378,train,1.4374980926513672,1.871525633106856e-05,9.553543090820312
1,6379,train,1.4374159574508667,1.8710109120856494e-05,7.7411932945251465
1,6380,train,2.0552821159362793,1.8704961910644432e-05,13.394208908081055
1,6381,train,1.1485953330993652,1.8699814700432366e-05,7.031705856323242
1,6382,train,1.35505211353302,1.8694667490220303e-05,9.022828102111816
1,6383,train,1.3688410520553589,1.8689520280008238e-05,7.249431610107422
1,6384,train,1.048693060874939,1.8684373069796175e-05,8.457144737243652
1,6385,train,1.3872735500335693,1.8679225859584103e-05,11.574847221374512
1,6386,train,1.0560956001281738,1.867407864937204e-05,6.760318756103516
1,6387,train,1.342552900314331,1.8668931439159974e-05,9.002902030944824
1,6388,train,1.5758401155471802,1.8663784228947912e-05,8.987994194030762
1,6389,train,0.9057960510253906,1.8658637018735846e-05,7.221518516540527
1,6390,train,1.522368311882019,1.8653489808523784e-05,8.77701473236084
1,6391,train,1.5344260931015015,1.8648342598311714e-05,10.479259490966797
1,6392,train,2.097975492477417,1.864319538809965e-05,10.172798156738281
1,6393,train,1.4191558361053467,1.8638048177887586e-05,7.217251777648926
1,6394,train,0.6570497155189514,1.863290096767552e-05,5.808135509490967
1,6395,train,1.517460823059082,1.8627753757463458e-05,10.284855842590332
1,6396,train,1.85372793674469,1.8622606547251392e-05,10.962865829467773
1,6397,train,1.9867067337036133,1.861745933703933e-05,10.321405410766602
1,6398,train,1.0118811130523682,1.8612312126827257e-05,8.4049654006958
1,6399,train,1.965819239616394,1.8607164916615195e-05,14.377357482910156
1,6400,train,1.4190104007720947,1.860201770640313e-05,6.974355220794678
1,6401,train,1.2753984928131104,1.8596870496191066e-05,10.301953315734863
1,6402,train,0.8453291058540344,1.8591723285979e-05,7.002821445465088
1,6403,train,1.9090545177459717,1.8586576075766938e-05,10.746495246887207
1,6404,train,1.19719660282135,1.858142886555487e-05,8.00944995880127
1,6405,train,1.2719353437423706,1.8576281655342803e-05,6.678241729736328
1,6406,train,1.4242888689041138,1.8571134445130737e-05,9.608959197998047
1,6407,train,1.531690239906311,1.8565987234918675e-05,10.247273445129395
1,6408,train,2.1656463146209717,1.856084002470661e-05,9.943915367126465
1,6409,train,2.200751781463623,1.8555692814494547e-05,13.802310943603516
1,6410,train,1.2278013229370117,1.855054560428248e-05,8.964608192443848
1,6411,train,1.4820314645767212,1.854539839407041e-05,10.20592975616455
1,6412,train,1.7403990030288696,1.854025118385835e-05,8.797405242919922
1,6413,train,1.3377587795257568,1.8535103973646283e-05,8.36711311340332
1,6414,train,2.0750620365142822,1.852995676343422e-05,11.88058853149414
1,6415,train,1.9472310543060303,1.8524809553222155e-05,12.563675880432129
1,6416,train,1.0656672716140747,1.8519662343010093e-05,10.602568626403809
1,6417,train,1.526971459388733,1.8514515132798027e-05,11.195487022399902
1,6418,train,1.7686822414398193,1.8509367922585958e-05,9.027915954589844
1,6419,train,1.3231987953186035,1.8504220712373892e-05,5.794238090515137
1,6420,train,1.2752536535263062,1.849907350216183e-05,9.806735038757324
1,6421,train,1.034496784210205,1.8493926291949763e-05,10.09477424621582
1,6422,train,1.494673252105713,1.84887790817377e-05,10.042374610900879
1,6423,train,0.8142153024673462,1.8483631871525635e-05,6.092058181762695
1,6424,train,1.7427253723144531,1.8478484661313566e-05,9.984997749328613
1,6425,train,1.537444829940796,1.8473337451101504e-05,9.663512229919434
1,6426,train,1.3793779611587524,1.8468190240889438e-05,8.887439727783203
1,6427,train,1.413240671157837,1.8463043030677375e-05,9.5172758102417
1,6428,train,2.0432891845703125,1.845789582046531e-05,13.57855224609375
1,6429,train,1.7429695129394531,1.8452748610253247e-05,8.159016609191895
1,6430,train,0.8711113333702087,1.844760140004118e-05,5.914585590362549
1,6431,train,1.1193701028823853,1.8442454189829112e-05,8.61590576171875
1,6432,train,1.9412550926208496,1.8437306979617046e-05,11.295432090759277
1,6433,train,0.7893221974372864,1.8432159769404984e-05,5.052069664001465
1,6434,train,1.6323635578155518,1.8427012559192918e-05,9.243626594543457
1,6435,train,1.9057762622833252,1.8421865348980856e-05,10.821812629699707
1,6436,train,2.1561331748962402,1.841671813876879e-05,9.76500415802002
1,6437,train,2.1069111824035645,1.841157092855672e-05,10.30201244354248
1,6438,train,1.5711326599121094,1.8406423718344658e-05,9.090372085571289
1,6439,train,1.4746474027633667,1.8401276508132592e-05,8.052550315856934
1,6440,train,1.32240629196167,1.8396129297920526e-05,7.666965961456299
1,6441,train,1.2543445825576782,1.8390982087708464e-05,6.1376848220825195
1,6442,train,1.417763113975525,1.8385834877496398e-05,7.703802585601807
1,6443,train,2.2096071243286133,1.8380687667284336e-05,10.718668937683105
1,6444,train,1.767604112625122,1.8375540457072267e-05,8.951066970825195
1,6445,train,1.474557876586914,1.83703932468602e-05,11.019486427307129
1,6446,train,2.3633506298065186,1.8365246036648138e-05,12.17900562286377
1,6447,train,1.22324538230896,1.8360098826436072e-05,9.986166000366211
1,6448,train,2.2218093872070312,1.835495161622401e-05,12.479012489318848
1,6449,train,1.245727777481079,1.8349804406011944e-05,7.774023056030273
1,6450,train,1.3696062564849854,1.8344657195799875e-05,9.722352027893066
1,6451,train,1.7531412839889526,1.833950998558781e-05,9.97951602935791
1,6452,train,2.7107293605804443,1.8334362775375747e-05,13.656174659729004
1,6453,train,1.091733694076538,1.832921556516368e-05,8.263204574584961
1,6454,train,1.5706287622451782,1.832406835495162e-05,7.047858715057373
1,6455,train,1.0781586170196533,1.8318921144739553e-05,7.867993354797363
1,6456,train,2.5205612182617188,1.831377393452749e-05,17.636600494384766
1,6457,train,2.0323359966278076,1.830862672431542e-05,11.524535179138184
1,6458,train,1.143696665763855,1.8303479514103355e-05,9.010808944702148
1,6459,train,1.1223042011260986,1.8298332303891293e-05,8.00285530090332
1,6460,train,1.369541049003601,1.8293185093679227e-05,8.920130729675293
1,6461,train,1.5772490501403809,1.8288037883467164e-05,10.113081932067871
1,6462,train,1.1637375354766846,1.82828906732551e-05,9.264774322509766
1,6463,train,1.8852628469467163,1.827774346304303e-05,10.934455871582031
1,6464,train,1.9597505331039429,1.8272596252830964e-05,11.6614351272583
1,6465,train,1.3032294511795044,1.82674490426189e-05,7.472711086273193
1,6466,train,1.4759958982467651,1.8262301832406835e-05,9.04300594329834
1,6467,train,1.91902756690979,1.8257154622194773e-05,9.443082809448242
1,6468,train,1.2587608098983765,1.8252007411982707e-05,9.526202201843262
1,6469,train,0.819278359413147,1.8246860201770645e-05,6.414580345153809
1,6470,train,1.8985852003097534,1.8241712991558575e-05,11.815374374389648
1,6471,train,1.4021363258361816,1.823656578134651e-05,9.668163299560547
1,6472,train,1.2300145626068115,1.8231418571134444e-05,7.186642169952393
1,6473,train,1.3939507007598877,1.822627136092238e-05,10.34382152557373
1,6474,train,1.2462594509124756,1.8221124150710316e-05,8.704811096191406
1,6475,train,1.2822426557540894,1.8215976940498253e-05,8.691021919250488
1,6476,train,1.0697377920150757,1.8210829730286184e-05,8.207597732543945
1,6477,train,1.7132488489151,1.8205682520074118e-05,10.957398414611816
1,6478,train,1.5991458892822266,1.8200535309862056e-05,9.552451133728027
1,6479,train,1.4554911851882935,1.819538809964999e-05,9.461925506591797
1,6480,train,2.33545184135437,1.8190240889437927e-05,11.334593772888184
1,6481,train,1.0512593984603882,1.818509367922586e-05,8.947242736816406
1,6482,train,1.2988427877426147,1.81799464690138e-05,10.26905345916748
1,6483,train,1.323028564453125,1.8174799258801727e-05,8.197929382324219
1,6484,train,1.5766630172729492,1.8169652048589664e-05,11.850377082824707
1,6485,train,1.6279993057250977,1.8164504838377598e-05,9.666913032531738
1,6486,train,1.0542908906936646,1.8159357628165536e-05,7.209583282470703
1,6487,train,1.2692750692367554,1.815421041795347e-05,10.356514930725098
1,6488,train,1.1089080572128296,1.8149063207741408e-05,6.061708450317383
1,6489,train,1.9486310482025146,1.8143915997529342e-05,12.42564582824707
1,6490,train,1.8324823379516602,1.8138768787317273e-05,9.831801414489746
1,6491,train,1.983424425125122,1.813362157710521e-05,11.694723129272461
1,6492,train,1.5385570526123047,1.8128474366893144e-05,10.327925682067871
1,6493,train,1.7653708457946777,1.8123327156681082e-05,9.854561805725098
1,6494,train,1.4511643648147583,1.8118179946469016e-05,7.796276569366455
1,6495,train,1.7729920148849487,1.811303273625695e-05,11.18503475189209
1,6496,train,0.7665441036224365,1.810788552604488e-05,5.928716659545898
1,6497,train,1.926436185836792,1.810273831583282e-05,11.848411560058594
1,6498,train,2.0261199474334717,1.8097591105620753e-05,12.899983406066895
1,6499,train,1.3294883966445923,1.809244389540869e-05,8.250822067260742
1,6500,train,1.0747207403182983,1.8087296685196624e-05,7.286185264587402
1,6501,train,2.2178542613983154,1.8082149474984562e-05,11.029521942138672
1,6502,train,1.4749783277511597,1.8077002264772496e-05,8.806471824645996
1,6503,train,1.298008918762207,1.8071855054560427e-05,7.127080917358398
1,6504,train,1.3489553928375244,1.806670784434836e-05,8.919322967529297
1,6505,train,1.3416932821273804,1.80615606341363e-05,9.110993385314941
1,6506,train,1.107179880142212,1.8056413423924233e-05,10.184404373168945
1,6507,train,1.5694957971572876,1.805126621371217e-05,10.434310913085938
1,6508,train,1.4172344207763672,1.8046119003500105e-05,8.511114120483398
1,6509,train,2.2752857208251953,1.8040971793288035e-05,11.094388008117676
1,6510,train,1.598881483078003,1.8035824583075973e-05,10.346874237060547
1,6511,train,1.2243096828460693,1.8030677372863907e-05,9.46565055847168
1,6512,train,1.2417269945144653,1.8025530162651845e-05,7.405894756317139
1,6513,train,1.4443811178207397,1.802038295243978e-05,8.813108444213867
1,6514,train,1.290117859840393,1.8015235742227717e-05,8.805506706237793
1,6515,train,1.580491542816162,1.801008853201565e-05,10.853038787841797
1,6516,train,1.755921721458435,1.800494132180358e-05,8.989862442016602
1,6517,train,1.6520003080368042,1.7999794111591516e-05,9.005586624145508
1,6518,train,2.0921239852905273,1.7994646901379453e-05,10.865400314331055
1,6519,train,1.4912681579589844,1.7989499691167387e-05,8.384575843811035
1,6520,train,0.7822033762931824,1.7984352480955325e-05,5.656129837036133
1,6521,train,1.7204608917236328,1.797920527074326e-05,10.289450645446777
1,6522,train,1.0178570747375488,1.797405806053119e-05,8.518434524536133
1,6523,train,1.6682084798812866,1.7968910850319127e-05,10.009112358093262
1,6524,train,2.2605433464050293,1.796376364010706e-05,9.223233222961426
1,6525,train,1.1072335243225098,1.7958616429895e-05,6.5562214851379395
1,6526,train,1.3678950071334839,1.7953469219682933e-05,9.471115112304688
1,6527,train,1.1009877920150757,1.7948322009470868e-05,8.675676345825195
1,6528,train,1.073930263519287,1.7943174799258805e-05,6.891894817352295
1,6529,train,1.6145646572113037,1.7938027589046736e-05,8.505993843078613
1,6530,train,2.079174518585205,1.793288037883467e-05,11.461112976074219
1,6531,train,1.8170500993728638,1.7927733168622608e-05,11.243476867675781
1,6532,train,1.2031742334365845,1.7922585958410542e-05,7.834560394287109
1,6533,train,2.123046875,1.791743874819848e-05,10.528976440429688
1,6534,train,1.8214211463928223,1.7912291537986414e-05,7.824306488037109
1,6535,train,1.4180339574813843,1.7907144327774344e-05,9.176773071289062
1,6536,train,1.8368539810180664,1.790199711756228e-05,10.829952239990234
1,6537,train,1.2910263538360596,1.7896849907350216e-05,8.208024978637695
1,6538,train,0.9448772668838501,1.789170269713815e-05,7.804123401641846
1,6539,train,2.2021899223327637,1.7886555486926088e-05,14.436477661132812
1,6540,train,1.0133470296859741,1.7881408276714022e-05,7.867552280426025
1,6541,train,1.3730895519256592,1.787626106650196e-05,11.301253318786621
1,6542,train,1.421630859375,1.787111385628989e-05,7.897314548492432
1,6543,train,1.2466871738433838,1.7865966646077825e-05,7.88030481338501
1,6544,train,2.0330123901367188,1.7860819435865762e-05,10.053732872009277
1,6545,train,1.5162513256072998,1.7855672225653696e-05,8.197022438049316
1,6546,train,1.6181541681289673,1.7850525015441634e-05,8.08758544921875
1,6547,train,1.0249254703521729,1.7845377805229568e-05,6.506687164306641
1,6548,train,0.8324444890022278,1.78402305950175e-05,6.087438583374023
1,6549,train,1.9273316860198975,1.7835083384805433e-05,8.211052894592285
1,6550,train,1.1465785503387451,1.782993617459337e-05,9.295552253723145
1,6551,train,1.6324293613433838,1.7824788964381305e-05,8.635355949401855
1,6552,train,1.6638747453689575,1.7819641754169242e-05,8.629450798034668
1,6553,train,1.3728278875350952,1.7814494543957177e-05,7.856820106506348
1,6554,train,1.3314011096954346,1.7809347333745114e-05,7.821976661682129
1,6555,train,1.4518100023269653,1.7804200123533045e-05,6.565422058105469
1,6556,train,1.8412405252456665,1.779905291332098e-05,14.019335746765137
1,6557,train,1.8785195350646973,1.7793905703108917e-05,10.57988452911377
1,6558,train,1.7546582221984863,1.778875849289685e-05,10.113337516784668
1,6559,train,1.8545206785202026,1.778361128268479e-05,10.826659202575684
1,6560,train,1.395331621170044,1.7778464072472723e-05,9.821321487426758
1,6561,train,1.7432719469070435,1.7773316862260657e-05,9.925463676452637
1,6562,train,1.5666314363479614,1.7768169652048588e-05,9.134353637695312
1,6563,train,1.0235106945037842,1.7763022441836525e-05,6.758514881134033
1,6564,train,1.6523617506027222,1.775787523162446e-05,9.506346702575684
1,6565,train,0.8636103272438049,1.7752728021412397e-05,6.902822971343994
1,6566,train,1.5234347581863403,1.774758081120033e-05,9.283544540405273
1,6567,train,1.0970476865768433,1.774243360098827e-05,8.429326057434082
1,6568,train,1.8473201990127563,1.77372863907762e-05,9.033148765563965
1,6569,train,0.9470620155334473,1.7732139180564134e-05,6.853550434112549
1,6570,train,1.5401427745819092,1.7726991970352068e-05,10.544204711914062
1,6571,train,1.7362396717071533,1.7721844760140005e-05,9.634203910827637
1,6572,train,1.437914490699768,1.771669754992794e-05,12.939058303833008
1,6573,train,1.2748039960861206,1.7711550339715877e-05,7.263332843780518
1,6574,train,1.657704472541809,1.770640312950381e-05,9.564733505249023
1,6575,train,0.9820110201835632,1.7701255919291742e-05,7.851814270019531
1,6576,train,1.9146651029586792,1.769610870907968e-05,10.263813018798828
1,6577,train,1.6023352146148682,1.7690961498867614e-05,10.888343811035156
1,6578,train,1.0642504692077637,1.768581428865555e-05,7.516059398651123
1,6579,train,1.1132233142852783,1.7680667078443485e-05,6.847163677215576
1,6580,train,1.3178044557571411,1.7675519868231423e-05,7.941692352294922
1,6581,train,1.769861102104187,1.767037265801935e-05,8.274173736572266
1,6582,train,0.8521687388420105,1.7665225447807288e-05,6.551224231719971
1,6583,train,1.5143749713897705,1.7660078237595222e-05,9.742701530456543
1,6584,train,1.324643611907959,1.765493102738316e-05,6.715505599975586
1,6585,train,1.9229826927185059,1.7649783817171094e-05,9.781998634338379
1,6586,train,1.2761554718017578,1.764463660695903e-05,7.825969219207764
1,6587,train,1.6813688278198242,1.7639489396746966e-05,9.235596656799316
1,6588,train,1.4709869623184204,1.7634342186534896e-05,8.178744316101074
1,6589,train,0.9536972641944885,1.7629194976322834e-05,6.549532413482666
1,6590,train,0.8642096519470215,1.7624047766110768e-05,6.432322978973389
1,6591,train,1.218211054801941,1.7618900555898706e-05,9.318608283996582
1,6592,train,0.7950419187545776,1.761375334568664e-05,6.499024391174316
1,6593,train,1.5122822523117065,1.7608606135474574e-05,9.243992805480957
1,6594,train,1.9579871892929077,1.7603458925262505e-05,9.757129669189453
1,6595,train,1.6412016153335571,1.7598311715050442e-05,8.754714012145996
1,6596,train,1.296827793121338,1.7593164504838377e-05,8.223576545715332
1,6597,train,1.7821253538131714,1.7588017294626314e-05,10.331171989440918
1,6598,train,1.430484414100647,1.758287008441425e-05,7.475172996520996
1,6599,train,1.0959118604660034,1.7577722874202186e-05,7.621625900268555
1,6600,train,1.9644798040390015,1.757257566399012e-05,10.040438652038574
1,6601,train,1.7123874425888062,1.756742845377805e-05,8.78555965423584
1,6602,train,1.5596961975097656,1.7562281243565985e-05,9.00529670715332
1,6603,train,1.8975045680999756,1.7557134033353923e-05,12.224235534667969
1,6604,train,0.9274006485939026,1.7551986823141857e-05,8.286206245422363
1,6605,train,1.5198450088500977,1.7546839612929794e-05,9.141366004943848
1,6606,train,1.8737908601760864,1.754169240271773e-05,11.408738136291504
1,6607,train,1.4392244815826416,1.753654519250566e-05,9.373900413513184
1,6608,train,0.9837453365325928,1.7531397982293597e-05,6.099350929260254
1,6609,train,1.1695672273635864,1.752625077208153e-05,9.018179893493652
1,6610,train,1.5619828701019287,1.752110356186947e-05,8.759634971618652
1,6611,train,2.4762232303619385,1.7515956351657403e-05,11.430444717407227
1,6612,train,1.5472019910812378,1.751080914144534e-05,12.412439346313477
1,6613,train,1.7715953588485718,1.7505661931233275e-05,11.267597198486328
1,6614,train,2.1417882442474365,1.7500514721021205e-05,11.624464988708496
1,6615,train,2.086695671081543,1.749536751080914e-05,14.388011932373047
1,6616,train,1.4126250743865967,1.7490220300597077e-05,8.725387573242188
1,6617,train,1.375256896018982,1.748507309038501e-05,9.291936874389648
1,6618,train,1.8213715553283691,1.747992588017295e-05,11.784899711608887
1,6619,train,1.4643583297729492,1.7474778669960883e-05,7.795341968536377
1,6620,train,1.5823675394058228,1.7469631459748814e-05,8.993372917175293
1,6621,train,1.931175947189331,1.746448424953675e-05,9.742980003356934
1,6622,train,1.703845739364624,1.7459337039324686e-05,10.526961326599121
1,6623,train,1.5242384672164917,1.7454189829112623e-05,8.19511604309082
1,6624,train,0.9717336297035217,1.7449042618900557e-05,5.74782657623291
1,6625,train,1.700954556465149,1.744389540868849e-05,8.33315372467041
1,6626,train,1.5285522937774658,1.743874819847643e-05,10.17306900024414
1,6627,train,0.8683440089225769,1.743360098826436e-05,5.7153191566467285
1,6628,train,1.1933833360671997,1.7428453778052294e-05,10.005905151367188
1,6629,train,1.882110595703125,1.742330656784023e-05,8.646417617797852
1,6630,train,1.7492340803146362,1.7418159357628166e-05,10.676735877990723
1,6631,train,1.354297399520874,1.7413012147416103e-05,6.2616496086120605
1,6632,train,1.4944497346878052,1.7407864937204038e-05,7.61747407913208
1,6633,train,1.7995318174362183,1.7402717726991975e-05,10.65015697479248
1,6634,train,1.841881275177002,1.7397570516779902e-05,11.56715202331543
1,6635,train,1.0034632682800293,1.739242330656784e-05,8.263402938842773
1,6636,train,0.961461067199707,1.7387276096355774e-05,10.361995697021484
1,6637,train,1.7009103298187256,1.7382128886143712e-05,9.674314498901367
1,6638,train,1.3967934846878052,1.7376981675931646e-05,9.789773941040039
1,6639,train,1.7506659030914307,1.7371834465719584e-05,8.134305953979492
1,6640,train,0.9924843311309814,1.7366687255507514e-05,6.757739067077637
1,6641,train,1.1999489068984985,1.736154004529545e-05,8.564900398254395
1,6642,train,1.7834110260009766,1.7356392835083386e-05,8.977388381958008
1,6643,train,1.8713175058364868,1.735124562487132e-05,12.974618911743164
1,6644,train,1.2372249364852905,1.7346098414659258e-05,8.468806266784668
1,6645,train,1.3770756721496582,1.7340951204447192e-05,7.661319732666016
1,6646,train,1.1736620664596558,1.733580399423513e-05,6.6279988288879395
1,6647,train,1.7268956899642944,1.7330656784023057e-05,8.950772285461426
1,6648,train,1.800524353981018,1.7325509573810995e-05,13.176264762878418
1,6649,train,2.268204689025879,1.732036236359893e-05,10.36120891571045
1,6650,train,1.7169897556304932,1.7315215153386866e-05,10.649720191955566
1,6651,train,1.1507104635238647,1.73100679431748e-05,7.699252605438232
1,6652,train,1.3858481645584106,1.7304920732962738e-05,8.654356956481934
1,6653,train,1.4008947610855103,1.729977352275067e-05,8.38430118560791
1,6654,train,1.9008071422576904,1.7294626312538603e-05,7.546324729919434
1,6655,train,0.9862925410270691,1.728947910232654e-05,9.377735137939453
1,6656,train,1.0977674722671509,1.7284331892114475e-05,8.135865211486816
1,6657,train,1.332261323928833,1.727918468190241e-05,8.638416290283203
1,6658,train,1.6298030614852905,1.7274037471690346e-05,9.309852600097656
1,6659,train,1.7119252681732178,1.726889026147828e-05,9.423808097839355
1,6660,train,1.7005802392959595,1.726374305126621e-05,8.680180549621582
1,6661,train,1.3886432647705078,1.725859584105415e-05,8.909546852111816
1,6662,train,1.210539698600769,1.7253448630842083e-05,7.813229084014893
1,6663,train,1.199332594871521,1.724830142063002e-05,8.832472801208496
1,6664,train,1.8107234239578247,1.7243154210417955e-05,10.868603706359863
1,6665,train,1.5954755544662476,1.7238007000205892e-05,7.657301902770996
1,6666,train,1.5232019424438477,1.723285978999382e-05,8.61980152130127
1,6667,train,1.6240063905715942,1.7227712579781757e-05,8.945570945739746
1,6668,train,1.7883195877075195,1.722256536956969e-05,11.06249713897705
1,6669,train,0.9634691476821899,1.721741815935763e-05,7.942844867706299
1,6670,train,1.2513291835784912,1.7212270949145563e-05,7.966050624847412
1,6671,train,1.4288362264633179,1.72071237389335e-05,7.54865837097168
1,6672,train,1.1268855333328247,1.7201976528721435e-05,9.116406440734863
1,6673,train,1.6994514465332031,1.7196829318509366e-05,10.22372055053711
1,6674,train,1.743755578994751,1.7191682108297303e-05,14.419800758361816
1,6675,train,1.4365824460983276,1.7186534898085238e-05,7.441675662994385
1,6676,train,1.0957393646240234,1.7181387687873175e-05,14.849884986877441
1,6676,val,2.521769296889212,1.7181387687873175e-05,
2,6677,train,1.6291625499725342,1.717624047766111e-05,10.391742706298828
2,6678,train,1.3267184495925903,1.7171093267449047e-05,8.852499961853027
2,6679,train,1.3144673109054565,1.7165946057236974e-05,10.093289375305176
2,6680,train,1.321926474571228,1.7160798847024912e-05,7.936087608337402
2,6681,train,1.788802981376648,1.7155651636812846e-05,11.9985933303833
2,6682,train,2.042745351791382,1.7150504426600784e-05,11.38044548034668
2,6683,train,1.3548545837402344,1.7145357216388718e-05,7.976563930511475
2,6684,train,1.003078579902649,1.7140210006176655e-05,5.85953950881958
2,6685,train,0.9620998501777649,1.713506279596459e-05,7.698183536529541
2,6686,train,0.8625361919403076,1.712991558575252e-05,6.378424644470215
2,6687,train,0.8469588756561279,1.7124768375540458e-05,7.426279067993164
2,6688,train,1.1833765506744385,1.7119621165328392e-05,8.794145584106445
2,6689,train,1.0907726287841797,1.711447395511633e-05,7.987891674041748
2,6690,train,0.6956719756126404,1.7109326744904264e-05,7.1626386642456055
2,6691,train,1.031625509262085,1.7104179534692198e-05,6.557610511779785
2,6692,train,1.1380535364151,1.709903232448013e-05,8.204673767089844
2,6693,train,1.317931890487671,1.7093885114268066e-05,10.669014930725098
2,6694,train,0.8050158619880676,1.7088737904056e-05,6.521877288818359
2,6695,train,1.093038558959961,1.7083590693843938e-05,7.4581451416015625
2,6696,train,0.7790071368217468,1.7078443483631872e-05,5.589019298553467
2,6697,train,1.1340433359146118,1.707329627341981e-05,8.948710441589355
2,6698,train,1.8150578737258911,1.7068149063207744e-05,11.718603134155273
2,6699,train,1.2242958545684814,1.7063001852995675e-05,9.020668983459473
2,6700,train,1.4769930839538574,1.705785464278361e-05,10.997848510742188
2,6701,train,1.9440300464630127,1.7052707432571547e-05,10.77235221862793
2,6702,train,0.8647131323814392,1.704756022235948e-05,6.245245933532715
2,6703,train,1.1684551239013672,1.704241301214742e-05,9.156523704528809
2,6704,train,1.0917785167694092,1.7037265801935352e-05,7.43488073348999
2,6705,train,0.8681841492652893,1.703211859172329e-05,6.779388427734375
2,6706,train,0.5983113646507263,1.702697138151122e-05,5.553376197814941
2,6707,train,0.7643373012542725,1.7021824171299155e-05,6.485849857330322
2,6708,train,1.267074704170227,1.7016676961087093e-05,10.778523445129395
2,6709,train,0.7070799469947815,1.7011529750875027e-05,5.71256685256958
2,6710,train,1.0760270357131958,1.7006382540662964e-05,7.974521160125732
2,6711,train,0.7128462195396423,1.70012353304509e-05,7.10945463180542
2,6712,train,0.5949987769126892,1.699608812023883e-05,5.645137310028076
2,6713,train,1.5083973407745361,1.6990940910026763e-05,11.808541297912598
2,6714,train,1.2836110591888428,1.69857936998147e-05,9.569819450378418
2,6715,train,0.9660331606864929,1.6980646489602635e-05,8.148653030395508
2,6716,train,1.2910518646240234,1.6975499279390573e-05,9.349611282348633
2,6717,train,1.425620198249817,1.6970352069178507e-05,11.687087059020996
2,6718,train,1.1711584329605103,1.6965204858966445e-05,9.382089614868164
2,6719,train,1.3296732902526855,1.6960057648754375e-05,10.771639823913574
2,6720,train,1.2239118814468384,1.695491043854231e-05,8.842711448669434
2,6721,train,0.9126299619674683,1.6949763228330247e-05,7.336238384246826
2,6722,train,1.47029447555542,1.694461601811818e-05,12.078937530517578
2,6723,train,0.8340820074081421,1.6939468807906115e-05,7.624872207641602
2,6724,train,0.9218050241470337,1.6934321597694053e-05,9.485095977783203
2,6725,train,1.30939519405365,1.6929174387481984e-05,11.630120277404785
2,6726,train,0.7358187437057495,1.6924027177269918e-05,7.788543701171875
2,6727,train,1.385676622390747,1.6918879967057856e-05,10.385265350341797
2,6728,train,0.8476873636245728,1.691373275684579e-05,5.822700500488281
2,6729,train,0.8788700699806213,1.6908585546633727e-05,6.292703151702881
2,6730,train,1.78330659866333,1.690343833642166e-05,11.197661399841309
2,6731,train,1.3201936483383179,1.68982911262096e-05,11.102522850036621
2,6732,train,0.8382931351661682,1.6893143915997526e-05,7.045821666717529
2,6733,train,1.0532991886138916,1.6887996705785464e-05,8.122507095336914
2,6734,train,0.9667375087738037,1.6882849495573398e-05,8.766014099121094
2,6735,train,1.0363985300064087,1.6877702285361336e-05,7.670548915863037
2,6736,train,1.1452680826187134,1.687255507514927e-05,9.698718070983887
2,6737,train,0.8309008479118347,1.6867407864937207e-05,5.93821907043457
2,6738,train,0.980806827545166,1.6862260654725138e-05,9.42784309387207
2,6739,train,0.8116627931594849,1.6857113444513072e-05,9.498738288879395
2,6740,train,1.063828468322754,1.685196623430101e-05,8.542184829711914
2,6741,train,1.5090506076812744,1.6846819024088944e-05,9.232799530029297
2,6742,train,0.7488151788711548,1.6841671813876882e-05,5.681009769439697
2,6743,train,0.6744164228439331,1.6836524603664816e-05,6.818393707275391
2,6744,train,1.0256255865097046,1.6831377393452753e-05,11.001004219055176
2,6745,train,0.7425277233123779,1.682623018324068e-05,7.567834854125977
2,6746,train,1.9243954420089722,1.682108297302862e-05,14.70709228515625
2,6747,train,1.231132984161377,1.6815935762816553e-05,8.756641387939453
2,6748,train,1.001667857170105,1.681078855260449e-05,8.895831108093262
2,6749,train,1.7775408029556274,1.6805641342392424e-05,13.310237884521484
2,6750,train,0.8068669438362122,1.6800494132180362e-05,8.055036544799805
2,6751,train,1.268741488456726,1.6795346921968293e-05,9.667279243469238
2,6752,train,0.7984784841537476,1.6790199711756227e-05,7.805729389190674
2,6753,train,0.6462413668632507,1.6785052501544164e-05,5.27557373046875
2,6754,train,0.7420737147331238,1.67799052913321e-05,5.858285903930664
2,6755,train,1.087729811668396,1.6774758081120033e-05,8.91429328918457
2,6756,train,1.3553383350372314,1.676961087090797e-05,11.179129600524902
2,6757,train,1.2978805303573608,1.6764463660695905e-05,9.381645202636719
2,6758,train,0.821993350982666,1.6759316450483835e-05,7.903757095336914
2,6759,train,1.489638328552246,1.6754169240271773e-05,11.192961692810059
2,6760,train,0.7686198949813843,1.6749022030059707e-05,7.980595588684082
2,6761,train,1.069724440574646,1.6743874819847645e-05,9.095091819763184
2,6762,train,1.6571446657180786,1.673872760963558e-05,10.120659828186035
2,6763,train,1.1580896377563477,1.6733580399423516e-05,10.323150634765625
2,6764,train,1.0350725650787354,1.6728433189211444e-05,8.77470588684082
2,6765,train,1.33800208568573,1.672328597899938e-05,9.92973518371582
2,6766,train,1.7135918140411377,1.6718138768787316e-05,12.68529987335205
2,6767,train,1.4448935985565186,1.6712991558575253e-05,11.483128547668457
2,6768,train,1.3476239442825317,1.6707844348363187e-05,9.939380645751953
2,6769,train,1.4251359701156616,1.6702697138151125e-05,9.788427352905273
2,6770,train,0.9769170880317688,1.669754992793906e-05,8.640568733215332
2,6771,train,0.7666770815849304,1.669240271772699e-05,8.407673835754395
2,6772,train,1.1662763357162476,1.6687255507514927e-05,8.036168098449707
2,6773,train,0.8898156881332397,1.668210829730286e-05,7.998220920562744
2,6774,train,1.1688028573989868,1.66769610870908e-05,10.847824096679688
2,6775,train,0.7032556533813477,1.6671813876878733e-05,7.3902974128723145
2,6776,train,1.0609416961669922,1.666666666666667e-05,9.876468658447266
2,6777,train,1.211443305015564,1.6661519456454605e-05,9.395195007324219
2,6778,train,1.3027575016021729,1.6656372246242536e-05,10.592323303222656
2,6779,train,0.9320427775382996,1.665122503603047e-05,6.897990703582764
2,6780,train,1.0191739797592163,1.6646077825818408e-05,8.608548164367676
2,6781,train,1.2793009281158447,1.6640930615606342e-05,10.866926193237305
2,6782,train,1.3470144271850586,1.663578340539428e-05,11.786005973815918
2,6783,train,1.582369089126587,1.6630636195182213e-05,11.630722999572754
2,6784,train,1.0219461917877197,1.6625488984970144e-05,7.367607593536377
2,6785,train,1.1925055980682373,1.6620341774758082e-05,9.392144203186035
2,6786,train,1.4672566652297974,1.6615194564546016e-05,12.005955696105957
2,6787,train,1.510111927986145,1.661004735433395e-05,11.664727210998535
2,6788,train,1.4981650114059448,1.6604900144121888e-05,12.187273979187012
2,6789,train,0.8703969120979309,1.6599752933909822e-05,7.265355110168457
2,6790,train,0.8597062230110168,1.659460572369776e-05,7.830323696136475
2,6791,train,0.9454315900802612,1.658945851348569e-05,9.303577423095703
2,6792,train,1.189293622970581,1.6584311303273624e-05,10.424962043762207
2,6793,train,0.87137770652771,1.6579164093061562e-05,7.672979831695557
2,6794,train,1.1664068698883057,1.6574016882849496e-05,9.929695129394531
2,6795,train,1.1285645961761475,1.6568869672637434e-05,9.023847579956055
2,6796,train,1.0353409051895142,1.6563722462425368e-05,7.21129035949707
2,6797,train,1.7729535102844238,1.65585752522133e-05,14.790148735046387
2,6798,train,0.5996178984642029,1.6553428042001233e-05,5.851900577545166
2,6799,train,0.5932158827781677,1.654828083178917e-05,5.933169841766357
2,6800,train,1.4245492219924927,1.6543133621577105e-05,11.058549880981445
2,6801,train,0.9441326260566711,1.6537986411365042e-05,7.949671268463135
2,6802,train,0.9199228882789612,1.6532839201152976e-05,9.5370512008667
2,6803,train,1.4324837923049927,1.6527691990940914e-05,12.029930114746094
2,6804,train,0.9912502765655518,1.6522544780728845e-05,8.122770309448242
2,6805,train,1.4259289503097534,1.651739757051678e-05,11.698233604431152
2,6806,train,1.6370415687561035,1.6512250360304717e-05,10.54792308807373
2,6807,train,1.0837258100509644,1.650710315009265e-05,8.34404468536377
2,6808,train,0.9254187345504761,1.6501955939880588e-05,7.666121959686279
2,6809,train,1.1398978233337402,1.6496808729668522e-05,10.616362571716309
2,6810,train,1.0457618236541748,1.6491661519456453e-05,8.788213729858398
2,6811,train,1.092165231704712,1.6486514309244387e-05,9.41286563873291
2,6812,train,0.6944826245307922,1.6481367099032325e-05,7.019772052764893
2,6813,train,1.1481375694274902,1.647621988882026e-05,9.362630844116211
2,6814,train,0.9384049773216248,1.6471072678608197e-05,8.094876289367676
2,6815,train,0.8534643054008484,1.646592546839613e-05,7.716341972351074
2,6816,train,1.090816617012024,1.646077825818407e-05,8.747320175170898
2,6817,train,1.0176308155059814,1.6455631047972e-05,8.557125091552734
2,6818,train,1.3370964527130127,1.6450483837759933e-05,12.714197158813477
2,6819,train,0.9057178497314453,1.644533662754787e-05,10.251108169555664
2,6820,train,1.0746455192565918,1.6440189417335805e-05,8.692950248718262
2,6821,train,1.0663881301879883,1.643504220712374e-05,8.816350936889648
2,6822,train,0.9725342392921448,1.6429894996911677e-05,8.261905670166016
2,6823,train,1.2655174732208252,1.6424747786699608e-05,10.5128173828125
2,6824,train,1.0967448949813843,1.6419600576487542e-05,9.405143737792969
2,6825,train,1.0285704135894775,1.641445336627548e-05,8.273102760314941
2,6826,train,1.1389315128326416,1.6409306156063414e-05,11.845230102539062
2,6827,train,1.408467173576355,1.640415894585135e-05,10.89101791381836
2,6828,train,1.0639547109603882,1.6399011735639285e-05,8.826704978942871
2,6829,train,0.8043232560157776,1.6393864525427223e-05,6.524446487426758
2,6830,train,1.4476715326309204,1.638871731521515e-05,13.746590614318848
2,6831,train,0.6698853373527527,1.6383570105003088e-05,5.9072041511535645
2,6832,train,1.1631827354431152,1.6378422894791022e-05,11.479094505310059
2,6833,train,1.3916535377502441,1.637327568457896e-05,12.349562644958496
2,6834,train,0.7619693279266357,1.6368128474366894e-05,6.2396087646484375
2,6835,train,0.633414626121521,1.636298126415483e-05,6.541053295135498
2,6836,train,1.083147406578064,1.6357834053942766e-05,9.368062019348145
2,6837,train,1.5658543109893799,1.6352686843730696e-05,13.141450881958008
2,6838,train,0.620927095413208,1.6347539633518634e-05,6.006753921508789
2,6839,train,0.970721960067749,1.6342392423306568e-05,9.940857887268066
2,6840,train,1.1421278715133667,1.6337245213094506e-05,9.60278606414795
2,6841,train,1.097395420074463,1.633209800288244e-05,9.016012191772461
2,6842,train,1.2133992910385132,1.6326950792670377e-05,9.55510425567627
2,6843,train,0.8730819225311279,1.6321803582458305e-05,7.679017543792725
2,6844,train,1.440891981124878,1.6316656372246242e-05,10.670001029968262
2,6845,train,1.2450425624847412,1.6311509162034177e-05,9.032611846923828
2,6846,train,1.3162015676498413,1.6306361951822114e-05,8.686771392822266
2,6847,train,0.7091789841651917,1.6301214741610048e-05,6.583288669586182
2,6848,train,0.9595237970352173,1.6296067531397986e-05,6.7281928062438965
2,6849,train,1.7850751876831055,1.629092032118592e-05,14.377948760986328
2,6850,train,1.1901013851165771,1.628577311097385e-05,9.165143013000488
2,6851,train,1.2755838632583618,1.628062590076179e-05,11.697683334350586
2,6852,train,1.3303794860839844,1.6275478690549723e-05,10.27491569519043
2,6853,train,1.358076572418213,1.6270331480337657e-05,9.05892562866211
2,6854,train,1.7297395467758179,1.6265184270125594e-05,13.244099617004395
2,6855,train,1.1048394441604614,1.626003705991353e-05,8.995172500610352
2,6856,train,0.9949499368667603,1.625488984970146e-05,9.032386779785156
2,6857,train,0.967900812625885,1.6249742639489397e-05,6.5113654136657715
2,6858,train,1.122452735900879,1.624459542927733e-05,9.381112098693848
2,6859,train,1.3001973628997803,1.623944821906527e-05,10.090638160705566
2,6860,train,0.8136972188949585,1.6234301008853203e-05,7.174652576446533
2,6861,train,1.3153551816940308,1.622915379864114e-05,12.434480667114258
2,6862,train,1.4474848508834839,1.6224006588429074e-05,10.609424591064453
2,6863,train,1.5901108980178833,1.6218859378217005e-05,14.194766998291016
2,6864,train,1.034467101097107,1.621371216800494e-05,8.577896118164062
2,6865,train,1.431432843208313,1.6208564957792877e-05,11.989432334899902
2,6866,train,1.0307923555374146,1.620341774758081e-05,9.90531063079834
2,6867,train,1.266597867012024,1.619827053736875e-05,11.038297653198242
2,6868,train,1.0920625925064087,1.6193123327156683e-05,9.592633247375488
2,6869,train,0.7514843940734863,1.6187976116944614e-05,7.340736389160156
2,6870,train,0.695436418056488,1.618282890673255e-05,6.326095104217529
2,6871,train,1.0921847820281982,1.6177681696520485e-05,8.735424995422363
2,6872,train,1.323341965675354,1.6172534486308423e-05,10.854715347290039
2,6873,train,0.8962063789367676,1.6167387276096357e-05,8.465039253234863
2,6874,train,1.139233112335205,1.6162240065884295e-05,8.280552864074707
2,6875,train,0.8662112355232239,1.615709285567223e-05,6.90523624420166
2,6876,train,1.1868267059326172,1.615194564546016e-05,7.341643810272217
2,6877,train,1.0988095998764038,1.6146798435248094e-05,10.165556907653809
2,6878,train,1.3576302528381348,1.614165122503603e-05,8.571969032287598
2,6879,train,1.0867608785629272,1.6136504014823966e-05,9.143411636352539
2,6880,train,1.1492592096328735,1.6131356804611903e-05,11.062189102172852
2,6881,train,1.559093952178955,1.6126209594399837e-05,12.1233491897583
2,6882,train,1.2993768453598022,1.6121062384187768e-05,10.56518268585205
2,6883,train,0.5989428758621216,1.6115915173975706e-05,5.016901969909668
2,6884,train,1.718151330947876,1.611076796376364e-05,11.576274871826172
2,6885,train,1.557125210762024,1.6105620753551574e-05,10.800101280212402
2,6886,train,1.0103909969329834,1.610047354333951e-05,7.780981063842773
2,6887,train,1.4466941356658936,1.6095326333127446e-05,12.455841064453125
2,6888,train,1.2925304174423218,1.6090179122915383e-05,9.262627601623535
2,6889,train,0.602719783782959,1.6085031912703314e-05,5.793567180633545
2,6890,train,0.7887337803840637,1.607988470249125e-05,11.165982246398926
2,6891,train,1.8533809185028076,1.6074737492279186e-05,12.98892593383789
2,6892,train,1.3155206441879272,1.606959028206712e-05,9.69223403930664
2,6893,train,1.4812995195388794,1.6064443071855058e-05,10.992631912231445
2,6894,train,1.2853713035583496,1.6059295861642992e-05,10.1990385055542
2,6895,train,1.2049673795700073,1.6054148651430923e-05,10.285911560058594
2,6896,train,1.1702500581741333,1.6049001441218857e-05,10.143536567687988
2,6897,train,1.5090738534927368,1.6043854231006794e-05,9.36689281463623
2,6898,train,1.155759334564209,1.603870702079473e-05,9.661664962768555
2,6899,train,0.9425988793373108,1.6033559810582666e-05,7.566186904907227
2,6900,train,0.8096226453781128,1.60284126003706e-05,7.734102725982666
2,6901,train,0.9539225101470947,1.6023265390158538e-05,8.820748329162598
2,6902,train,1.2344523668289185,1.601811817994647e-05,9.572139739990234
2,6903,train,1.3983862400054932,1.6012970969734403e-05,10.049577713012695
2,6904,train,0.802445113658905,1.600782375952234e-05,6.524837017059326
2,6905,train,1.6509320735931396,1.6002676549310275e-05,11.179896354675293
2,6906,train,1.252751350402832,1.5997529339098212e-05,11.034074783325195
2,6907,train,0.8697835803031921,1.5992382128886146e-05,8.071118354797363
2,6908,train,1.2909648418426514,1.598723491867408e-05,12.22838306427002
2,6909,train,1.2211940288543701,1.598208770846201e-05,10.8518648147583
2,6910,train,0.8526186943054199,1.597694049824995e-05,7.845016002655029
2,6911,train,1.0292702913284302,1.5971793288037883e-05,9.121464729309082
2,6912,train,1.538858413696289,1.596664607782582e-05,9.364155769348145
2,6913,train,1.0243747234344482,1.5961498867613755e-05,8.46138858795166
2,6914,train,1.2744314670562744,1.5956351657401692e-05,8.88726806640625
2,6915,train,0.6606222987174988,1.5951204447189623e-05,5.9718403816223145
2,6916,train,1.3262009620666504,1.5946057236977557e-05,9.488475799560547
2,6917,train,0.9325640797615051,1.594091002676549e-05,8.255924224853516
2,6918,train,1.4964288473129272,1.593576281655343e-05,10.677578926086426
2,6919,train,1.3040704727172852,1.5930615606341363e-05,10.209575653076172
2,6920,train,1.240338683128357,1.59254683961293e-05,9.307513236999512
2,6921,train,1.3025717735290527,1.5920321185917235e-05,10.154195785522461
2,6922,train,1.2087721824645996,1.5915173975705166e-05,9.533973693847656
2,6923,train,0.9216716885566711,1.5910026765493103e-05,5.958068370819092
2,6924,train,1.162542700767517,1.5904879555281038e-05,8.873340606689453
2,6925,train,1.3595572710037231,1.5899732345068975e-05,9.580745697021484
2,6926,train,1.146251916885376,1.589458513485691e-05,9.966404914855957
2,6927,train,1.2799339294433594,1.5889437924644847e-05,10.026272773742676
2,6928,train,1.179391622543335,1.5884290714432774e-05,9.831756591796875
2,6929,train,1.2910195589065552,1.5879143504220712e-05,10.573067665100098
2,6930,train,1.3352326154708862,1.5873996294008646e-05,10.930838584899902
2,6931,train,1.3401367664337158,1.5868849083796584e-05,9.806775093078613
2,6932,train,0.9167827367782593,1.5863701873584518e-05,7.521753311157227
2,6933,train,1.0764464139938354,1.5858554663372455e-05,10.067972183227539
2,6934,train,0.9153982400894165,1.585340745316039e-05,6.826582908630371
2,6935,train,1.059842824935913,1.584826024294832e-05,7.783423900604248
2,6936,train,1.3176912069320679,1.5843113032736258e-05,10.576902389526367
2,6937,train,0.8866335153579712,1.5837965822524192e-05,8.034895896911621
2,6938,train,0.9849653244018555,1.583281861231213e-05,8.33873176574707
2,6939,train,1.1914024353027344,1.5827671402100064e-05,10.15105152130127
2,6940,train,1.3332200050354004,1.5822524191888e-05,10.4096097946167
2,6941,train,0.8415568470954895,1.581737698167593e-05,7.61514949798584
2,6942,train,0.9629123210906982,1.5812229771463866e-05,7.9015045166015625
2,6943,train,1.069694995880127,1.58070825612518e-05,8.531343460083008
2,6944,train,1.0069050788879395,1.5801935351039738e-05,7.783481121063232
2,6945,train,0.9152288436889648,1.5796788140827672e-05,8.370448112487793
2,6946,train,0.782307505607605,1.579164093061561e-05,6.901181697845459
2,6947,train,0.6859211325645447,1.5786493720403544e-05,5.670436382293701
2,6948,train,0.6905017495155334,1.5781346510191475e-05,6.437252521514893
2,6949,train,0.9251967072486877,1.5776199299979412e-05,8.637666702270508
2,6950,train,1.6319866180419922,1.5771052089767346e-05,14.058815956115723
2,6951,train,0.8163270950317383,1.576590487955528e-05,8.924051284790039
2,6952,train,0.7261407971382141,1.5760757669343218e-05,6.857624053955078
2,6953,train,1.0199376344680786,1.5755610459131152e-05,9.008597373962402
2,6954,train,1.148087739944458,1.5750463248919083e-05,10.336546897888184
2,6955,train,1.1764473915100098,1.574531603870702e-05,9.863734245300293
2,6956,train,0.7856377959251404,1.5740168828494955e-05,7.070542812347412
2,6957,train,1.7420886754989624,1.5735021618282892e-05,13.6863431930542
2,6958,train,1.0168496370315552,1.5729874408070827e-05,9.1256103515625
2,6959,train,1.1266580820083618,1.5724727197858764e-05,9.168333053588867
2,6960,train,0.6835734248161316,1.57195799876467e-05,6.44606351852417
2,6961,train,1.2686735391616821,1.571443277743463e-05,10.303356170654297
2,6962,train,0.9007681012153625,1.5709285567222563e-05,7.843080997467041
2,6963,train,1.4610098600387573,1.57041383570105e-05,10.561519622802734
2,6964,train,1.9936975240707397,1.5698991146798435e-05,14.35202693939209
2,6965,train,1.590095043182373,1.5693843936586373e-05,14.006941795349121
2,6966,train,1.6041605472564697,1.5688696726374307e-05,12.422503471374512
2,6967,train,1.0931133031845093,1.5683549516162238e-05,9.289266586303711
2,6968,train,1.2692397832870483,1.5678402305950175e-05,9.617081642150879
2,6969,train,1.3478766679763794,1.567325509573811e-05,10.951521873474121
2,6970,train,1.285050630569458,1.5668107885526047e-05,11.561338424682617
2,6971,train,1.3600486516952515,1.566296067531398e-05,10.891670227050781
2,6972,train,0.8478329181671143,1.565781346510192e-05,7.8812255859375
2,6973,train,1.1447910070419312,1.5652666254889853e-05,9.696011543273926
2,6974,train,0.9409611225128174,1.5647519044677784e-05,8.43790340423584
2,6975,train,0.9952066540718079,1.5642371834465718e-05,10.618945121765137
2,6976,train,1.7609463930130005,1.5637224624253655e-05,12.710920333862305
2,6977,train,1.3227661848068237,1.563207741404159e-05,11.390010833740234
2,6978,train,1.2797743082046509,1.5626930203829527e-05,8.573179244995117
2,6979,train,1.247090458869934,1.562178299361746e-05,11.160797119140625
2,6980,train,1.275051236152649,1.56166357834054e-05,8.820640563964844
2,6981,train,0.9150856137275696,1.561148857319333e-05,8.241378784179688
2,6982,train,1.3636412620544434,1.5606341362981264e-05,9.910958290100098
2,6983,train,1.576257586479187,1.5601194152769198e-05,11.73037338256836
2,6984,train,1.0250319242477417,1.5596046942557136e-05,7.817997455596924
2,6985,train,1.0677683353424072,1.559089973234507e-05,9.349828720092773
2,6986,train,0.8338010311126709,1.5585752522133007e-05,6.650731563568115
2,6987,train,0.6916868090629578,1.5580605311920938e-05,6.986482620239258
2,6988,train,0.8131459355354309,1.5575458101708872e-05,7.984909534454346
2,6989,train,0.9163491725921631,1.557031089149681e-05,7.836491584777832
2,6990,train,1.340965986251831,1.5565163681284744e-05,11.34339714050293
2,6991,train,0.6361606121063232,1.556001647107268e-05,5.229793548583984
2,6992,train,1.1470654010772705,1.5554869260860616e-05,10.779374122619629
2,6993,train,0.9556602239608765,1.5549722050648553e-05,9.14869213104248
2,6994,train,1.5988682508468628,1.554457484043648e-05,12.30679702758789
2,6995,train,1.0557353496551514,1.5539427630224418e-05,10.159294128417969
2,6996,train,0.8372601866722107,1.5534280420012352e-05,6.826592922210693
2,6997,train,0.9314104914665222,1.552913320980029e-05,7.244384765625
2,6998,train,1.1542001962661743,1.5523985999588224e-05,9.124068260192871
2,6999,train,1.0450643301010132,1.5518838789376162e-05,7.5715789794921875
2,7000,train,1.2742685079574585,1.5513691579164093e-05,10.072028160095215
2,7001,train,1.1319098472595215,1.5508544368952027e-05,10.356701850891113
2,7002,train,0.8616723418235779,1.5503397158739964e-05,7.873263359069824
2,7003,train,1.3054448366165161,1.54982499485279e-05,11.670323371887207
2,7004,train,1.4862885475158691,1.5493102738315836e-05,9.664953231811523
2,7005,train,1.0114961862564087,1.548795552810377e-05,8.31381607055664
2,7006,train,0.7083095908164978,1.5482808317891704e-05,7.336095809936523
2,7007,train,1.5953259468078613,1.5477661107679635e-05,13.201875686645508
2,7008,train,0.8185233473777771,1.5472513897467573e-05,6.845214366912842
2,7009,train,1.242187738418579,1.5467366687255507e-05,11.00517463684082
2,7010,train,1.0630247592926025,1.5462219477043445e-05,9.046273231506348
2,7011,train,1.849470853805542,1.545707226683138e-05,13.285155296325684
2,7012,train,1.4519463777542114,1.5451925056619316e-05,11.066509246826172
2,7013,train,0.7293442487716675,1.5446777846407247e-05,6.380433559417725
2,7014,train,1.1481373310089111,1.544163063619518e-05,8.134208679199219
2,7015,train,1.4479695558547974,1.5436483425983115e-05,11.899443626403809
2,7016,train,1.1357284784317017,1.5431336215771053e-05,7.993091106414795
2,7017,train,1.5322227478027344,1.5426189005558987e-05,10.03474235534668
2,7018,train,1.006686806678772,1.5421041795346925e-05,8.650331497192383
2,7019,train,1.6585566997528076,1.541589458513486e-05,13.136499404907227
2,7020,train,1.2353121042251587,1.541074737492279e-05,9.339775085449219
2,7021,train,1.343874454498291,1.5405600164710727e-05,8.59398365020752
2,7022,train,1.3619508743286133,1.540045295449866e-05,9.025612831115723
2,7023,train,1.3649908304214478,1.53953057442866e-05,11.542525291442871
2,7024,train,1.0402792692184448,1.5390158534074533e-05,8.851177215576172
2,7025,train,0.9719955921173096,1.538501132386247e-05,6.948309421539307
2,7026,train,1.0800185203552246,1.5379864113650398e-05,8.64597225189209
2,7027,train,1.0571619272232056,1.5374716903438336e-05,9.53053092956543
2,7028,train,1.6303892135620117,1.536956969322627e-05,11.769896507263184
2,7029,train,0.7258592844009399,1.5364422483014207e-05,6.261460304260254
2,7030,train,0.8454251289367676,1.535927527280214e-05,6.853959083557129
2,7031,train,0.8501279950141907,1.535412806259008e-05,8.339234352111816
2,7032,train,1.5714644193649292,1.5348980852378013e-05,12.046072006225586
2,7033,train,1.6891576051712036,1.5343833642165944e-05,12.761229515075684
2,7034,train,1.3436684608459473,1.5338686431953882e-05,10.943672180175781
2,7035,train,1.2535265684127808,1.5333539221741816e-05,10.298510551452637
2,7036,train,0.9472107291221619,1.5328392011529753e-05,9.044173240661621
2,7037,train,1.8243736028671265,1.5323244801317688e-05,12.104582786560059
2,7038,train,1.2116663455963135,1.5318097591105622e-05,11.938854217529297
2,7039,train,1.3351384401321411,1.5312950380893553e-05,10.47372817993164
2,7040,train,1.1786253452301025,1.530780317068149e-05,10.584635734558105
2,7041,train,1.2477091550827026,1.5302655960469424e-05,11.94017219543457
2,7042,train,1.3424826860427856,1.5297508750257362e-05,9.80595874786377
2,7043,train,1.0070295333862305,1.5292361540045296e-05,7.949599742889404
2,7044,train,0.9017614126205444,1.5287214329833234e-05,8.998631477355957
2,7045,train,1.5355186462402344,1.5282067119621168e-05,10.742768287658691
2,7046,train,0.9914483428001404,1.52769199094091e-05,9.051045417785645
2,7047,train,1.079253077507019,1.5271772699197033e-05,9.590376853942871
2,7048,train,1.078963041305542,1.526662548898497e-05,9.25645923614502
2,7049,train,1.434548020362854,1.5261478278772905e-05,10.610702514648438
2,7050,train,1.0111732482910156,1.5256331068560842e-05,8.641858100891113
2,7051,train,0.8159287571907043,1.5251183858348778e-05,7.839134693145752
2,7052,train,0.9251230359077454,1.5246036648136714e-05,6.646714210510254
2,7053,train,1.184388279914856,1.5240889437924643e-05,10.842301368713379
2,7054,train,1.6559250354766846,1.5235742227712579e-05,12.802057266235352
2,7055,train,0.6299776434898376,1.5230595017500515e-05,5.90317440032959
2,7056,train,1.651869297027588,1.522544780728845e-05,10.720658302307129
2,7057,train,1.3662735223770142,1.5220300597076386e-05,10.944941520690918
2,7058,train,0.9360463619232178,1.5215153386864322e-05,6.5607380867004395
2,7059,train,0.8248907923698425,1.5210006176652253e-05,7.019464015960693
2,7060,train,0.9458683729171753,1.5204858966440189e-05,8.735854148864746
2,7061,train,1.5927945375442505,1.5199711756228125e-05,9.419373512268066
2,7062,train,1.1087863445281982,1.519456454601606e-05,8.782632827758789
2,7063,train,1.333640456199646,1.5189417335803997e-05,9.947053909301758
2,7064,train,0.6231290102005005,1.5184270125591932e-05,6.2497735023498535
2,7065,train,1.2628271579742432,1.5179122915379868e-05,9.157438278198242
2,7066,train,1.0711100101470947,1.5173975705167797e-05,7.942512035369873
2,7067,train,1.1219849586486816,1.5168828494955733e-05,11.410499572753906
2,7068,train,1.2176258563995361,1.5163681284743669e-05,9.655036926269531
2,7069,train,1.0180777311325073,1.5158534074531605e-05,9.154034614562988
2,7070,train,1.0619083642959595,1.5153386864319541e-05,8.396965980529785
2,7071,train,1.0886837244033813,1.5148239654107477e-05,9.768192291259766
2,7072,train,0.8495097160339355,1.5143092443895408e-05,8.072633743286133
2,7073,train,1.1117810010910034,1.5137945233683343e-05,8.775612831115723
2,7074,train,1.3843563795089722,1.513279802347128e-05,11.1995849609375
2,7075,train,1.0954115390777588,1.5127650813259213e-05,9.320250511169434
2,7076,train,0.9900605082511902,1.512250360304715e-05,8.324700355529785
2,7077,train,1.593955636024475,1.5117356392835085e-05,10.962641716003418
2,7078,train,0.9242554306983948,1.5112209182623021e-05,8.218365669250488
2,7079,train,0.9425864219665527,1.5107061972410952e-05,7.189700603485107
2,7080,train,1.127976655960083,1.5101914762198888e-05,8.310344696044922
2,7081,train,0.8300550580024719,1.5096767551986824e-05,8.184295654296875
2,7082,train,0.9344773292541504,1.509162034177476e-05,8.984695434570312
2,7083,train,1.1306650638580322,1.5086473131562695e-05,10.048977851867676
2,7084,train,1.274878978729248,1.5081325921350631e-05,10.767693519592285
2,7085,train,0.7784808874130249,1.507617871113856e-05,7.23341703414917
2,7086,train,1.1271554231643677,1.5071031500926496e-05,9.532532691955566
2,7087,train,0.6498764753341675,1.5065884290714432e-05,6.158996105194092
2,7088,train,1.04725182056427,1.5060737080502368e-05,8.455231666564941
2,7089,train,1.3650468587875366,1.5055589870290304e-05,11.440018653869629
2,7090,train,0.7794716954231262,1.505044266007824e-05,8.43419361114502
2,7091,train,1.1078097820281982,1.5045295449866176e-05,8.180657386779785
2,7092,train,1.0584079027175903,1.5040148239654106e-05,9.874323844909668
2,7093,train,1.1861714124679565,1.5035001029442042e-05,11.434027671813965
2,7094,train,1.7313822507858276,1.5029853819229978e-05,11.954907417297363
2,7095,train,1.5772671699523926,1.5024706609017914e-05,12.061954498291016
2,7096,train,0.8984189033508301,1.501955939880585e-05,7.146976947784424
2,7097,train,0.8779734373092651,1.5014412188593786e-05,8.260360717773438
2,7098,train,1.2650412321090698,1.5009264978381715e-05,9.895096778869629
2,7099,train,1.1994589567184448,1.500411776816965e-05,12.273348808288574
2,7100,train,0.6896960735321045,1.4998970557957587e-05,6.274344444274902
2,7101,train,1.1385498046875,1.4993823347745522e-05,9.271013259887695
2,7102,train,2.118715286254883,1.4988676137533458e-05,14.716012001037598
2,7103,train,1.8304691314697266,1.4983528927321394e-05,10.005698204040527
2,7104,train,1.1530097723007202,1.497838171710933e-05,8.033500671386719
2,7105,train,1.164798378944397,1.497323450689726e-05,8.216196060180664
2,7106,train,0.9557633399963379,1.4968087296685197e-05,8.025594711303711
2,7107,train,1.2546582221984863,1.4962940086473133e-05,9.877408027648926
2,7108,train,1.5642205476760864,1.4957792876261067e-05,13.490293502807617
2,7109,train,1.324139952659607,1.4952645666049003e-05,14.125964164733887
2,7110,train,0.8092904686927795,1.4947498455836938e-05,6.9056854248046875
2,7111,train,1.0440349578857422,1.494235124562487e-05,8.13640022277832
2,7112,train,1.1456360816955566,1.4937204035412805e-05,9.810178756713867
2,7113,train,1.0257526636123657,1.4932056825200741e-05,10.253633499145508
2,7114,train,0.8865565657615662,1.4926909614988677e-05,5.512806415557861
2,7115,train,1.2636293172836304,1.4921762404776613e-05,9.186662673950195
2,7116,train,1.0714383125305176,1.4916615194564549e-05,9.068469047546387
2,7117,train,1.4555515050888062,1.4911467984352484e-05,12.240229606628418
2,7118,train,1.0686554908752441,1.4906320774140414e-05,9.449880599975586
2,7119,train,0.9863876700401306,1.490117356392835e-05,8.128005981445312
2,7120,train,1.7810639142990112,1.4896026353716285e-05,13.552980422973633
2,7121,train,0.8376911878585815,1.4890879143504221e-05,8.497371673583984
2,7122,train,1.1473520994186401,1.4885731933292157e-05,8.30531120300293
2,7123,train,0.9288565516471863,1.4880584723080093e-05,7.438762187957764
2,7124,train,1.245511770248413,1.4875437512868029e-05,11.328999519348145
2,7125,train,1.0658026933670044,1.487029030265596e-05,9.22433853149414
2,7126,train,1.446230173110962,1.4865143092443895e-05,12.048604965209961
2,7127,train,1.0801540613174438,1.4859995882231831e-05,11.180684089660645
2,7128,train,1.5786534547805786,1.4854848672019767e-05,10.12741470336914
2,7129,train,1.490877628326416,1.4849701461807703e-05,9.60510540008545
2,7130,train,1.8633818626403809,1.4844554251595639e-05,12.761092185974121
2,7131,train,0.8307716250419617,1.4839407041383568e-05,7.277698040008545
2,7132,train,1.477614402770996,1.4834259831171504e-05,10.778694152832031
2,7133,train,0.8229863047599792,1.482911262095944e-05,7.498266220092773
2,7134,train,0.9952062368392944,1.4823965410747376e-05,8.418103218078613
2,7135,train,0.6636795997619629,1.4818818200535312e-05,5.39425802230835
2,7136,train,1.4933449029922485,1.4813670990323247e-05,11.011818885803223
2,7137,train,1.4612627029418945,1.4808523780111183e-05,10.611411094665527
2,7138,train,0.8427114486694336,1.4803376569899114e-05,8.637798309326172
2,7139,train,0.7353125214576721,1.479822935968705e-05,7.532461643218994
2,7140,train,1.3408260345458984,1.4793082149474984e-05,9.825514793395996
2,7141,train,1.5016021728515625,1.478793493926292e-05,10.608451843261719
2,7142,train,1.6003063917160034,1.4782787729050856e-05,14.208762168884277
2,7143,train,1.1521227359771729,1.4777640518838792e-05,11.217806816101074
2,7144,train,1.4666121006011963,1.4772493308626723e-05,10.474591255187988
2,7145,train,1.1299041509628296,1.4767346098414658e-05,11.315433502197266
2,7146,train,1.1026151180267334,1.4762198888202594e-05,9.324687957763672
2,7147,train,1.0562740564346313,1.475705167799053e-05,8.571515083312988
2,7148,train,1.485026240348816,1.4751904467778466e-05,11.972140312194824
2,7149,train,1.3098118305206299,1.4746757257566402e-05,10.153770446777344
2,7150,train,0.7926309704780579,1.4741610047354338e-05,6.277187347412109
2,7151,train,0.853701651096344,1.4736462837142267e-05,5.916665077209473
2,7152,train,1.0807883739471436,1.4731315626930203e-05,8.529753684997559
2,7153,train,0.8939123153686523,1.4726168416718139e-05,6.848283290863037
2,7154,train,1.1689388751983643,1.4721021206506074e-05,9.868498802185059
2,7155,train,0.9811404347419739,1.471587399629401e-05,9.68444538116455
2,7156,train,1.3454413414001465,1.4710726786081946e-05,11.503082275390625
2,7157,train,1.3377761840820312,1.4705579575869877e-05,11.258376121520996
2,7158,train,1.3569002151489258,1.4700432365657813e-05,10.791604042053223
2,7159,train,1.0965546369552612,1.4695285155445749e-05,10.049742698669434
2,7160,train,1.8920323848724365,1.4690137945233685e-05,13.828264236450195
2,7161,train,1.519893765449524,1.468499073502162e-05,11.606220245361328
2,7162,train,1.040625810623169,1.4679843524809556e-05,7.208988189697266
2,7163,train,1.0171047449111938,1.4674696314597492e-05,7.411251068115234
2,7164,train,1.5348830223083496,1.4669549104385421e-05,10.145425796508789
2,7165,train,1.2705086469650269,1.4664401894173357e-05,9.942728042602539
2,7166,train,0.8070502281188965,1.4659254683961293e-05,6.689284801483154
2,7167,train,1.0374244451522827,1.4654107473749229e-05,9.368130683898926
2,7168,train,0.9762009382247925,1.4648960263537165e-05,7.555832862854004
2,7169,train,0.6442872285842896,1.46438130533251e-05,5.630658149719238
2,7170,train,1.3286798000335693,1.4638665843113031e-05,9.80793571472168
2,7171,train,1.9700355529785156,1.4633518632900967e-05,12.84665584564209
2,7172,train,1.8641198873519897,1.4628371422688903e-05,13.228766441345215
2,7173,train,0.9780920147895813,1.4623224212476837e-05,7.305021286010742
2,7174,train,1.6217248439788818,1.4618077002264773e-05,13.38945484161377
2,7175,train,1.106276035308838,1.4612929792052709e-05,8.00670051574707
2,7176,train,1.1155771017074585,1.4607782581840645e-05,10.989563941955566
2,7177,train,0.686642587184906,1.4602635371628576e-05,6.926419734954834
2,7178,train,1.3178505897521973,1.4597488161416512e-05,11.697456359863281
2,7179,train,1.3342480659484863,1.4592340951204448e-05,10.92492389678955
2,7180,train,1.2574105262756348,1.4587193740992383e-05,8.930809020996094
2,7181,train,1.0477747917175293,1.458204653078032e-05,10.257119178771973
2,7182,train,1.5003386735916138,1.4576899320568255e-05,11.587536811828613
2,7183,train,1.1616965532302856,1.4571752110356184e-05,8.415543556213379
2,7184,train,1.3014072179794312,1.456660490014412e-05,11.472728729248047
2,7185,train,1.3245794773101807,1.4561457689932056e-05,10.79311466217041
2,7186,train,1.0275334119796753,1.4556310479719992e-05,10.328047752380371
2,7187,train,0.923326849937439,1.4551163269507928e-05,7.1073150634765625
2,7188,train,1.000662922859192,1.4546016059295864e-05,9.34200382232666
2,7189,train,0.6317176818847656,1.45408688490838e-05,6.392858982086182
2,7190,train,1.3913909196853638,1.453572163887173e-05,12.908960342407227
2,7191,train,1.210023045539856,1.4530574428659666e-05,11.30798053741455
2,7192,train,1.7338900566101074,1.4525427218447602e-05,13.103415489196777
2,7193,train,0.8732947707176208,1.4520280008235538e-05,7.938839435577393
2,7194,train,1.0400854349136353,1.4515132798023474e-05,10.823915481567383
2,7195,train,1.1151645183563232,1.450998558781141e-05,8.50699520111084
2,7196,train,0.8882583379745483,1.4504838377599344e-05,7.545445919036865
2,7197,train,0.8734388947486877,1.4499691167387275e-05,6.659780025482178
2,7198,train,1.016796350479126,1.449454395717521e-05,9.710536003112793
2,7199,train,1.712375283241272,1.4489396746963146e-05,13.18093204498291
2,7200,train,1.1966878175735474,1.4484249536751082e-05,10.411898612976074
2,7201,train,0.9781346917152405,1.4479102326539018e-05,9.427383422851562
2,7202,train,0.8238259553909302,1.4473955116326954e-05,7.479375839233398
2,7203,train,1.5520919561386108,1.4468807906114885e-05,12.953133583068848
2,7204,train,1.2087444067001343,1.446366069590282e-05,10.113813400268555
2,7205,train,0.9938399791717529,1.4458513485690755e-05,8.16359806060791
2,7206,train,1.703052043914795,1.445336627547869e-05,12.471522331237793
2,7207,train,1.6660150289535522,1.4448219065266627e-05,13.085762977600098
2,7208,train,1.1476006507873535,1.4443071855054562e-05,12.063188552856445
2,7209,train,0.8907551169395447,1.4437924644842498e-05,8.589848518371582
2,7210,train,0.9176517724990845,1.4432777434630429e-05,8.705103874206543
2,7211,train,0.8087158203125,1.4427630224418365e-05,8.122871398925781
2,7212,train,1.445926547050476,1.44224830142063e-05,11.905258178710938
2,7213,train,0.9561541080474854,1.4417335803994237e-05,8.208510398864746
2,7214,train,1.363418698310852,1.4412188593782173e-05,11.553422927856445
2,7215,train,0.9354868531227112,1.4407041383570108e-05,7.302040100097656
2,7216,train,1.0146607160568237,1.4401894173358037e-05,9.607632637023926
2,7217,train,0.8189828991889954,1.4396746963145973e-05,7.111731052398682
2,7218,train,0.7425834536552429,1.439159975293391e-05,8.179239273071289
2,7219,train,1.4223592281341553,1.4386452542721845e-05,14.11125373840332
2,7220,train,1.3426804542541504,1.4381305332509781e-05,10.695375442504883
2,7221,train,0.870914876461029,1.4376158122297717e-05,6.662119388580322
2,7222,train,1.0505726337432861,1.4371010912085653e-05,7.839552879333496
2,7223,train,1.467901349067688,1.4365863701873584e-05,12.40700626373291
2,7224,train,1.5659135580062866,1.436071649166152e-05,11.341630935668945
2,7225,train,1.4547359943389893,1.4355569281449455e-05,12.144820213317871
2,7226,train,1.2667738199234009,1.4350422071237391e-05,12.223501205444336
2,7227,train,0.9322621822357178,1.4345274861025327e-05,9.029401779174805
2,7228,train,1.378281593322754,1.4340127650813263e-05,11.660928726196289
2,7229,train,1.806278109550476,1.4334980440601192e-05,10.622533798217773
2,7230,train,1.5503931045532227,1.4329833230389128e-05,10.597908973693848
2,7231,train,1.1370688676834106,1.4324686020177064e-05,9.415116310119629
2,7232,train,0.7073020935058594,1.4319538809965e-05,6.775640487670898
2,7233,train,0.5842846632003784,1.4314391599752935e-05,5.612025737762451
2,7234,train,1.1098262071609497,1.4309244389540871e-05,9.376896858215332
2,7235,train,1.1972038745880127,1.4304097179328807e-05,10.046567916870117
2,7236,train,1.1958712339401245,1.4298949969116738e-05,8.925609588623047
2,7237,train,1.0842872858047485,1.4293802758904674e-05,8.326517105102539
2,7238,train,1.5658026933670044,1.4288655548692608e-05,10.364261627197266
2,7239,train,1.0714163780212402,1.4283508338480544e-05,9.609188079833984
2,7240,train,1.003622055053711,1.427836112826848e-05,7.00316047668457
2,7241,train,1.083844542503357,1.4273213918056416e-05,10.686422348022461
2,7242,train,1.4797773361206055,1.4268066707844346e-05,10.05213737487793
2,7243,train,0.9756863713264465,1.4262919497632282e-05,7.263391017913818
2,7244,train,1.2064976692199707,1.4257772287420218e-05,11.15970516204834
2,7245,train,1.4579304456710815,1.4252625077208154e-05,15.615595817565918
2,7246,train,1.1001100540161133,1.424747786699609e-05,7.568168640136719
2,7247,train,1.7622250318527222,1.4242330656784026e-05,11.994002342224121
2,7248,train,1.2027934789657593,1.4237183446571962e-05,8.790205001831055
2,7249,train,0.9271183013916016,1.423203623635989e-05,6.6653876304626465
2,7250,train,2.09414005279541,1.4226889026147827e-05,15.223569869995117
2,7251,train,0.9786475896835327,1.4221741815935763e-05,8.049445152282715
2,7252,train,1.0332318544387817,1.4216594605723698e-05,7.3927321434021
2,7253,train,0.874220609664917,1.4211447395511634e-05,7.622951030731201
2,7254,train,1.693283200263977,1.420630018529957e-05,11.071009635925293
2,7255,train,1.311845302581787,1.4201152975087501e-05,12.117988586425781
2,7256,train,1.5730949640274048,1.4196005764875437e-05,12.949165344238281
2,7257,train,1.0798027515411377,1.4190858554663373e-05,10.109992027282715
2,7258,train,1.3080215454101562,1.4185711344451309e-05,9.702305793762207
2,7259,train,1.111480951309204,1.4180564134239244e-05,8.515327453613281
2,7260,train,0.9112472534179688,1.417541692402718e-05,9.317679405212402
2,7261,train,0.9491076469421387,1.4170269713815114e-05,8.6285982131958
2,7262,train,1.281351923942566,1.4165122503603045e-05,9.04326343536377
2,7263,train,1.1838197708129883,1.4159975293390981e-05,11.288897514343262
2,7264,train,0.7430126667022705,1.4154828083178917e-05,6.618654251098633
2,7265,train,1.1477197408676147,1.4149680872966853e-05,10.793700218200684
2,7266,train,0.7728148102760315,1.4144533662754789e-05,8.86229133605957
2,7267,train,0.7253201603889465,1.4139386452542725e-05,6.000766754150391
2,7268,train,0.8138467073440552,1.413423924233066e-05,7.750714302062988
2,7269,train,1.4765398502349854,1.4129092032118591e-05,13.021156311035156
2,7270,train,1.3816038370132446,1.4123944821906525e-05,9.86158561706543
2,7271,train,1.2027952671051025,1.4118797611694461e-05,9.351486206054688
2,7272,train,0.9958642721176147,1.4113650401482397e-05,9.833802223205566
2,7273,train,0.9618547558784485,1.4108503191270333e-05,8.570513725280762
2,7274,train,0.971961259841919,1.4103355981058269e-05,6.5834808349609375
2,7275,train,1.5259381532669067,1.40982087708462e-05,11.526578903198242
2,7276,train,1.0049242973327637,1.4093061560634136e-05,8.977537155151367
2,7277,train,0.9934461116790771,1.4087914350422071e-05,6.906219959259033
2,7278,train,1.0169090032577515,1.4082767140210007e-05,9.170913696289062
2,7279,train,1.0769165754318237,1.4077619929997943e-05,8.827309608459473
2,7280,train,1.2186388969421387,1.4072472719785879e-05,7.964311122894287
2,7281,train,1.301703929901123,1.4067325509573815e-05,9.862370491027832
2,7282,train,1.0053622722625732,1.4062178299361744e-05,8.649344444274902
2,7283,train,1.130689263343811,1.405703108914968e-05,8.911848068237305
2,7284,train,0.8729997873306274,1.4051883878937616e-05,8.576766967773438
2,7285,train,1.5194532871246338,1.4046736668725552e-05,14.824974060058594
2,7286,train,0.9190617799758911,1.4041589458513488e-05,9.34411334991455
2,7287,train,1.8133395910263062,1.4036442248301423e-05,12.462632179260254
2,7288,train,0.7530356049537659,1.4031295038089354e-05,8.515935897827148
2,7289,train,0.9541628360748291,1.402614782787729e-05,7.4418840408325195
2,7290,train,1.9400871992111206,1.4021000617665226e-05,14.506861686706543
2,7291,train,1.462656855583191,1.4015853407453162e-05,11.861607551574707
2,7292,train,1.3548563718795776,1.4010706197241098e-05,13.084285736083984
2,7293,train,1.1000535488128662,1.4005558987029034e-05,7.925879955291748
2,7294,train,1.4238214492797852,1.4000411776816968e-05,12.4974946975708
2,7295,train,0.8789604306221008,1.3995264566604898e-05,8.578743934631348
2,7296,train,0.8115749955177307,1.3990117356392834e-05,7.622522830963135
2,7297,train,1.317952036857605,1.398497014618077e-05,13.768718719482422
2,7298,train,1.0357084274291992,1.3979822935968706e-05,7.978531837463379
2,7299,train,1.2819511890411377,1.3974675725756642e-05,8.370203971862793
2,7300,train,1.2025681734085083,1.3969528515544578e-05,12.315521240234375
2,7301,train,0.7765955328941345,1.3964381305332509e-05,7.1877593994140625
2,7302,train,0.8289123177528381,1.3959234095120445e-05,7.117343425750732
2,7303,train,1.5627551078796387,1.3954086884908379e-05,12.103554725646973
2,7304,train,0.8968644142150879,1.3948939674696315e-05,7.683586597442627
2,7305,train,1.5199819803237915,1.394379246448425e-05,11.79692268371582
2,7306,train,1.472955584526062,1.3938645254272186e-05,9.968184471130371
2,7307,train,0.8999028205871582,1.3933498044060122e-05,8.335174560546875
2,7308,train,1.0179228782653809,1.3928350833848053e-05,10.181838989257812
2,7309,train,1.2518926858901978,1.3923203623635989e-05,9.50548267364502
2,7310,train,1.570718765258789,1.3918056413423925e-05,10.904630661010742
2,7311,train,1.016068696975708,1.391290920321186e-05,9.502760887145996
2,7312,train,1.3151092529296875,1.3907761992999796e-05,11.37974739074707
2,7313,train,1.0494353771209717,1.3902614782787732e-05,8.353015899658203
2,7314,train,0.8390104174613953,1.3897467572575661e-05,7.246159076690674
2,7315,train,1.1958383321762085,1.3892320362363597e-05,10.087444305419922
2,7316,train,1.820027470588684,1.3887173152151533e-05,14.016402244567871
2,7317,train,1.1838388442993164,1.3882025941939469e-05,10.807687759399414
2,7318,train,1.1880518198013306,1.3876878731727405e-05,9.241437911987305
2,7319,train,0.81235271692276,1.387173152151534e-05,8.80484390258789
2,7320,train,0.8364399671554565,1.3866584311303277e-05,7.310153484344482
2,7321,train,0.9607296586036682,1.3861437101091207e-05,8.284738540649414
2,7322,train,1.4429420232772827,1.3856289890879143e-05,10.696712493896484
2,7323,train,1.1865811347961426,1.385114268066708e-05,11.181866645812988
2,7324,train,1.3218578100204468,1.3845995470455015e-05,10.581755638122559
2,7325,train,1.5414882898330688,1.3840848260242951e-05,11.431690216064453
2,7326,train,1.0441302061080933,1.3835701050030885e-05,9.900426864624023
2,7327,train,1.0005097389221191,1.3830553839818816e-05,8.334809303283691
2,7328,train,1.0243620872497559,1.3825406629606752e-05,9.129533767700195
2,7329,train,1.2755411863327026,1.3820259419394688e-05,10.418756484985352
2,7330,train,1.396599531173706,1.3815112209182623e-05,10.863868713378906
2,7331,train,1.6805455684661865,1.380996499897056e-05,14.15925121307373
2,7332,train,1.501829981803894,1.3804817788758495e-05,11.448907852172852
2,7333,train,1.6576765775680542,1.3799670578546431e-05,12.000321388244629
2,7334,train,1.3016830682754517,1.3794523368334362e-05,10.28311824798584
2,7335,train,1.7191044092178345,1.3789376158122296e-05,14.203773498535156
2,7336,train,1.0447505712509155,1.3784228947910232e-05,8.78751277923584
2,7337,train,1.0680644512176514,1.3779081737698168e-05,11.339385986328125
2,7338,train,1.2571277618408203,1.3773934527486104e-05,10.85241985321045
2,7339,train,0.905538022518158,1.376878731727404e-05,7.397401809692383
2,7340,train,1.0946251153945923,1.3763640107061975e-05,8.32583999633789
2,7341,train,1.0043622255325317,1.3758492896849906e-05,7.727004528045654
2,7342,train,1.127450704574585,1.3753345686637842e-05,9.045757293701172
2,7343,train,1.5416630506515503,1.3748198476425778e-05,10.399582862854004
2,7344,train,0.9134952425956726,1.3743051266213714e-05,9.520036697387695
2,7345,train,0.826020359992981,1.373790405600165e-05,7.773276329040527
2,7346,train,1.2922070026397705,1.3732756845789586e-05,9.30901050567627
2,7347,train,0.9401770830154419,1.3727609635577515e-05,7.935637950897217
2,7348,train,1.0353460311889648,1.372246242536545e-05,8.794310569763184
2,7349,train,0.9203058481216431,1.3717315215153386e-05,8.374058723449707
2,7350,train,1.1260861158370972,1.3712168004941322e-05,9.462235450744629
2,7351,train,1.3259201049804688,1.3707020794729258e-05,10.906316757202148
2,7352,train,0.8915450572967529,1.3701873584517194e-05,8.494256019592285
2,7353,train,1.2239205837249756,1.369672637430513e-05,11.461639404296875
2,7354,train,0.9699005484580994,1.369157916409306e-05,7.437958717346191
2,7355,train,1.3028408288955688,1.3686431953880997e-05,10.64360523223877
2,7356,train,0.8658309578895569,1.3681284743668932e-05,6.970694065093994
2,7357,train,0.9333494305610657,1.3676137533456868e-05,7.717172622680664
2,7358,train,1.7510143518447876,1.3670990323244804e-05,11.569920539855957
2,7359,train,1.4672352075576782,1.3665843113032738e-05,11.393697738647461
2,7360,train,1.2141046524047852,1.3660695902820669e-05,11.152216911315918
2,7361,train,1.45154869556427,1.3655548692608605e-05,10.477930068969727
2,7362,train,1.1581544876098633,1.3650401482396541e-05,10.550904273986816
2,7363,train,0.9229388236999512,1.3645254272184477e-05,9.332465171813965
2,7364,train,0.7897617220878601,1.3640107061972413e-05,6.9393439292907715
2,7365,train,0.8536199927330017,1.3634959851760348e-05,7.512066841125488
2,7366,train,0.9960163235664368,1.3629812641548284e-05,9.678897857666016
2,7367,train,1.164074420928955,1.3624665431336215e-05,9.414632797241211
2,7368,train,1.5747251510620117,1.361951822112415e-05,12.198763847351074
2,7369,train,1.1347213983535767,1.3614371010912085e-05,9.316953659057617
2,7370,train,1.1483840942382812,1.3609223800700021e-05,9.691993713378906
2,7371,train,0.8070039749145508,1.3604076590487957e-05,7.647063255310059
2,7372,train,1.1317753791809082,1.3598929380275893e-05,9.986651420593262
2,7373,train,1.2524389028549194,1.3593782170063824e-05,9.175228118896484
2,7374,train,0.9554561972618103,1.358863495985176e-05,7.6183762550354
2,7375,train,1.4446122646331787,1.3583487749639695e-05,8.992430686950684
2,7376,train,0.8820891380310059,1.3578340539427631e-05,7.703076362609863
2,7377,train,1.0868797302246094,1.3573193329215567e-05,9.914380073547363
2,7378,train,1.8155561685562134,1.3568046119003503e-05,13.171869277954102
2,7379,train,0.7046748399734497,1.3562898908791439e-05,6.605762481689453
2,7380,train,1.003081202507019,1.3557751698579368e-05,7.761798858642578
2,7381,train,0.8084661364555359,1.3552604488367304e-05,6.346108436584473
2,7382,train,1.2890633344650269,1.354745727815524e-05,10.387381553649902
2,7383,train,1.7972772121429443,1.3542310067943176e-05,12.979772567749023
2,7384,train,0.9105279445648193,1.3537162857731111e-05,7.709866523742676
2,7385,train,0.891918957233429,1.3532015647519047e-05,8.365564346313477
2,7386,train,1.8180732727050781,1.3526868437306978e-05,12.684395790100098
2,7387,train,0.649678647518158,1.3521721227094914e-05,5.1634602546691895
2,7388,train,0.8958492875099182,1.351657401688285e-05,7.976795196533203
2,7389,train,0.898511528968811,1.3511426806670786e-05,8.353638648986816
2,7390,train,1.1942611932754517,1.3506279596458722e-05,10.048070907592773
2,7391,train,0.9668981432914734,1.3501132386246656e-05,10.314318656921387
2,7392,train,0.8257392644882202,1.3495985176034592e-05,7.587329864501953
2,7393,train,1.2619937658309937,1.3490837965822522e-05,11.83972454071045
2,7394,train,1.1923502683639526,1.3485690755610458e-05,9.097062110900879
2,7395,train,1.3095183372497559,1.3480543545398394e-05,9.356040000915527
2,7396,train,1.2886583805084229,1.347539633518633e-05,11.251544952392578
2,7397,train,1.290719747543335,1.3470249124974266e-05,13.778631210327148
2,7398,train,0.8301683068275452,1.3465101914762202e-05,7.9405059814453125
2,7399,train,1.5397828817367554,1.3459954704550133e-05,12.105179786682129
2,7400,train,1.3160367012023926,1.3454807494338067e-05,10.555689811706543
2,7401,train,1.2094573974609375,1.3449660284126003e-05,10.476019859313965
2,7402,train,1.1486281156539917,1.3444513073913938e-05,10.055574417114258
2,7403,train,0.8423561453819275,1.3439365863701874e-05,7.364409923553467
2,7404,train,1.3605976104736328,1.343421865348981e-05,11.513110160827637
2,7405,train,1.2546433210372925,1.3429071443277746e-05,9.985715866088867
2,7406,train,1.0496519804000854,1.3423924233065677e-05,7.8277106285095215
2,7407,train,1.7698404788970947,1.3418777022853613e-05,13.519147872924805
2,7408,train,1.2080451250076294,1.3413629812641549e-05,10.307652473449707
2,7409,train,0.9068132638931274,1.3408482602429484e-05,7.415407657623291
2,7410,train,1.5248241424560547,1.340333539221742e-05,12.274641990661621
2,7411,train,0.9959010481834412,1.3398188182005356e-05,8.026208877563477
2,7412,train,1.191834807395935,1.3393040971793292e-05,9.878554344177246
2,7413,train,1.9413214921951294,1.3387893761581221e-05,13.24923038482666
2,7414,train,1.4373865127563477,1.3382746551369157e-05,12.438343048095703
2,7415,train,1.3927226066589355,1.3377599341157093e-05,10.08771800994873
2,7416,train,1.1953452825546265,1.3372452130945029e-05,10.315394401550293
2,7417,train,1.0978668928146362,1.3367304920732965e-05,9.321396827697754
2,7418,train,0.6143516898155212,1.33621577105209e-05,5.700054168701172
2,7419,train,1.015916347503662,1.3357010500308831e-05,9.03925609588623
2,7420,train,1.160114049911499,1.3351863290096767e-05,10.10486888885498
2,7421,train,0.7854545712471008,1.3346716079884703e-05,6.300548553466797
2,7422,train,0.734262228012085,1.3341568869672639e-05,6.868528366088867
2,7423,train,1.06857168674469,1.3336421659460575e-05,8.21927547454834
2,7424,train,0.9816824793815613,1.3331274449248509e-05,6.742918014526367
2,7425,train,1.654964804649353,1.3326127239036445e-05,13.143026351928711
2,7426,train,1.00809645652771,1.3320980028824376e-05,8.557779312133789
2,7427,train,0.8484348058700562,1.3315832818612312e-05,7.220229625701904
2,7428,train,0.7060684561729431,1.3310685608400247e-05,5.978649616241455
2,7429,train,1.8515397310256958,1.3305538398188183e-05,16.723369598388672
2,7430,train,1.521707534790039,1.3300391187976119e-05,12.172863006591797
2,7431,train,1.2468596696853638,1.3295243977764055e-05,8.237037658691406
2,7432,train,0.8519465923309326,1.3290096767551986e-05,7.775404453277588
2,7433,train,1.2555779218673706,1.328494955733992e-05,11.103178977966309
2,7434,train,1.0079331398010254,1.3279802347127856e-05,9.911246299743652
2,7435,train,1.0946186780929565,1.3274655136915792e-05,8.439867973327637
2,7436,train,1.2652019262313843,1.3269507926703728e-05,11.366926193237305
2,7437,train,0.9212765097618103,1.3264360716491663e-05,8.931543350219727
2,7438,train,1.2663921117782593,1.32592135062796e-05,10.335448265075684
2,7439,train,1.4101784229278564,1.325406629606753e-05,11.291584968566895
2,7440,train,1.1362618207931519,1.3248919085855466e-05,10.68242073059082
2,7441,train,1.968555212020874,1.3243771875643402e-05,13.59968090057373
2,7442,train,1.049569845199585,1.3238624665431338e-05,8.284276008605957
2,7443,train,1.2618474960327148,1.3233477455219274e-05,8.510285377502441
2,7444,train,0.7857360243797302,1.322833024500721e-05,8.023930549621582
2,7445,train,0.9112748503684998,1.3223183034795139e-05,9.255718231201172
2,7446,train,1.4416513442993164,1.3218035824583074e-05,12.362468719482422
2,7447,train,1.2153654098510742,1.321288861437101e-05,10.219527244567871
2,7448,train,1.3566144704818726,1.3207741404158946e-05,10.667694091796875
2,7449,train,1.2534140348434448,1.3202594193946882e-05,10.618115425109863
2,7450,train,0.7317419052124023,1.3197446983734818e-05,5.539172172546387
2,7451,train,1.1692287921905518,1.3192299773522754e-05,9.160956382751465
2,7452,train,0.9346064329147339,1.3187152563310685e-05,7.723440170288086
2,7453,train,0.7458263635635376,1.318200535309862e-05,6.770123481750488
2,7454,train,1.978106141090393,1.3176858142886556e-05,13.025635719299316
2,7455,train,1.3507155179977417,1.3171710932674492e-05,10.017802238464355
2,7456,train,1.0517323017120361,1.3166563722462426e-05,9.863951683044434
2,7457,train,0.8623877167701721,1.3161416512250362e-05,7.922993183135986
2,7458,train,1.176609754562378,1.3156269302038293e-05,9.58704948425293
2,7459,train,0.5552809834480286,1.3151122091826229e-05,5.344499111175537
2,7460,train,1.0518748760223389,1.3145974881614165e-05,8.294723510742188
2,7461,train,1.6563005447387695,1.31408276714021e-05,12.409025192260742
2,7462,train,1.0314702987670898,1.3135680461190037e-05,8.511907577514648
2,7463,train,1.090375304222107,1.3130533250977972e-05,9.440094947814941
2,7464,train,0.8291622400283813,1.3125386040765908e-05,7.875763893127441
2,7465,train,0.7796018123626709,1.3120238830553837e-05,7.29497766494751
2,7466,train,0.9660611152648926,1.3115091620341773e-05,8.613116264343262
2,7467,train,0.700839102268219,1.3109944410129709e-05,6.066364765167236
2,7468,train,0.7285938262939453,1.3104797199917645e-05,6.017037391662598
2,7469,train,0.9784260988235474,1.3099649989705581e-05,8.738471031188965
2,7470,train,1.1474777460098267,1.3094502779493517e-05,10.11361026763916
2,7471,train,0.9605388641357422,1.3089355569281448e-05,7.025015830993652
2,7472,train,1.3137400150299072,1.3084208359069383e-05,13.040346145629883
2,7473,train,1.30938720703125,1.307906114885732e-05,12.32105541229248
2,7474,train,1.0052541494369507,1.3073913938645255e-05,8.838639259338379
2,7475,train,1.4786185026168823,1.3068766728433191e-05,11.625913619995117
2,7476,train,0.5605307817459106,1.3063619518221127e-05,5.568241119384766
2,7477,train,0.7493538856506348,1.3058472308009063e-05,6.708763599395752
2,7478,train,0.7160309553146362,1.3053325097796992e-05,7.227591514587402
2,7479,train,1.8767682313919067,1.3048177887584928e-05,14.640443801879883
2,7480,train,1.6136802434921265,1.3043030677372864e-05,13.328938484191895
2,7481,train,0.9446829557418823,1.30378834671608e-05,8.044294357299805
2,7482,train,1.2015390396118164,1.3032736256948735e-05,8.568684577941895
2,7483,train,1.200197458267212,1.3027589046736671e-05,12.017840385437012
2,7484,train,1.046059250831604,1.3022441836524607e-05,8.718254089355469
2,7485,train,1.4538546800613403,1.3017294626312538e-05,11.726797103881836
2,7486,train,1.0264958143234253,1.3012147416100474e-05,9.010344505310059
2,7487,train,0.9425049424171448,1.300700020588841e-05,8.219647407531738
2,7488,train,1.1091313362121582,1.3001852995676345e-05,10.080389022827148
2,7489,train,0.8793421387672424,1.299670578546428e-05,8.70200252532959
2,7490,train,0.6205612421035767,1.2991558575252216e-05,5.8516130447387695
2,7491,train,0.9686416387557983,1.2986411365040146e-05,8.627619743347168
2,7492,train,0.9601582288742065,1.2981264154828082e-05,8.422019958496094
2,7493,train,1.547861099243164,1.2976116944616018e-05,10.189558029174805
2,7494,train,1.1579055786132812,1.2970969734403954e-05,10.890544891357422
2,7495,train,0.8052038550376892,1.296582252419189e-05,7.462382793426514
2,7496,train,0.8798644542694092,1.2960675313979826e-05,8.798445701599121
2,7497,train,1.3466955423355103,1.2955528103767762e-05,10.275211334228516
2,7498,train,1.397650122642517,1.295038089355569e-05,10.3532133102417
2,7499,train,1.1313166618347168,1.2945233683343627e-05,7.486081123352051
2,7500,train,1.037848711013794,1.2940086473131562e-05,10.140974044799805
2,7501,train,0.5480355024337769,1.2934939262919498e-05,4.672525405883789
2,7502,train,1.3766213655471802,1.2929792052707434e-05,10.760607719421387
2,7503,train,0.801875650882721,1.292464484249537e-05,6.180700302124023
2,7504,train,0.9943202137947083,1.29194976322833e-05,8.264002799987793
2,7505,train,1.1845192909240723,1.2914350422071237e-05,9.474540710449219
2,7506,train,0.8063147068023682,1.2909203211859173e-05,6.249885082244873
2,7507,train,1.0571949481964111,1.2904056001647108e-05,9.906669616699219
2,7508,train,0.7737531661987305,1.2898908791435044e-05,7.157570838928223
2,7509,train,0.8546977043151855,1.289376158122298e-05,8.029399871826172
2,7510,train,1.2063902616500854,1.2888614371010916e-05,9.482592582702637
2,7511,train,1.300721287727356,1.2883467160798845e-05,9.757281303405762
2,7512,train,0.8224679231643677,1.2878319950586781e-05,7.590117931365967
2,7513,train,0.9716761112213135,1.2873172740374717e-05,9.710620880126953
2,7514,train,1.1395214796066284,1.2868025530162653e-05,9.653972625732422
2,7515,train,1.542035698890686,1.2862878319950589e-05,11.645674705505371
2,7516,train,0.945979118347168,1.2857731109738524e-05,8.577898979187012
2,7517,train,1.0662153959274292,1.2852583899526455e-05,9.20882511138916
2,7518,train,1.3503755331039429,1.2847436689314391e-05,10.382031440734863
2,7519,train,1.0341295003890991,1.2842289479102327e-05,9.665331840515137
2,7520,train,0.9970226287841797,1.2837142268890263e-05,8.433831214904785
2,7521,train,1.3472676277160645,1.2831995058678197e-05,11.28449535369873
2,7522,train,1.0795501470565796,1.2826847848466133e-05,8.684492111206055
2,7523,train,1.1055617332458496,1.2821700638254069e-05,9.771063804626465
2,7524,train,1.0892903804779053,1.2816553428042e-05,8.977758407592773
2,7525,train,1.0168532133102417,1.2811406217829935e-05,11.514283180236816
2,7526,train,0.9954341053962708,1.2806259007617871e-05,8.653611183166504
2,7527,train,1.1047272682189941,1.2801111797405807e-05,9.66989803314209
2,7528,train,1.4498125314712524,1.2795964587193743e-05,11.370899200439453
2,7529,train,1.9994356632232666,1.2790817376981679e-05,14.343717575073242
2,7530,train,1.0269684791564941,1.2785670166769608e-05,8.343123435974121
2,7531,train,1.5133923292160034,1.2780522956557544e-05,10.700084686279297
2,7532,train,1.0749011039733887,1.277537574634548e-05,9.185489654541016
2,7533,train,0.7735559344291687,1.2770228536133416e-05,7.258424758911133
2,7534,train,1.124914288520813,1.2765081325921352e-05,9.649092674255371
2,7535,train,1.624250054359436,1.2759934115709287e-05,11.868022918701172
2,7536,train,1.6659877300262451,1.2754786905497223e-05,12.22223949432373
2,7537,train,1.0251325368881226,1.2749639695285154e-05,8.381961822509766
2,7538,train,1.187155842781067,1.274449248507309e-05,9.67306137084961
2,7539,train,1.312170386314392,1.2739345274861026e-05,8.887018203735352
2,7540,train,1.6505848169326782,1.2734198064648962e-05,14.898089408874512
2,7541,train,1.0654160976409912,1.2729050854436898e-05,8.634242057800293
2,7542,train,0.9873787760734558,1.2723903644224833e-05,9.40052318572998
2,7543,train,1.180715799331665,1.2718756434012762e-05,11.763906478881836
2,7544,train,1.2645882368087769,1.2713609223800698e-05,10.367329597473145
2,7545,train,1.2700861692428589,1.2708462013588634e-05,9.37870979309082
2,7546,train,1.5142216682434082,1.270331480337657e-05,12.699734687805176
2,7547,train,1.1332447528839111,1.2698167593164506e-05,10.249700546264648
2,7548,train,1.9121661186218262,1.2693020382952442e-05,12.860605239868164
2,7549,train,1.0965906381607056,1.2687873172740378e-05,9.806636810302734
2,7550,train,1.2068922519683838,1.2682725962528309e-05,10.440423965454102
2,7551,train,1.36184823513031,1.2677578752316244e-05,9.489083290100098
2,7552,train,1.3593415021896362,1.267243154210418e-05,13.242997169494629
2,7553,train,1.081863522529602,1.2667284331892116e-05,12.122142791748047
2,7554,train,1.6813782453536987,1.266213712168005e-05,12.185617446899414
2,7555,train,1.3334345817565918,1.2656989911467986e-05,10.349617004394531
2,7556,train,1.5757790803909302,1.2651842701255922e-05,11.268854141235352
2,7557,train,1.1019350290298462,1.2646695491043853e-05,7.35345458984375
2,7558,train,1.1600604057312012,1.2641548280831789e-05,9.401689529418945
2,7559,train,1.324066162109375,1.2636401070619725e-05,10.64068603515625
2,7560,train,0.9552871584892273,1.263125386040766e-05,7.431488037109375
2,7561,train,1.3744887113571167,1.2626106650195596e-05,10.805900573730469
2,7562,train,1.3380568027496338,1.2620959439983532e-05,10.847787857055664
2,7563,train,1.0607571601867676,1.2615812229771461e-05,8.632762908935547
2,7564,train,0.9631205797195435,1.2610665019559397e-05,9.319356918334961
2,7565,train,0.6856757402420044,1.2605517809347333e-05,6.246963024139404
2,7566,train,0.820899486541748,1.2600370599135269e-05,6.725015163421631
2,7567,train,0.9418930411338806,1.2595223388923205e-05,8.411706924438477
2,7568,train,0.7962427735328674,1.259007617871114e-05,6.678061008453369
2,7569,train,1.0804495811462402,1.2584928968499077e-05,9.225748062133789
2,7570,train,1.8461310863494873,1.2579781758287007e-05,14.524632453918457
2,7571,train,0.7034910321235657,1.2574634548074943e-05,6.819360256195068
2,7572,train,0.9580800533294678,1.2569487337862879e-05,6.717401027679443
2,7573,train,1.0722293853759766,1.2564340127650815e-05,11.177681922912598
2,7574,train,1.1797280311584473,1.255919291743875e-05,8.22922134399414
2,7575,train,1.482018232345581,1.2554045707226687e-05,12.947821617126465
2,7576,train,1.2909502983093262,1.2548898497014616e-05,10.611950874328613
2,7577,train,0.9608951210975647,1.2543751286802552e-05,7.981478214263916
2,7578,train,1.2277710437774658,1.2538604076590487e-05,10.853620529174805
2,7579,train,0.9983929395675659,1.2533456866378423e-05,9.742406845092773
2,7580,train,0.9307394027709961,1.252830965616636e-05,9.645503997802734
2,7581,train,0.9925910234451294,1.2523162445954295e-05,8.092077255249023
2,7582,train,1.1456245183944702,1.2518015235742231e-05,8.14271354675293
2,7583,train,1.1771228313446045,1.2512868025530162e-05,8.788971900939941
2,7584,train,0.7322030067443848,1.2507720815318098e-05,7.893949508666992
2,7585,train,1.6578530073165894,1.2502573605106034e-05,10.198152542114258
2,7586,train,1.5696666240692139,1.2497426394893968e-05,13.454105377197266
2,7587,train,0.7663090229034424,1.2492279184681904e-05,7.144346714019775
2,7588,train,1.4189810752868652,1.248713197446984e-05,11.476067543029785
2,7589,train,1.2194411754608154,1.248198476425777e-05,9.619969367980957
2,7590,train,0.9007387757301331,1.2476837554045706e-05,8.29593563079834
2,7591,train,0.6543400883674622,1.2471690343833642e-05,6.323295593261719
2,7592,train,0.9494727253913879,1.2466543133621578e-05,7.695226669311523
2,7593,train,0.9052135944366455,1.2461395923409514e-05,10.068227767944336
2,7594,train,1.3082902431488037,1.245624871319745e-05,8.549652099609375
2,7595,train,1.0591588020324707,1.2451101502985385e-05,9.086321830749512
2,7596,train,1.1291074752807617,1.2445954292773315e-05,8.68773078918457
2,7597,train,1.1157691478729248,1.244080708256125e-05,9.0283784866333
2,7598,train,1.2164007425308228,1.2435659872349186e-05,10.242415428161621
2,7599,train,0.8863006234169006,1.2430512662137122e-05,7.26440954208374
2,7600,train,1.5157352685928345,1.2425365451925058e-05,12.06209945678711
2,7601,train,0.614385187625885,1.2420218241712994e-05,5.625444412231445
2,7602,train,0.841694176197052,1.2415071031500925e-05,6.909052848815918
2,7603,train,1.311667561531067,1.240992382128886e-05,10.976217269897461
2,7604,train,1.1531767845153809,1.2404776611076796e-05,11.342159271240234
2,7605,train,0.722461998462677,1.2399629400864732e-05,6.619173526763916
2,7606,train,1.1801280975341797,1.2394482190652668e-05,11.301396369934082
2,7607,train,0.7817456126213074,1.2389334980440604e-05,6.565738201141357
2,7608,train,1.2711695432662964,1.238418777022854e-05,10.778732299804688
2,7609,train,1.2614039182662964,1.2379040560016469e-05,12.284649848937988
2,7610,train,0.7921462655067444,1.2373893349804405e-05,6.8765339851379395
2,7611,train,1.0433958768844604,1.236874613959234e-05,10.127723693847656
2,7612,train,1.1388452053070068,1.2363598929380277e-05,11.138278007507324
2,7613,train,1.246920108795166,1.2358451719168212e-05,11.002336502075195
2,7614,train,1.1380001306533813,1.2353304508956148e-05,9.328174591064453
2,7615,train,0.9717566967010498,1.234815729874408e-05,8.801383018493652
2,7616,train,1.369653344154358,1.2343010088532015e-05,11.585975646972656
2,7617,train,0.6810368895530701,1.2337862878319951e-05,8.380572319030762
2,7618,train,1.86090087890625,1.2332715668107885e-05,13.499347686767578
2,7619,train,0.9914495348930359,1.2327568457895821e-05,7.8860883712768555
2,7620,train,0.8523276448249817,1.2322421247683757e-05,8.625900268554688
2,7621,train,0.7520978450775146,1.2317274037471693e-05,6.831806659698486
2,7622,train,1.0014934539794922,1.2312126827259623e-05,8.427515983581543
2,7623,train,1.3084138631820679,1.230697961704756e-05,9.88985824584961
2,7624,train,0.8387292623519897,1.2301832406835495e-05,6.875231742858887
2,7625,train,0.8025853633880615,1.2296685196623431e-05,6.2802815437316895
2,7626,train,0.4690064787864685,1.2291537986411367e-05,4.464733123779297
2,7627,train,0.8998563289642334,1.2286390776199303e-05,8.708956718444824
2,7628,train,1.471019983291626,1.2281243565987239e-05,9.594483375549316
2,7629,train,0.7062644362449646,1.2276096355775168e-05,6.893645763397217
2,7630,train,0.9250156879425049,1.2270949145563104e-05,8.366043090820312
2,7631,train,1.4433153867721558,1.226580193535104e-05,11.522347450256348
2,7632,train,0.6824999451637268,1.2260654725138975e-05,7.108901023864746
2,7633,train,1.3505134582519531,1.2255507514926911e-05,11.815932273864746
2,7634,train,0.9816818833351135,1.2250360304714847e-05,10.540084838867188
2,7635,train,0.9261684417724609,1.2245213094502778e-05,6.591650009155273
2,7636,train,1.3185619115829468,1.2240065884290714e-05,8.994874954223633
2,7637,train,1.382811188697815,1.223491867407865e-05,10.040627479553223
2,7638,train,1.3041973114013672,1.2229771463866586e-05,11.15554428100586
2,7639,train,1.0823285579681396,1.2224624253654521e-05,10.367472648620605
2,7640,train,1.2820628881454468,1.2219477043442457e-05,12.170767784118652
2,7641,train,1.3296866416931152,1.2214329833230393e-05,11.41783618927002
2,7642,train,1.1412090063095093,1.2209182623018322e-05,9.305986404418945
2,7643,train,1.021265983581543,1.2204035412806258e-05,8.05522632598877
2,7644,train,1.4851078987121582,1.2198888202594194e-05,10.384834289550781
2,7645,train,0.9123625159263611,1.219374099238213e-05,7.304957389831543
2,7646,train,1.0512125492095947,1.2188593782170066e-05,9.267797470092773
2,7647,train,1.2039406299591064,1.2183446571958002e-05,9.175385475158691
2,7648,train,1.0693107843399048,1.2178299361745932e-05,10.108083724975586
2,7649,train,1.3818724155426025,1.2173152151533868e-05,11.19246768951416
2,7650,train,1.1669896841049194,1.2168004941321804e-05,9.712198257446289
2,7651,train,0.5966618061065674,1.2162857731109738e-05,5.399303436279297
2,7652,train,0.7176123261451721,1.2157710520897674e-05,5.739201068878174
2,7653,train,0.9011763334274292,1.215256331068561e-05,8.881385803222656
2,7654,train,1.1045334339141846,1.2147416100473546e-05,8.511129379272461
2,7655,train,1.1558282375335693,1.2142268890261477e-05,9.583842277526855
2,7656,train,1.1355839967727661,1.2137121680049413e-05,9.745802879333496
2,7657,train,1.5589113235473633,1.2131974469837348e-05,13.206464767456055
2,7658,train,1.0552358627319336,1.2126827259625284e-05,9.591501235961914
2,7659,train,1.3223859071731567,1.212168004941322e-05,9.883508682250977
2,7660,train,0.8137446641921997,1.2116532839201156e-05,7.254622936248779
2,7661,train,1.6612753868103027,1.2111385628989085e-05,12.496748924255371
2,7662,train,1.2173242568969727,1.2106238418777021e-05,9.873140335083008
2,7663,train,1.075958251953125,1.2101091208564957e-05,9.391971588134766
2,7664,train,1.1144883632659912,1.2095943998352893e-05,9.28711986541748
2,7665,train,0.764092206954956,1.2090796788140829e-05,6.511661529541016
2,7666,train,1.5439784526824951,1.2085649577928765e-05,10.346317291259766
2,7667,train,1.3485910892486572,1.20805023677167e-05,10.298636436462402
2,7668,train,0.8794795274734497,1.2075355157504631e-05,7.394341468811035
2,7669,train,1.463505744934082,1.2070207947292567e-05,10.630922317504883
2,7670,train,1.0529978275299072,1.2065060737080503e-05,8.486217498779297
2,7671,train,1.6380077600479126,1.2059913526868439e-05,14.149922370910645
2,7672,train,0.872860312461853,1.2054766316656375e-05,7.63852596282959
2,7673,train,0.9798545241355896,1.204961910644431e-05,9.28618335723877
2,7674,train,0.7614617347717285,1.204447189623224e-05,7.623697280883789
2,7675,train,1.2603590488433838,1.2039324686020176e-05,10.54328727722168
2,7676,train,1.5573441982269287,1.2034177475808111e-05,11.389427185058594
2,7677,train,0.795928955078125,1.2029030265596047e-05,6.932000637054443
2,7678,train,1.0233858823776245,1.2023883055383983e-05,10.003462791442871
2,7679,train,0.7861798405647278,1.2018735845171919e-05,7.979184150695801
2,7680,train,1.3485673666000366,1.2013588634959855e-05,9.728172302246094
2,7681,train,1.0192785263061523,1.2008441424747786e-05,8.099150657653809
2,7682,train,1.1026086807250977,1.2003294214535722e-05,7.88385009765625
2,7683,train,0.7328479290008545,1.1998147004323656e-05,7.032251358032227
2,7684,train,0.8517778515815735,1.1992999794111592e-05,7.777960777282715
2,7685,train,1.2802292108535767,1.1987852583899527e-05,9.730237007141113
2,7686,train,0.8717405200004578,1.1982705373687463e-05,9.823670387268066
2,7687,train,0.9746349453926086,1.1977558163475394e-05,9.423269271850586
2,7688,train,1.6453979015350342,1.197241095326333e-05,13.589823722839355
2,7689,train,1.204093337059021,1.1967263743051266e-05,10.20097827911377
2,7690,train,1.5288735628128052,1.1962116532839202e-05,10.176729202270508
2,7691,train,1.2910716533660889,1.1956969322627138e-05,10.179295539855957
2,7692,train,1.673270344734192,1.1951822112415073e-05,14.377609252929688
2,7693,train,0.6682128310203552,1.194667490220301e-05,6.012468338012695
2,7694,train,1.712288498878479,1.1941527691990938e-05,12.783392906188965
2,7695,train,0.6982519030570984,1.1936380481778874e-05,6.695966720581055
2,7696,train,1.2749768495559692,1.193123327156681e-05,10.76994800567627
2,7697,train,1.0712425708770752,1.1926086061354746e-05,10.523029327392578
2,7698,train,0.8903132677078247,1.1920938851142682e-05,8.43216609954834
2,7699,train,0.8916435241699219,1.1915791640930618e-05,9.40910530090332
2,7700,train,0.9152645468711853,1.1910644430718554e-05,8.41252326965332
2,7701,train,1.5317462682724,1.1905497220506484e-05,12.065299987792969
2,7702,train,1.3565810918807983,1.190035001029442e-05,9.849752426147461
2,7703,train,0.9694915413856506,1.1895202800082356e-05,9.239251136779785
2,7704,train,0.9562823176383972,1.1890055589870292e-05,7.008983135223389
2,7705,train,1.316246509552002,1.1884908379658228e-05,11.605350494384766
2,7706,train,0.946000337600708,1.1879761169446164e-05,7.057232856750488
2,7707,train,1.0820062160491943,1.1874613959234093e-05,11.671951293945312
2,7708,train,0.9252959489822388,1.1869466749022029e-05,9.026693344116211
2,7709,train,0.8530089259147644,1.1864319538809965e-05,6.943496227264404
2,7710,train,1.0933103561401367,1.18591723285979e-05,8.366203308105469
2,7711,train,1.4091579914093018,1.1854025118385836e-05,10.980064392089844
2,7712,train,1.5895092487335205,1.1848877908173772e-05,11.387101173400879
2,7713,train,0.8666892051696777,1.1843730697961708e-05,7.968993663787842
2,7714,train,0.7523790597915649,1.1838583487749639e-05,7.8173418045043945
2,7715,train,0.6489970088005066,1.1833436277537575e-05,5.505943775177002
2,7716,train,0.6754329204559326,1.1828289067325509e-05,6.777799129486084
2,7717,train,1.3122934103012085,1.1823141857113445e-05,9.1542329788208
2,7718,train,0.9497339725494385,1.181799464690138e-05,9.202871322631836
2,7719,train,1.4846773147583008,1.1812847436689317e-05,11.732975006103516
2,7720,train,0.9895216226577759,1.1807700226477247e-05,8.594292640686035
2,7721,train,1.2696139812469482,1.1802553016265183e-05,11.378423690795898
2,7722,train,0.969936192035675,1.1797405806053119e-05,9.524535179138184
2,7723,train,1.633011817932129,1.1792258595841055e-05,12.780914306640625
2,7724,train,1.167404055595398,1.1787111385628991e-05,8.865177154541016
2,7725,train,1.2342565059661865,1.1781964175416927e-05,11.210926055908203
2,7726,train,0.9543020725250244,1.1776816965204863e-05,7.988195896148682
2,7727,train,0.7697712779045105,1.1771669754992792e-05,7.895574569702148
2,7728,train,0.966338038444519,1.1766522544780728e-05,7.307526588439941
2,7729,train,0.9429168701171875,1.1761375334568663e-05,7.686805725097656
2,7730,train,0.9578084945678711,1.17562281243566e-05,8.075129508972168
2,7731,train,0.7881578803062439,1.1751080914144535e-05,6.778416633605957
2,7732,train,0.9080415368080139,1.1745933703932471e-05,7.323866844177246
2,7733,train,1.3031206130981445,1.1740786493720402e-05,10.403138160705566
2,7734,train,1.0197513103485107,1.1735639283508338e-05,9.913877487182617
2,7735,train,0.8257222771644592,1.1730492073296274e-05,6.347297668457031
2,7736,train,0.5729718208312988,1.172534486308421e-05,5.132418632507324
2,7737,train,0.8282395005226135,1.1720197652872145e-05,6.024534702301025
2,7738,train,0.8282849192619324,1.1715050442660081e-05,8.020014762878418
2,7739,train,1.9368889331817627,1.1709903232448015e-05,12.976765632629395
2,7740,train,1.1617510318756104,1.1704756022235946e-05,9.0718355178833
2,7741,train,0.7046589851379395,1.1699608812023882e-05,6.219481945037842
2,7742,train,0.9306850433349609,1.1694461601811818e-05,8.9406156539917
2,7743,train,1.2752496004104614,1.1689314391599754e-05,10.001057624816895
2,7744,train,1.1167463064193726,1.168416718138769e-05,9.274946212768555
2,7745,train,0.839514970779419,1.1679019971175626e-05,7.953272342681885
2,7746,train,1.0978142023086548,1.1673872760963556e-05,8.84225082397461
2,7747,train,1.0886708498001099,1.1668725550751492e-05,9.845497131347656
2,7748,train,0.8673462867736816,1.1663578340539426e-05,7.483828067779541
2,7749,train,1.0436943769454956,1.1658431130327362e-05,9.689244270324707
2,7750,train,0.8167247772216797,1.1653283920115298e-05,7.405336856842041
2,7751,train,1.2190254926681519,1.1648136709903234e-05,10.447501182556152
2,7752,train,1.2863231897354126,1.164298949969117e-05,9.359548568725586
2,7753,train,0.8770452737808228,1.16378422894791e-05,7.35914421081543
2,7754,train,1.2243585586547852,1.1632695079267037e-05,7.648725986480713
2,7755,train,0.6612533926963806,1.1627547869054972e-05,6.554859161376953
2,7756,train,1.0977884531021118,1.1622400658842908e-05,9.214007377624512
2,7757,train,1.2341923713684082,1.1617253448630844e-05,9.966724395751953
2,7758,train,1.4969478845596313,1.161210623841878e-05,12.231607437133789
2,7759,train,1.3926819562911987,1.1606959028206709e-05,11.153371810913086
2,7760,train,1.3588896989822388,1.1601811817994645e-05,8.642828941345215
2,7761,train,1.3957676887512207,1.159666460778258e-05,12.501869201660156
2,7762,train,0.8504602909088135,1.1591517397570517e-05,8.271177291870117
2,7763,train,1.356263279914856,1.1586370187358453e-05,10.95290756225586
2,7764,train,1.1244843006134033,1.1581222977146388e-05,8.168642044067383
2,7765,train,1.274527668952942,1.1576075766934324e-05,11.768534660339355
2,7766,train,1.4072003364562988,1.1570928556722255e-05,10.56082820892334
2,7767,train,1.598035454750061,1.1565781346510191e-05,13.07166576385498
2,7768,train,1.5386629104614258,1.1560634136298127e-05,14.111344337463379
2,7769,train,0.9666383266448975,1.1555486926086063e-05,9.451934814453125
2,7770,train,1.8563369512557983,1.1550339715873999e-05,14.468019485473633
2,7771,train,0.7498100399971008,1.1545192505661934e-05,7.442449569702148
2,7772,train,0.6475204825401306,1.1540045295449869e-05,5.9726738929748535
2,7773,train,1.233735203742981,1.15348980852378e-05,10.706629753112793
2,7774,train,1.2122288942337036,1.1529750875025735e-05,9.781702041625977
2,7775,train,1.4494550228118896,1.1524603664813671e-05,9.791210174560547
2,7776,train,1.1480681896209717,1.1519456454601607e-05,10.218241691589355
2,7777,train,1.1767919063568115,1.1514309244389543e-05,10.781573295593262
2,7778,train,1.5432732105255127,1.1509162034177479e-05,14.119120597839355
2,7779,train,1.551477074623108,1.150401482396541e-05,12.892678260803223
2,7780,train,1.2901445627212524,1.1498867613753345e-05,12.30929183959961
2,7781,train,1.0264023542404175,1.149372040354128e-05,6.834518909454346
2,7782,train,0.9953222274780273,1.1488573193329216e-05,9.07992935180664
2,7783,train,1.1797254085540771,1.1483425983117151e-05,9.942941665649414
2,7784,train,1.1219977140426636,1.1478278772905087e-05,8.461827278137207
2,7785,train,1.0742225646972656,1.1473131562693023e-05,9.682235717773438
2,7786,train,0.7535680532455444,1.1467984352480954e-05,6.479644775390625
2,7787,train,0.9953405261039734,1.146283714226889e-05,8.77640438079834
2,7788,train,1.5302574634552002,1.1457689932056826e-05,12.329503059387207
2,7789,train,1.5397197008132935,1.1452542721844762e-05,11.186148643493652
2,7790,train,0.6753018498420715,1.1447395511632697e-05,6.505697727203369
2,7791,train,1.035584807395935,1.1442248301420633e-05,10.256881713867188
2,7792,train,0.8655101656913757,1.1437101091208562e-05,7.100760459899902
2,7793,train,0.9551584124565125,1.1431953880996498e-05,8.8969087600708
2,7794,train,1.767686128616333,1.1426806670784434e-05,13.306302070617676
2,7795,train,1.1068012714385986,1.142165946057237e-05,8.712442398071289
2,7796,train,1.3511112928390503,1.1416512250360306e-05,9.965617179870605
2,7797,train,1.1801563501358032,1.1411365040148242e-05,8.82140827178955
2,7798,train,0.7123578190803528,1.1406217829936178e-05,7.123476505279541
2,7799,train,1.208171010017395,1.1401070619724108e-05,9.785721778869629
2,7800,train,1.507729172706604,1.1395923409512044e-05,12.240004539489746
2,7801,train,0.694299578666687,1.139077619929998e-05,6.218677520751953
2,7802,train,1.3733476400375366,1.1385628989087916e-05,12.181293487548828
2,7803,train,1.3335604667663574,1.1380481778875852e-05,10.023869514465332
2,7804,train,0.9217252135276794,1.1375334568663786e-05,9.30109691619873
2,7805,train,1.095226764678955,1.1370187358451717e-05,10.516329765319824
2,7806,train,1.5089218616485596,1.1365040148239653e-05,10.885396957397461
2,7807,train,0.9865165948867798,1.1359892938027589e-05,9.696820259094238
2,7808,train,0.9957485198974609,1.1354745727815524e-05,11.170615196228027
2,7809,train,1.2157715559005737,1.134959851760346e-05,11.078304290771484
2,7810,train,0.8963640332221985,1.1344451307391396e-05,9.177228927612305
2,7811,train,1.172507882118225,1.1339304097179332e-05,10.338232040405273
2,7812,train,1.2249945402145386,1.1334156886967263e-05,11.879191398620605
2,7813,train,0.7237153053283691,1.1329009676755197e-05,7.219504356384277
2,7814,train,0.8226293921470642,1.1323862466543133e-05,8.148077011108398
2,7815,train,1.2046159505844116,1.1318715256331069e-05,10.155858993530273
2,7816,train,1.2837541103363037,1.1313568046119005e-05,10.544923782348633
2,7817,train,1.0407838821411133,1.130842083590694e-05,11.248675346374512
2,7818,train,1.4124492406845093,1.1303273625694871e-05,9.221163749694824
2,7819,train,1.42123544216156,1.1298126415482807e-05,11.843005180358887
2,7820,train,1.0214482545852661,1.1292979205270743e-05,9.88792896270752
2,7821,train,1.3437367677688599,1.1287831995058679e-05,10.121259689331055
2,7822,train,0.8496639132499695,1.1282684784846615e-05,8.269922256469727
2,7823,train,1.385428547859192,1.127753757463455e-05,10.25835132598877
2,7824,train,0.9090096950531006,1.1272390364422487e-05,7.9840312004089355
2,7825,train,0.9746193885803223,1.1267243154210416e-05,9.95492172241211
2,7826,train,1.2348259687423706,1.1262095943998351e-05,11.48177719116211
2,7827,train,0.9196235537528992,1.1256948733786287e-05,8.892480850219727
2,7828,train,1.564325213432312,1.1251801523574223e-05,10.852052688598633
2,7829,train,1.1858834028244019,1.1246654313362159e-05,10.861590385437012
2,7830,train,0.8710225224494934,1.1241507103150095e-05,8.950399398803711
2,7831,train,1.553772211074829,1.1236359892938026e-05,14.947142601013184
2,7832,train,0.9478162527084351,1.1231212682725962e-05,9.840697288513184
2,7833,train,1.675331950187683,1.1226065472513898e-05,12.690593719482422
2,7834,train,1.0849182605743408,1.1220918262301833e-05,10.51951789855957
2,7835,train,1.1183340549468994,1.121577105208977e-05,10.920686721801758
2,7836,train,1.363804578781128,1.1210623841877705e-05,12.539434432983398
2,7837,train,0.9499047994613647,1.120547663166564e-05,8.458657264709473
2,7838,train,1.2308528423309326,1.120032942145357e-05,11.063272476196289
2,7839,train,1.1939138174057007,1.1195182211241506e-05,9.974822998046875
2,7840,train,1.3096448183059692,1.1190035001029442e-05,10.960671424865723
2,7841,train,1.3203198909759521,1.1184887790817378e-05,11.378540992736816
2,7842,train,1.710477352142334,1.1179740580605314e-05,11.482226371765137
2,7843,train,1.569947361946106,1.117459337039325e-05,12.080559730529785
2,7844,train,1.0278632640838623,1.1169446160181185e-05,8.541763305664062
2,7845,train,0.8069959878921509,1.1164298949969116e-05,6.869861125946045
2,7846,train,0.9495702385902405,1.115915173975705e-05,8.509058952331543
2,7847,train,1.148663878440857,1.1154004529544986e-05,10.42230224609375
2,7848,train,0.8940000534057617,1.1148857319332922e-05,8.79435920715332
2,7849,train,0.9324811697006226,1.1143710109120858e-05,8.474665641784668
2,7850,train,1.3185105323791504,1.1138562898908794e-05,11.368355751037598
2,7851,train,1.1692157983779907,1.1133415688696725e-05,10.158313751220703
2,7852,train,1.0887298583984375,1.112826847848466e-05,8.638052940368652
2,7853,train,1.2665084600448608,1.1123121268272596e-05,9.162064552307129
2,7854,train,1.0506994724273682,1.1117974058060532e-05,9.651982307434082
2,7855,train,1.4445490837097168,1.1112826847848468e-05,13.35231876373291
2,7856,train,0.9784387946128845,1.1107679637636404e-05,8.44014835357666
2,7857,train,1.692976713180542,1.110253242742434e-05,12.206141471862793
2,7858,train,0.7240927219390869,1.1097385217212269e-05,7.7028398513793945
2,7859,train,1.7714186906814575,1.1092238007000205e-05,10.359992980957031
2,7860,train,1.1705811023712158,1.108709079678814e-05,11.042075157165527
2,7861,train,1.3330923318862915,1.1081943586576076e-05,11.253140449523926
2,7862,train,0.7997832894325256,1.1076796376364012e-05,6.188304901123047
2,7863,train,1.0461719036102295,1.1071649166151948e-05,8.400467872619629
2,7864,train,0.8561589121818542,1.1066501955939879e-05,7.219852924346924
2,7865,train,0.5652762651443481,1.1061354745727815e-05,5.422645568847656
2,7866,train,1.5253052711486816,1.105620753551575e-05,11.516858100891113
2,7867,train,1.1624878644943237,1.1051060325303687e-05,9.800897598266602
2,7868,train,1.1675807237625122,1.1045913115091623e-05,8.494629859924316
2,7869,train,0.5848515629768372,1.1040765904879557e-05,5.120430946350098
2,7870,train,1.2506636381149292,1.1035618694667493e-05,11.734735488891602
2,7871,train,1.2097111940383911,1.1030471484455423e-05,9.148476600646973
2,7872,train,1.1851882934570312,1.102532427424336e-05,9.294609069824219
2,7873,train,1.7652431726455688,1.1020177064031295e-05,13.004027366638184
2,7874,train,0.9119029641151428,1.1015029853819231e-05,9.072501182556152
2,7875,train,1.425767183303833,1.1009882643607167e-05,10.822314262390137
2,7876,train,1.2054994106292725,1.1004735433395103e-05,10.096543312072754
2,7877,train,1.0713257789611816,1.0999588223183033e-05,10.49792194366455
2,7878,train,0.7937585115432739,1.0994441012970968e-05,6.579136371612549
2,7879,train,0.921566367149353,1.0989293802758904e-05,8.7998685836792
2,7880,train,1.0631577968597412,1.098414659254684e-05,12.048873901367188
2,7881,train,1.7446544170379639,1.0978999382334775e-05,13.217215538024902
2,7882,train,1.2787823677062988,1.0973852172122711e-05,9.754459381103516
2,7883,train,1.499575138092041,1.0968704961910647e-05,10.660198211669922
2,7884,train,1.191030740737915,1.0963557751698578e-05,9.622038841247559
2,7885,train,0.9281796813011169,1.0958410541486514e-05,9.742140769958496
2,7886,train,1.1534143686294556,1.095326333127445e-05,10.452518463134766
2,7887,train,0.7746438980102539,1.0948116121062385e-05,6.838734149932861
2,7888,train,1.0668858289718628,1.0942968910850321e-05,9.534470558166504
2,7889,train,1.2922345399856567,1.0937821700638257e-05,10.71660041809082
2,7890,train,1.3226239681243896,1.0932674490426186e-05,9.861007690429688
2,7891,train,0.8631277084350586,1.0927527280214122e-05,8.810873985290527
2,7892,train,1.156682014465332,1.0922380070002058e-05,9.403483390808105
2,7893,train,0.9609030485153198,1.0917232859789994e-05,8.053960800170898
2,7894,train,1.5399576425552368,1.091208564957793e-05,12.95355224609375
2,7895,train,1.036991000175476,1.0906938439365866e-05,8.630876541137695
2,7896,train,0.91151362657547,1.0901791229153802e-05,9.29146671295166
2,7897,train,0.8221225738525391,1.0896644018941732e-05,7.9469685554504395
2,7898,train,1.1988525390625,1.0891496808729668e-05,8.961076736450195
2,7899,train,0.6876199245452881,1.0886349598517604e-05,6.75163459777832
2,7900,train,1.2354480028152466,1.088120238830554e-05,10.196038246154785
2,7901,train,1.1386981010437012,1.0876055178093476e-05,9.170242309570312
2,7902,train,0.7180111408233643,1.087090796788141e-05,6.246296405792236
2,7903,train,1.4922846555709839,1.086576075766934e-05,12.605864524841309
2,7904,train,1.060062289237976,1.0860613547457277e-05,7.764960289001465
2,7905,train,0.5199822783470154,1.0855466337245212e-05,5.6039605140686035
2,7906,train,1.6975222826004028,1.0850319127033148e-05,13.062031745910645
2,7907,train,0.786609411239624,1.0845171916821084e-05,7.127047538757324
2,7908,train,1.1826761960983276,1.084002470660902e-05,10.31149959564209
2,7909,train,0.9840254187583923,1.0834877496396956e-05,9.597227096557617
2,7910,train,0.8861979246139526,1.0829730286184887e-05,8.939228057861328
2,7911,train,1.3275539875030518,1.0824583075972821e-05,10.63797664642334
2,7912,train,1.1840349435806274,1.0819435865760757e-05,10.698551177978516
2,7913,train,0.9277600646018982,1.0814288655548693e-05,8.954029083251953
2,7914,train,1.1522339582443237,1.0809141445336629e-05,9.476214408874512
2,7915,train,1.4691860675811768,1.0803994235124564e-05,12.384679794311523
2,7916,train,1.126275897026062,1.07988470249125e-05,9.412113189697266
2,7917,train,0.7847684025764465,1.0793699814700431e-05,8.43692398071289
2,7918,train,1.5568366050720215,1.0788552604488367e-05,10.011682510375977
2,7919,train,0.9149914979934692,1.0783405394276303e-05,9.428871154785156
2,7920,train,1.6370562314987183,1.0778258184064239e-05,14.320589065551758
2,7921,train,1.3001224994659424,1.0773110973852175e-05,9.242881774902344
2,7922,train,1.2276079654693604,1.076796376364011e-05,10.321115493774414
2,7923,train,0.7738929986953735,1.076281655342804e-05,5.824073314666748
2,7924,train,1.2399449348449707,1.0757669343215975e-05,9.709184646606445
2,7925,train,1.3409665822982788,1.0752522133003911e-05,9.051398277282715
2,7926,train,1.0653014183044434,1.0747374922791847e-05,8.410181045532227
2,7927,train,1.209369421005249,1.0742227712579783e-05,11.529653549194336
2,7928,train,2.0012285709381104,1.0737080502367719e-05,13.738762855529785
2,7929,train,0.9337257742881775,1.0731933292155655e-05,7.658892631530762
2,7930,train,1.516364574432373,1.0726786081943586e-05,11.237000465393066
2,7931,train,1.415421962738037,1.0721638871731521e-05,10.799736022949219
2,7932,train,1.1108100414276123,1.0716491661519457e-05,9.377473831176758
2,7933,train,0.958289623260498,1.0711344451307393e-05,7.836970329284668
2,7934,train,1.5043678283691406,1.0706197241095327e-05,13.237299919128418
2,7935,train,1.1416027545928955,1.0701050030883263e-05,8.990540504455566
2,7936,train,1.098189353942871,1.0695902820671194e-05,7.0732951164245605
2,7937,train,0.982574999332428,1.069075561045913e-05,7.900121688842773
2,7938,train,1.4010285139083862,1.0685608400247066e-05,10.845325469970703
2,7939,train,1.360579490661621,1.0680461190035002e-05,12.081196784973145
2,7940,train,1.1073009967803955,1.0675313979822937e-05,10.839197158813477
2,7941,train,1.6468665599822998,1.0670166769610873e-05,11.055564880371094
2,7942,train,1.1188485622406006,1.066501955939881e-05,12.778990745544434
2,7943,train,1.1269887685775757,1.0659872349186738e-05,7.8207688331604
2,7944,train,1.2759534120559692,1.0654725138974674e-05,10.076621055603027
2,7945,train,1.248550295829773,1.064957792876261e-05,10.294160842895508
2,7946,train,1.2938463687896729,1.0644430718550546e-05,10.796431541442871
2,7947,train,0.9071221351623535,1.0639283508338482e-05,6.56491231918335
2,7948,train,1.0930262804031372,1.0634136298126418e-05,13.687432289123535
2,7949,train,1.931447148323059,1.0628989087914348e-05,13.436049461364746
2,7950,train,1.139952301979065,1.0623841877702284e-05,10.060445785522461
2,7951,train,1.4124720096588135,1.061869466749022e-05,12.108951568603516
2,7952,train,1.204573154449463,1.0613547457278156e-05,10.746822357177734
2,7953,train,1.3479324579238892,1.0608400247066092e-05,10.822539329528809
2,7954,train,1.107994556427002,1.0603253036854028e-05,10.27592945098877
2,7955,train,1.0090975761413574,1.0598105826641964e-05,7.779969215393066
2,7956,train,1.2047899961471558,1.0592958616429893e-05,8.948617935180664
2,7957,train,0.7083033323287964,1.0587811406217829e-05,6.142394065856934
2,7958,train,1.2729138135910034,1.0582664196005765e-05,10.343330383300781
2,7959,train,1.5193266868591309,1.05775169857937e-05,12.056048393249512
2,7960,train,0.9110820293426514,1.0572369775581636e-05,7.903576850891113
2,7961,train,1.119261384010315,1.0567222565369572e-05,9.267040252685547
2,7962,train,0.9906764626502991,1.0562075355157503e-05,10.40123176574707
2,7963,train,1.3180744647979736,1.0556928144945439e-05,10.92137622833252
2,7964,train,1.2589067220687866,1.0551780934733375e-05,12.526817321777344
2,7965,train,0.9069812893867493,1.054663372452131e-05,7.283395290374756
2,7966,train,0.9666635394096375,1.0541486514309246e-05,9.469722747802734
2,7967,train,0.960192859172821,1.053633930409718e-05,7.792316436767578
2,7968,train,1.357831358909607,1.0531192093885116e-05,9.66269302368164
2,7969,train,0.7066227197647095,1.0526044883673047e-05,6.664196491241455
2,7970,train,0.7253047823905945,1.0520897673460983e-05,6.7232770919799805
2,7971,train,0.8279840350151062,1.0515750463248919e-05,8.263253211975098
2,7972,train,1.2449873685836792,1.0510603253036855e-05,10.62757682800293
2,7973,train,1.129462718963623,1.050545604282479e-05,8.88930606842041
2,7974,train,1.0375288724899292,1.0500308832612727e-05,8.588783264160156
2,7975,train,0.9507017135620117,1.0495161622400657e-05,8.234821319580078
2,7976,train,0.8631153702735901,1.0490014412188592e-05,7.738493919372559
2,7977,train,1.1471904516220093,1.0484867201976527e-05,9.827314376831055
2,7978,train,0.8031578660011292,1.0479719991764463e-05,7.2273850440979
2,7979,train,1.1548813581466675,1.04745727815524e-05,11.63874340057373
2,7980,train,1.6603013277053833,1.0469425571340335e-05,12.963424682617188
2,7981,train,1.5887571573257446,1.0464278361128271e-05,11.969712257385254
2,7982,train,0.7735812067985535,1.0459131150916202e-05,7.779721736907959
2,7983,train,0.8865163326263428,1.0453983940704138e-05,8.563078880310059
2,7984,train,1.0143721103668213,1.0448836730492073e-05,9.162166595458984
2,7985,train,0.9532878994941711,1.044368952028001e-05,9.691868782043457
2,7986,train,1.5849690437316895,1.0438542310067945e-05,12.365748405456543
2,7987,train,1.2451989650726318,1.0433395099855881e-05,10.174460411071777
2,7988,train,1.523727536201477,1.0428247889643817e-05,11.934868812561035
2,7989,train,1.1203354597091675,1.0423100679431746e-05,8.549134254455566
2,7990,train,1.6385390758514404,1.0417953469219682e-05,13.737515449523926
2,7991,train,0.9720571041107178,1.0412806259007618e-05,8.541133880615234
2,7992,train,1.1990528106689453,1.0407659048795554e-05,10.457096099853516
2,7993,train,0.7389823198318481,1.040251183858349e-05,5.940141201019287
2,7994,train,0.7782707810401917,1.0397364628371425e-05,7.906533241271973
2,7995,train,0.978270411491394,1.0392217418159356e-05,8.017537117004395
2,7996,train,1.531240463256836,1.0387070207947292e-05,10.645952224731445
2,7997,train,1.36906898021698,1.0381922997735228e-05,9.706901550292969
2,7998,train,0.4487113058567047,1.0376775787523164e-05,5.725906848907471
2,7999,train,1.041810154914856,1.0371628577311098e-05,7.784735202789307
2,8000,train,1.1156569719314575,1.0366481367099034e-05,9.713358879089355
2,8001,train,0.9835165739059448,1.036133415688697e-05,8.401029586791992
2,8002,train,1.1003047227859497,1.03561869466749e-05,10.471646308898926
2,8003,train,1.3678721189498901,1.0351039736462836e-05,10.52927017211914
2,8004,train,1.5446254014968872,1.0345892526250772e-05,12.527240753173828
2,8005,train,1.057766318321228,1.0340745316038708e-05,8.432778358459473
2,8006,train,1.401175618171692,1.0335598105826644e-05,11.305391311645508
2,8007,train,1.7736858129501343,1.033045089561458e-05,12.336150169372559
2,8008,train,1.7625229358673096,1.0325303685402509e-05,13.650733947753906
2,8009,train,0.9556955695152283,1.0320156475190445e-05,7.893564701080322
2,8010,train,1.419331431388855,1.031500926497838e-05,11.776248931884766
2,8011,train,1.0435445308685303,1.0309862054766317e-05,8.837302207946777
2,8012,train,1.6045867204666138,1.0304714844554252e-05,12.121813774108887
2,8013,train,0.9214335083961487,1.0299567634342188e-05,9.589163780212402
2,8014,train,1.281531572341919,1.0294420424130124e-05,10.696447372436523
2,8015,train,1.6186103820800781,1.0289273213918055e-05,13.367430686950684
2,8016,train,1.1505861282348633,1.0284126003705991e-05,10.183649063110352
2,8017,train,1.0654741525650024,1.0278978793493927e-05,8.345979690551758
2,8018,train,0.708280622959137,1.0273831583281863e-05,6.652917385101318
2,8019,train,1.2713443040847778,1.0268684373069798e-05,9.176280975341797
2,8020,train,1.250177264213562,1.0263537162857734e-05,10.026220321655273
2,8021,train,0.6705438494682312,1.0258389952645663e-05,5.770725727081299
2,8022,train,0.5947743654251099,1.02532427424336e-05,5.939509391784668
2,8023,train,1.0311216115951538,1.0248095532221535e-05,7.888241291046143
2,8024,train,1.107122540473938,1.0242948322009471e-05,9.602078437805176
2,8025,train,0.670097291469574,1.0237801111797407e-05,7.553568363189697
2,8026,train,1.046790361404419,1.0232653901585343e-05,9.28365707397461
2,8027,train,0.8926515579223633,1.0227506691373279e-05,9.097440719604492
2,8028,train,0.9586691856384277,1.022235948116121e-05,8.664105415344238
2,8029,train,1.0930577516555786,1.0217212270949145e-05,9.920977592468262
2,8030,train,0.8889010548591614,1.0212065060737081e-05,7.110137462615967
2,8031,train,0.9953221082687378,1.0206917850525017e-05,9.310100555419922
2,8032,train,1.2650314569473267,1.0201770640312951e-05,10.802146911621094
2,8033,train,0.9785102605819702,1.0196623430100887e-05,9.54081916809082
2,8034,train,1.3463375568389893,1.0191476219888818e-05,10.507606506347656
2,8035,train,1.1817543506622314,1.0186329009676754e-05,8.487138748168945
2,8036,train,0.6756711006164551,1.018118179946469e-05,6.995863914489746
2,8037,train,1.2932809591293335,1.0176034589252626e-05,11.845355987548828
2,8038,train,1.2653886079788208,1.0170887379040561e-05,11.004203796386719
2,8039,train,0.6381766200065613,1.0165740168828497e-05,5.513105869293213
2,8040,train,1.6989517211914062,1.0160592958616433e-05,14.383237838745117
2,8041,train,0.8089005947113037,1.0155445748404362e-05,7.904053688049316
2,8042,train,1.539466142654419,1.0150298538192298e-05,12.247071266174316
2,8043,train,1.1694568395614624,1.0145151327980234e-05,10.199333190917969
2,8044,train,1.0657148361206055,1.014000411776817e-05,9.420437812805176
2,8045,train,0.6760511994361877,1.0134856907556106e-05,7.0438923835754395
2,8046,train,1.2321717739105225,1.0129709697344042e-05,8.68112850189209
2,8047,train,1.4164119958877563,1.0124562487131972e-05,11.682585716247559
2,8048,train,1.529345154762268,1.0119415276919908e-05,12.032164573669434
2,8049,train,1.3937417268753052,1.0114268066707844e-05,12.249031066894531
2,8050,train,1.871142864227295,1.010912085649578e-05,16.175010681152344
2,8051,train,0.5805931091308594,1.0103973646283716e-05,5.18573522567749
2,8052,train,1.2311487197875977,1.0098826436071652e-05,9.710892677307129
2,8053,train,1.0890532732009888,1.0093679225859588e-05,8.48997688293457
2,8054,train,0.8875786066055298,1.0088532015647517e-05,7.841071128845215
2,8055,train,1.0384172201156616,1.0083384805435453e-05,9.824424743652344
2,8056,train,1.250257134437561,1.0078237595223388e-05,8.776007652282715
2,8057,train,1.1500327587127686,1.0073090385011324e-05,10.04475212097168
2,8058,train,1.274599552154541,1.006794317479926e-05,10.440511703491211
2,8059,train,1.2142462730407715,1.0062795964587196e-05,10.79330825805664
2,8060,train,0.9403976798057556,1.0057648754375132e-05,7.139103412628174
2,8061,train,1.0947861671447754,1.0052501544163063e-05,9.43204116821289
2,8062,train,1.090309977531433,1.0047354333950999e-05,9.163186073303223
2,8063,train,1.126420497894287,1.0042207123738934e-05,8.491787910461426
2,8064,train,1.1650011539459229,1.0037059913526869e-05,9.429744720458984
2,8065,train,1.0448271036148071,1.0031912703314805e-05,9.497729301452637
2,8066,train,1.9407252073287964,1.002676549310274e-05,13.73491096496582
2,8067,train,1.4021461009979248,1.0021618282890671e-05,12.547676086425781
2,8068,train,1.524048089981079,1.0016471072678607e-05,13.390571594238281
2,8069,train,0.816002607345581,1.0011323862466543e-05,7.526037693023682
2,8070,train,1.1089003086090088,1.0006176652254479e-05,9.568227767944336
2,8071,train,1.4058281183242798,1.0001029442042415e-05,11.585745811462402
2,8072,train,1.3368597030639648,9.99588223183035e-06,11.1122407913208
2,8073,train,1.0783191919326782,9.990735021618286e-06,9.089191436767578
2,8074,train,1.055123209953308,9.985587811406215e-06,7.7226128578186035
2,8075,train,0.9652072787284851,9.980440601194151e-06,8.603595733642578
2,8076,train,1.2296186685562134,9.975293390982087e-06,10.142057418823242
2,8077,train,0.6349909901618958,9.970146180770023e-06,6.552914142608643
2,8078,train,1.594939112663269,9.964998970557959e-06,11.615937232971191
2,8079,train,1.7651432752609253,9.959851760345895e-06,10.910500526428223
2,8080,train,1.018618106842041,9.954704550133826e-06,9.87446117401123
2,8081,train,1.045128583908081,9.949557339921762e-06,7.728437900543213
2,8082,train,0.9742169976234436,9.944410129709697e-06,7.659618854522705
2,8083,train,0.8734915256500244,9.939262919497633e-06,8.188210487365723
2,8084,train,0.7581095099449158,9.934115709285569e-06,7.1167120933532715
2,8085,train,0.8071568608283997,9.928968499073505e-06,8.068011283874512
2,8086,train,1.3569241762161255,9.923821288861441e-06,11.899452209472656
2,8087,train,1.2054319381713867,9.91867407864937e-06,9.10207462310791
2,8088,train,1.4051449298858643,9.913526868437306e-06,10.802956581115723
2,8089,train,1.3716740608215332,9.908379658225242e-06,12.101211547851562
2,8090,train,1.0955562591552734,9.903232448013178e-06,9.520176887512207
2,8091,train,1.338673710823059,9.898085237801113e-06,9.29780101776123
2,8092,train,1.0296289920806885,9.89293802758905e-06,9.294859886169434
2,8093,train,1.167839527130127,9.88779081737698e-06,8.643174171447754
2,8094,train,0.8447026610374451,9.882643607164916e-06,7.699966907501221
2,8095,train,0.9683659672737122,9.877496396952852e-06,8.623537063598633
2,8096,train,1.1208739280700684,9.872349186740788e-06,12.791282653808594
2,8097,train,1.4620970487594604,9.867201976528722e-06,11.272825241088867
2,8098,train,1.2316735982894897,9.862054766316658e-06,10.83523178100586
2,8099,train,1.2530454397201538,9.856907556104594e-06,9.385886192321777
2,8100,train,1.0597326755523682,9.851760345892524e-06,8.777167320251465
2,8101,train,1.1537166833877563,9.84661313568046e-06,8.957207679748535
2,8102,train,0.7412115335464478,9.841465925468396e-06,6.406960487365723
2,8103,train,0.9884201288223267,9.836318715256332e-06,7.588315963745117
2,8104,train,1.1379139423370361,9.831171505044268e-06,10.328332901000977
2,8105,train,1.80006742477417,9.826024294832204e-06,13.073147773742676
2,8106,train,1.1844385862350464,9.820877084620133e-06,9.082279205322266
2,8107,train,1.1218606233596802,9.815729874408069e-06,10.375042915344238
2,8108,train,1.3297836780548096,9.810582664196005e-06,10.193696022033691
2,8109,train,1.4638876914978027,9.80543545398394e-06,10.676031112670898
2,8110,train,0.6559590101242065,9.800288243771876e-06,5.277925968170166
2,8111,train,1.439182996749878,9.795141033559812e-06,9.680960655212402
2,8112,train,1.4400700330734253,9.789993823347748e-06,10.722038269042969
2,8113,train,1.4800323247909546,9.784846613135679e-06,10.355796813964844
2,8114,train,1.0644609928131104,9.779699402923615e-06,8.564105987548828
2,8115,train,1.1377838850021362,9.77455219271155e-06,9.490854263305664
2,8116,train,1.481205701828003,9.769404982499487e-06,11.67126750946045
2,8117,train,0.920840322971344,9.764257772287422e-06,8.363690376281738
2,8118,train,1.048604130744934,9.759110562075358e-06,7.5362701416015625
2,8119,train,1.3920279741287231,9.753963351863287e-06,10.839509010314941
2,8120,train,1.009986162185669,9.748816141651223e-06,8.441791534423828
2,8121,train,1.078015685081482,9.743668931439159e-06,8.361605644226074
2,8122,train,0.8977344632148743,9.738521721227095e-06,6.728884220123291
2,8123,train,1.8035823106765747,9.73337451101503e-06,13.189135551452637
2,8124,train,1.2882747650146484,9.728227300802967e-06,11.263935089111328
2,8125,train,0.7852233052253723,9.723080090590903e-06,7.310081481933594
2,8126,train,1.1920037269592285,9.717932880378833e-06,10.23110294342041
2,8127,train,0.8743951320648193,9.71278567016677e-06,6.791591644287109
2,8128,train,1.3296369314193726,9.707638459954705e-06,11.968360900878906
2,8129,train,1.2004165649414062,9.70249124974264e-06,9.624706268310547
2,8130,train,1.3037426471710205,9.697344039530575e-06,9.166247367858887
2,8131,train,1.4031935930252075,9.692196829318511e-06,13.054939270019531
2,8132,train,0.6525238156318665,9.687049619106447e-06,6.050347328186035
2,8133,train,0.6987057328224182,9.681902408894378e-06,5.9531168937683105
2,8134,train,2.135340929031372,9.676755198682314e-06,15.583381652832031
2,8135,train,0.7931658029556274,9.67160798847025e-06,8.103960037231445
2,8136,train,1.6172511577606201,9.666460778258185e-06,14.704882621765137
2,8137,train,1.586734414100647,9.661313568046121e-06,13.486410140991211
2,8138,train,0.8663575649261475,9.656166357834057e-06,9.396476745605469
2,8139,train,1.1218675374984741,9.651019147621986e-06,9.009015083312988
2,8140,train,0.9854618906974792,9.645871937409922e-06,7.855383396148682
2,8141,train,1.2534897327423096,9.640724727197858e-06,9.366849899291992
2,8142,train,1.3466074466705322,9.635577516985794e-06,12.303764343261719
2,8143,train,1.2440872192382812,9.63043030677373e-06,9.315336227416992
2,8144,train,1.2260428667068481,9.625283096561666e-06,9.924986839294434
2,8145,train,1.2198617458343506,9.620135886349601e-06,11.54203987121582
2,8146,train,1.721632480621338,9.614988676137532e-06,12.271395683288574
2,8147,train,1.6379964351654053,9.609841465925468e-06,12.454045295715332
2,8148,train,1.0586310625076294,9.604694255713404e-06,10.84964656829834
2,8149,train,0.9669000506401062,9.59954704550134e-06,8.21396255493164
2,8150,train,1.354549527168274,9.594399835289276e-06,10.703402519226074
2,8151,train,1.0585039854049683,9.589252625077212e-06,9.298084259033203
2,8152,train,1.3266245126724243,9.58410541486514e-06,11.829341888427734
2,8153,train,1.091223120689392,9.578958204653076e-06,10.893196105957031
2,8154,train,1.194539189338684,9.573810994441012e-06,9.330334663391113
2,8155,train,0.8479073643684387,9.568663784228948e-06,8.287473678588867
2,8156,train,1.112233281135559,9.563516574016884e-06,10.33723258972168
2,8157,train,1.2274419069290161,9.55836936380482e-06,9.137127876281738
2,8158,train,1.3522745370864868,9.553222153592756e-06,12.155797958374023
2,8159,train,1.1543985605239868,9.548074943380687e-06,10.65848445892334
2,8160,train,1.223164439201355,9.542927733168623e-06,9.731904983520508
2,8161,train,0.9297705888748169,9.537780522956558e-06,8.866889953613281
2,8162,train,0.7478389143943787,9.532633312744493e-06,7.431092739105225
2,8163,train,1.4364395141601562,9.527486102532428e-06,11.773763656616211
2,8164,train,1.214626431465149,9.522338892320364e-06,9.25196647644043
2,8165,train,1.5568208694458008,9.517191682108295e-06,11.222591400146484
2,8166,train,1.266592025756836,9.512044471896231e-06,10.989418983459473
2,8167,train,0.8692155480384827,9.506897261684167e-06,7.997845649719238
2,8168,train,1.1548734903335571,9.501750051472103e-06,8.33790397644043
2,8169,train,0.9245180487632751,9.496602841260039e-06,9.4098482131958
2,8170,train,0.9915570020675659,9.491455631047974e-06,9.568595886230469
2,8171,train,1.2689026594161987,9.48630842083591e-06,10.507328987121582
2,8172,train,1.6611779928207397,9.48116121062384e-06,15.061266899108887
2,8173,train,1.1046561002731323,9.476014000411775e-06,10.6610746383667
2,8174,train,1.5251801013946533,9.470866790199711e-06,11.644824981689453
2,8175,train,1.2910970449447632,9.465719579987647e-06,10.197233200073242
2,8176,train,1.2537248134613037,9.460572369775583e-06,10.668292999267578
2,8177,train,1.198477029800415,9.455425159563519e-06,11.124564170837402
2,8178,train,1.0624241828918457,9.45027794935145e-06,8.59320068359375
2,8179,train,1.5848188400268555,9.445130739139385e-06,13.475481986999512
2,8180,train,0.9743107557296753,9.439983528927321e-06,9.216161727905273
2,8181,train,1.1467664241790771,9.434836318715257e-06,9.334798812866211
2,8182,train,1.1906434297561646,9.429689108503193e-06,12.147273063659668
2,8183,train,1.1356477737426758,9.424541898291129e-06,9.085926055908203
2,8184,train,0.7783179879188538,9.419394688079065e-06,6.783500671386719
2,8185,train,1.1676629781723022,9.414247477866994e-06,10.488471031188965
2,8186,train,1.4961401224136353,9.40910026765493e-06,12.865710258483887
2,8187,train,1.6838607788085938,9.403953057442866e-06,13.261246681213379
2,8188,train,1.5374523401260376,9.398805847230801e-06,12.107162475585938
2,8189,train,0.8607334494590759,9.393658637018737e-06,7.915392875671387
2,8190,train,1.0162644386291504,9.388511426806673e-06,7.664477825164795
2,8191,train,0.8244516253471375,9.383364216594604e-06,6.998929500579834
2,8192,train,0.7489913702011108,9.37821700638254e-06,7.549683570861816
2,8193,train,0.5548290610313416,9.373069796170476e-06,6.236407279968262
2,8194,train,0.9145821928977966,9.36792258595841e-06,9.052206993103027
2,8195,train,1.3731802701950073,9.362775375746346e-06,12.123139381408691
2,8196,train,0.9095054268836975,9.357628165534282e-06,7.876877784729004
2,8197,train,1.4971139430999756,9.352480955322218e-06,8.70189094543457
2,8198,train,1.8399158716201782,9.347333745110148e-06,13.305428504943848
2,8199,train,0.8643022179603577,9.342186534898084e-06,8.15850830078125
2,8200,train,1.1190085411071777,9.33703932468602e-06,9.931235313415527
2,8201,train,1.2637847661972046,9.331892114473956e-06,11.366426467895508
2,8202,train,1.118257999420166,9.326744904261892e-06,10.82408332824707
2,8203,train,0.5399165749549866,9.321597694049828e-06,5.951157093048096
2,8204,train,0.9011237025260925,9.316450483837764e-06,9.984689712524414
2,8205,train,0.8446692228317261,9.311303273625693e-06,8.250601768493652
2,8206,train,1.2565025091171265,9.306156063413629e-06,9.80280590057373
2,8207,train,1.245651125907898,9.301008853201564e-06,10.65141773223877
2,8208,train,1.5501452684402466,9.2958616429895e-06,12.366850852966309
2,8209,train,1.1088207960128784,9.290714432777436e-06,12.09997844696045
2,8210,train,0.7952719330787659,9.285567222565372e-06,7.0508131980896
2,8211,train,1.0382169485092163,9.280420012353303e-06,8.072566032409668
2,8212,train,0.9977397322654724,9.275272802141239e-06,8.4678316116333
2,8213,train,1.2765617370605469,9.270125591929175e-06,11.432147026062012
2,8214,train,1.036924123764038,9.26497838171711e-06,10.071415901184082
2,8215,train,1.3023760318756104,9.259831171505046e-06,10.66285514831543
2,8216,train,1.3282488584518433,9.254683961292982e-06,11.688140869140625
2,8217,train,1.105786681175232,9.249536751080918e-06,9.514955520629883
2,8218,train,1.3708363771438599,9.244389540868847e-06,10.173406600952148
2,8219,train,1.1133434772491455,9.239242330656783e-06,9.11947250366211
2,8220,train,1.2109756469726562,9.234095120444719e-06,10.021892547607422
2,8221,train,1.4896842241287231,9.228947910232655e-06,11.26512622833252
2,8222,train,0.8359987139701843,9.22380070002059e-06,7.626863479614258
2,8223,train,0.7776172161102295,9.218653489808526e-06,7.7510199546813965
2,8224,train,1.5194976329803467,9.213506279596457e-06,11.099560737609863
2,8225,train,0.8309895992279053,9.208359069384393e-06,7.731422424316406
2,8226,train,1.6583950519561768,9.203211859172329e-06,13.102131843566895
2,8227,train,1.0505292415618896,9.198064648960263e-06,7.963153839111328
2,8228,train,1.150244116783142,9.192917438748199e-06,9.094813346862793
2,8229,train,1.4414058923721313,9.187770228536135e-06,11.001562118530273
2,8230,train,1.202805995941162,9.18262301832407e-06,11.18234634399414
2,8231,train,0.7982207536697388,9.177475808112002e-06,6.171957015991211
2,8232,train,0.5833768844604492,9.172328597899937e-06,5.353682994842529
2,8233,train,1.1757901906967163,9.167181387687873e-06,9.387749671936035
2,8234,train,0.8768511414527893,9.16203417747581e-06,8.239310264587402
2,8235,train,1.5727157592773438,9.156886967263745e-06,13.535013198852539
2,8236,train,0.7735276222229004,9.151739757051681e-06,6.400871276855469
2,8237,train,1.0945558547973633,9.14659254683961e-06,10.484868049621582
2,8238,train,1.0903990268707275,9.141445336627546e-06,8.211840629577637
2,8239,train,1.1425411701202393,9.136298126415482e-06,8.694535255432129
2,8240,train,0.99443519115448,9.131150916203418e-06,8.941688537597656
2,8241,train,1.0016292333602905,9.126003705991354e-06,10.563067436218262
2,8242,train,1.014493465423584,9.12085649577929e-06,8.697732925415039
2,8243,train,0.6241686344146729,9.115709285567225e-06,6.902774333953857
2,8244,train,1.2517032623291016,9.110562075355156e-06,9.689112663269043
2,8245,train,0.9507867693901062,9.105414865143092e-06,8.536205291748047
2,8246,train,1.3993297815322876,9.100267654931028e-06,10.132272720336914
2,8247,train,1.26056969165802,9.095120444718964e-06,9.549030303955078
2,8248,train,0.895963728427887,9.0899732345069e-06,9.060340881347656
2,8249,train,0.8023310303688049,9.084826024294835e-06,7.917776584625244
2,8250,train,1.27213454246521,9.079678814082765e-06,10.423929214477539
2,8251,train,1.3845185041427612,9.0745316038707e-06,11.695839881896973
2,8252,train,0.7772818803787231,9.069384393658636e-06,9.012454986572266
2,8253,train,0.8831385374069214,9.064237183446572e-06,7.436656475067139
2,8254,train,0.8461121320724487,9.059089973234508e-06,7.233482360839844
2,8255,train,1.63359534740448,9.053942763022444e-06,14.815320014953613
2,8256,train,1.1180522441864014,9.04879555281038e-06,9.700715065002441
2,8257,train,1.0756704807281494,9.04364834259831e-06,10.162361145019531
2,8258,train,1.5584511756896973,9.038501132386246e-06,11.5237398147583
2,8259,train,0.9032189846038818,9.03335392217418e-06,7.818805694580078
2,8260,train,0.9399294853210449,9.028206711962116e-06,8.765896797180176
2,8261,train,0.905525803565979,9.023059501750052e-06,8.342705726623535
2,8262,train,1.4300493001937866,9.017912291537988e-06,11.799678802490234
2,8263,train,0.7544223070144653,9.012765081325919e-06,6.525631427764893
2,8264,train,1.0876731872558594,9.007617871113855e-06,9.505703926086426
2,8265,train,0.7087778449058533,9.00247066090179e-06,6.313032627105713
2,8266,train,1.305108904838562,8.997323450689727e-06,10.932394981384277
2,8267,train,0.794018030166626,8.992176240477662e-06,7.086804389953613
2,8268,train,1.081969141960144,8.987029030265598e-06,8.496845245361328
2,8269,train,1.3642762899398804,8.981881820053534e-06,11.858290672302246
2,8270,train,1.2717119455337524,8.976734609841463e-06,11.238755226135254
2,8271,train,1.1011654138565063,8.9715873996294e-06,9.96401596069336
2,8272,train,1.2681578397750854,8.966440189417335e-06,8.920562744140625
2,8273,train,1.6355174779891968,8.961292979205271e-06,12.648180961608887
2,8274,train,1.3677784204483032,8.956145768993207e-06,10.751763343811035
2,8275,train,1.0130144357681274,8.950998558781143e-06,9.514949798583984
2,8276,train,0.8029714226722717,8.945851348569079e-06,7.562098503112793
2,8277,train,1.7778352499008179,8.94070413835701e-06,14.01246452331543
2,8278,train,1.5457897186279297,8.935556928144945e-06,13.34934139251709
2,8279,train,1.1947474479675293,8.930409717932881e-06,9.9737548828125
2,8280,train,1.3526016473770142,8.925262507720817e-06,10.64807415008545
2,8281,train,1.3703023195266724,8.920115297508753e-06,13.033100128173828
2,8282,train,0.9794540405273438,8.914968087296689e-06,8.91154670715332
2,8283,train,1.4569793939590454,8.909820877084618e-06,13.01053524017334
2,8284,train,1.3924912214279175,8.904673666872554e-06,11.786635398864746
2,8285,train,0.909571647644043,8.89952645666049e-06,7.811671733856201
2,8286,train,1.2962594032287598,8.894379246448425e-06,11.33346939086914
2,8287,train,1.1123080253601074,8.889232036236361e-06,9.471758842468262
2,8288,train,1.108467698097229,8.884084826024297e-06,10.236711502075195
2,8289,train,1.502192735671997,8.878937615812233e-06,12.684022903442383
2,8290,train,0.5981265902519226,8.873790405600164e-06,5.701120853424072
2,8291,train,1.3559139966964722,8.8686431953881e-06,9.256132125854492
2,8292,train,1.3486629724502563,8.863495985176034e-06,10.956090927124023
2,8293,train,1.071759819984436,8.85834877496397e-06,7.634030818939209
2,8294,train,1.1112556457519531,8.853201564751906e-06,11.373058319091797
2,8295,train,0.9473153948783875,8.848054354539841e-06,8.417616844177246
2,8296,train,1.0891069173812866,8.842907144327772e-06,7.703925132751465
2,8297,train,2.0431461334228516,8.837759934115708e-06,14.003067970275879
2,8298,train,1.3764879703521729,8.832612723903644e-06,10.932629585266113
2,8299,train,1.143614411354065,8.82746551369158e-06,8.019695281982422
2,8300,train,0.9201967120170593,8.822318303479516e-06,9.27670669555664
2,8301,train,0.8725073933601379,8.817171093267452e-06,8.461579322814941
2,8302,train,1.5708602666854858,8.812023883055387e-06,11.239173889160156
2,8303,train,0.7695822715759277,8.806876672843317e-06,6.890639781951904
2,8304,train,1.5613946914672852,8.801729462631252e-06,11.114384651184082
2,8305,train,1.1389566659927368,8.796582252419188e-06,9.45753002166748
2,8306,train,1.216214656829834,8.791435042207124e-06,11.521100044250488
2,8307,train,0.8225500583648682,8.78628783199506e-06,6.395084381103516
2,8308,train,0.9662522673606873,8.781140621782996e-06,8.618758201599121
2,8309,train,0.7781370282173157,8.775993411570927e-06,7.077011585235596
2,8310,train,1.0129224061965942,8.770846201358863e-06,9.635966300964355
2,8311,train,1.3226925134658813,8.765698991146798e-06,9.384663581848145
2,8312,train,0.9056070446968079,8.760551780934734e-06,8.056327819824219
2,8313,train,0.7896929979324341,8.75540457072267e-06,8.801271438598633
2,8314,train,0.8095434904098511,8.750257360510606e-06,6.177495002746582
2,8315,train,0.9460275173187256,8.74511015029854e-06,8.746651649475098
2,8316,train,1.0449581146240234,8.739962940086471e-06,7.870985984802246
2,8317,train,0.985966145992279,8.734815729874407e-06,7.757850646972656
2,8318,train,0.6274375319480896,8.729668519662343e-06,6.185629844665527
2,8319,train,1.0339391231536865,8.724521309450279e-06,8.742673873901367
2,8320,train,1.3288893699645996,8.719374099238215e-06,11.169693946838379
2,8321,train,1.5074741840362549,8.71422688902615e-06,11.528741836547852
2,8322,train,1.4067580699920654,8.709079678814081e-06,11.483728408813477
2,8323,train,1.4427437782287598,8.703932468602017e-06,13.659648895263672
2,8324,train,0.6646090149879456,8.698785258389951e-06,7.14516019821167
2,8325,train,1.6672580242156982,8.693638048177887e-06,14.0408353805542
2,8326,train,1.391900897026062,8.688490837965823e-06,9.865821838378906
2,8327,train,2.033449649810791,8.683343627753759e-06,17.66349220275879
2,8328,train,1.5190330743789673,8.678196417541695e-06,11.567609786987305
2,8329,train,0.8163929581642151,8.673049207329626e-06,8.553224563598633
2,8330,train,1.2500911951065063,8.667901997117561e-06,11.747513771057129
2,8331,train,0.8347543478012085,8.662754786905497e-06,7.139745712280273
2,8332,train,0.783978283405304,8.657607576693433e-06,7.182225704193115
2,8333,train,1.0827865600585938,8.652460366481369e-06,12.226520538330078
2,8334,train,1.578898549079895,8.647313156269305e-06,13.0700101852417
2,8335,train,1.1051762104034424,8.642165946057234e-06,11.990083694458008
2,8336,train,1.3850396871566772,8.63701873584517e-06,11.869346618652344
2,8337,train,1.4933335781097412,8.631871525633106e-06,11.199966430664062
2,8338,train,1.0206644535064697,8.626724315421042e-06,8.745647430419922
2,8339,train,1.1371160745620728,8.621577105208977e-06,10.496672630310059
2,8340,train,1.3037328720092773,8.616429894996913e-06,10.357181549072266
2,8341,train,0.6850608587265015,8.61128268478485e-06,6.512314796447754
2,8342,train,0.9855924844741821,8.60613547457278e-06,8.723214149475098
2,8343,train,0.761780858039856,8.600988264360716e-06,6.598756313323975
2,8344,train,0.6872321963310242,8.595841054148652e-06,6.780720233917236
2,8345,train,0.8428080677986145,8.590693843936588e-06,7.820338249206543
2,8346,train,0.9709429740905762,8.585546633724523e-06,8.332369804382324
2,8347,train,1.0569570064544678,8.58039942351246e-06,8.644513130187988
2,8348,train,1.1358665227890015,8.575252213300394e-06,10.36868953704834
2,8349,train,0.9534763097763062,8.570105003088324e-06,7.715414524078369
2,8350,train,0.8838955760002136,8.56495779287626e-06,6.929690837860107
2,8351,train,0.7413875460624695,8.559810582664196e-06,7.917059421539307
2,8352,train,0.9225353002548218,8.554663372452132e-06,9.465431213378906
2,8353,train,0.9384340643882751,8.549516162240068e-06,6.976105213165283
2,8354,train,0.8773663640022278,8.544368952028004e-06,9.209489822387695
2,8355,train,1.2859179973602295,8.539221741815934e-06,10.167016983032227
2,8356,train,1.2711085081100464,8.53407453160387e-06,10.978910446166992
2,8357,train,0.7750521302223206,8.528927321391805e-06,7.8612589836120605
2,8358,train,1.1167163848876953,8.52378011117974e-06,9.690537452697754
2,8359,train,1.3053699731826782,8.518632900967676e-06,12.39612102508545
2,8360,train,1.152297854423523,8.513485690755612e-06,9.255675315856934
2,8361,train,1.1662248373031616,8.508338480543548e-06,10.301351547241211
2,8362,train,1.6110440492630005,8.503191270331479e-06,13.56870174407959
2,8363,train,0.7931596636772156,8.498044060119415e-06,6.390947341918945
2,8364,train,0.7057450413703918,8.49289684990735e-06,7.145155429840088
2,8365,train,0.9818353652954102,8.487749639695286e-06,9.37661075592041
2,8366,train,0.7877835035324097,8.482602429483222e-06,8.45876407623291
2,8367,train,1.0434216260910034,8.477455219271158e-06,9.098791122436523
2,8368,train,1.4034733772277832,8.472308009059087e-06,10.626124382019043
2,8369,train,1.0626325607299805,8.467160798847023e-06,10.90623664855957
2,8370,train,1.1382464170455933,8.462013588634959e-06,9.399299621582031
2,8371,train,1.0053216218948364,8.456866378422895e-06,9.037200927734375
2,8372,train,2.119347333908081,8.45171916821083e-06,16.498266220092773
2,8373,train,0.6455323100090027,8.446571957998767e-06,5.134579181671143
2,8374,train,0.916395366191864,8.441424747786702e-06,7.79931116104126
2,8375,train,1.2007728815078735,8.436277537574633e-06,11.6109037399292
2,8376,train,1.2966896295547485,8.431130327362569e-06,10.787610054016113
2,8377,train,1.1190600395202637,8.425983117150505e-06,10.675214767456055
2,8378,train,1.0653326511383057,8.420835906938441e-06,9.443257331848145
2,8379,train,1.0734230279922485,8.415688696726377e-06,9.037484169006348
2,8380,train,0.7936732172966003,8.410541486514311e-06,7.352186679840088
2,8381,train,1.1485514640808105,8.405394276302242e-06,11.674613952636719
2,8382,train,1.2831720113754272,8.400247066090178e-06,12.470728874206543
2,8383,train,0.8258694410324097,8.395099855878113e-06,7.969017505645752
2,8384,train,1.1892491579055786,8.38995264566605e-06,10.147745132446289
2,8385,train,1.0284948348999023,8.384805435453985e-06,8.676126480102539
2,8386,train,1.084686517715454,8.379658225241921e-06,9.092625617980957
2,8387,train,1.0968873500823975,8.374511015029857e-06,11.000964164733887
2,8388,train,1.4395173788070679,8.369363804817788e-06,11.7625732421875
2,8389,train,0.9077357053756714,8.364216594605722e-06,8.988359451293945
2,8390,train,1.3444530963897705,8.359069384393658e-06,12.422720909118652
2,8391,train,0.8853039741516113,8.353922174181594e-06,9.466721534729004
2,8392,train,1.345171332359314,8.34877496396953e-06,11.383145332336426
2,8393,train,0.9481737613677979,8.343627753757465e-06,7.998642444610596
2,8394,train,1.1460312604904175,8.338480543545396e-06,10.644390106201172
2,8395,train,1.0548815727233887,8.333333333333332e-06,8.169678688049316
2,8396,train,1.1112346649169922,8.328186123121268e-06,9.986902236938477
2,8397,train,0.5747822523117065,8.323038912909204e-06,5.372159481048584
2,8398,train,0.8114630579948425,8.31789170269714e-06,8.430679321289062
2,8399,train,0.9174842238426208,8.312744492485076e-06,8.008268356323242
2,8400,train,0.8165902495384216,8.307597282273011e-06,7.055788993835449
2,8401,train,1.4716771841049194,8.30245007206094e-06,11.947760581970215
2,8402,train,1.4835492372512817,8.297302861848876e-06,12.467109680175781
2,8403,train,1.0005497932434082,8.292155651636812e-06,9.471829414367676
2,8404,train,0.8292893767356873,8.287008441424748e-06,8.280771255493164
2,8405,train,0.9588989019393921,8.281861231212684e-06,8.145549774169922
2,8406,train,1.5962533950805664,8.27671402100062e-06,10.880096435546875
2,8407,train,1.0061591863632202,8.271566810788556e-06,8.673540115356445
2,8408,train,0.6638659238815308,8.266419600576487e-06,6.005153179168701
2,8409,train,0.7516367435455322,8.261272390364422e-06,7.920531749725342
2,8410,train,1.4639360904693604,8.256125180152358e-06,10.104591369628906
2,8411,train,1.080075740814209,8.250977969940294e-06,10.725284576416016
2,8412,train,1.3853265047073364,8.24583075972823e-06,10.432316780090332
2,8413,train,1.0135648250579834,8.240683549516164e-06,8.381057739257812
2,8414,train,0.778232753276825,8.235536339304095e-06,8.889364242553711
2,8415,train,0.9999194145202637,8.23038912909203e-06,8.175025939941406
2,8416,train,1.1313387155532837,8.225241918879967e-06,9.195366859436035
2,8417,train,0.9959477186203003,8.220094708667903e-06,9.420931816101074
2,8418,train,0.6616367101669312,8.214947498455838e-06,7.394006252288818
2,8419,train,1.389583706855774,8.209800288243774e-06,9.786556243896484
2,8420,train,1.493951439857483,8.20465307803171e-06,12.091848373413086
2,8421,train,1.0865551233291626,8.199505867819641e-06,9.23043441772461
2,8422,train,1.4284424781799316,8.194358657607575e-06,11.210709571838379
2,8423,train,1.249292254447937,8.189211447395511e-06,10.187884330749512
2,8424,train,0.9454230666160583,8.184064237183447e-06,9.68044376373291
2,8425,train,1.251436471939087,8.178917026971383e-06,10.923964500427246
2,8426,train,1.8489400148391724,8.173769816759319e-06,15.860435485839844
2,8427,train,1.0673359632492065,8.16862260654725e-06,9.441268920898438
2,8428,train,1.2414484024047852,8.163475396335185e-06,8.642256736755371
2,8429,train,1.445961356163025,8.158328186123121e-06,11.44547176361084
2,8430,train,1.3744412660598755,8.153180975911057e-06,11.386756896972656
2,8431,train,0.8156393766403198,8.148033765698993e-06,8.162879943847656
2,8432,train,0.7847129702568054,8.142886555486929e-06,6.978765964508057
2,8433,train,1.0961707830429077,8.137739345274865e-06,11.068159103393555
2,8434,train,1.2636085748672485,8.132592135062794e-06,11.579586029052734
2,8435,train,0.9536434412002563,8.12744492485073e-06,9.298300743103027
2,8436,train,0.6510258316993713,8.122297714638665e-06,5.922031402587891
2,8437,train,1.3571723699569702,8.117150504426601e-06,12.06098461151123
2,8438,train,1.5203275680541992,8.112003294214537e-06,11.68401050567627
2,8439,train,0.8731601238250732,8.106856084002473e-06,8.23330020904541
2,8440,train,1.6163387298583984,8.101708873790404e-06,14.412925720214844
2,8441,train,0.9800691604614258,8.09656166357834e-06,9.4680814743042
2,8442,train,1.457628846168518,8.091414453366276e-06,12.271221160888672
2,8443,train,0.789092481136322,8.086267243154212e-06,8.154537200927734
2,8444,train,1.2992979288101196,8.081120032942147e-06,10.510716438293457
2,8445,train,1.431294322013855,8.075972822730082e-06,12.450233459472656
2,8446,train,1.3569313287734985,8.070825612518017e-06,11.09539794921875
2,8447,train,1.1217058897018433,8.065678402305948e-06,10.217015266418457
2,8448,train,1.1006150245666504,8.060531192093884e-06,9.045747756958008
2,8449,train,1.3033843040466309,8.05538398188182e-06,11.136624336242676
2,8450,train,0.7594108581542969,8.050236771669756e-06,7.468153476715088
2,8451,train,1.1437859535217285,8.045089561457692e-06,9.055380821228027
2,8452,train,0.8280271291732788,8.039942351245628e-06,6.878292560577393
2,8453,train,1.3644251823425293,8.034795141033558e-06,12.255481719970703
2,8454,train,0.8196903467178345,8.029647930821493e-06,8.269463539123535
2,8455,train,0.9693523049354553,8.024500720609428e-06,9.272567749023438
2,8456,train,1.4945931434631348,8.019353510397364e-06,11.871683120727539
2,8457,train,0.6649919152259827,8.0142063001853e-06,6.810596942901611
2,8458,train,1.5867161750793457,8.009059089973236e-06,11.92645263671875
2,8459,train,1.4880131483078003,8.003911879761172e-06,11.033717155456543
2,8460,train,1.104863166809082,7.998764669549103e-06,11.767860412597656
2,8461,train,1.059985876083374,7.993617459337039e-06,9.636271476745605
2,8462,train,1.2236753702163696,7.988470249124974e-06,10.721177101135254
2,8463,train,1.0016309022903442,7.98332303891291e-06,8.248594284057617
2,8464,train,0.9305974245071411,7.978175828700846e-06,7.558342933654785
2,8465,train,0.9336647391319275,7.973028618488782e-06,8.327672958374023
2,8466,train,1.077810287475586,7.967881408276711e-06,9.664985656738281
2,8467,train,1.0044294595718384,7.962734198064647e-06,9.302517890930176
2,8468,train,1.2712390422821045,7.957586987852583e-06,10.006168365478516
2,8469,train,1.1092780828475952,7.952439777640519e-06,8.390243530273438
2,8470,train,0.7004521489143372,7.947292567428455e-06,7.547938823699951
2,8471,train,1.1627781391143799,7.94214535721639e-06,9.60435676574707
2,8472,train,1.0618335008621216,7.936998147004326e-06,9.879125595092773
2,8473,train,1.4872961044311523,7.931850936792257e-06,13.022538185119629
2,8474,train,0.8555853962898254,7.926703726580193e-06,8.019708633422852
2,8475,train,0.8667601346969604,7.921556516368129e-06,7.395285606384277
2,8476,train,1.0683448314666748,7.916409306156065e-06,9.22067642211914
2,8477,train,0.9715096354484558,7.911262095944e-06,9.992846488952637
2,8478,train,0.839034378528595,7.906114885731935e-06,8.89098072052002
2,8479,train,0.8994781374931335,7.90096767551987e-06,7.756932735443115
2,8480,train,1.463545322418213,7.895820465307801e-06,14.050141334533691
2,8481,train,0.6424204707145691,7.890673255095737e-06,6.060004234313965
2,8482,train,0.9340077042579651,7.885526044883673e-06,7.448517799377441
2,8483,train,0.702911376953125,7.880378834671609e-06,7.386086940765381
2,8484,train,0.661098062992096,7.875231624459545e-06,6.588137149810791
2,8485,train,1.1831190586090088,7.87008441424748e-06,9.714752197265625
2,8486,train,1.7060235738754272,7.864937204035412e-06,14.77556324005127
2,8487,train,2.1611123085021973,7.859789993823346e-06,14.738550186157227
2,8488,train,1.6783061027526855,7.854642783611282e-06,13.620238304138184
2,8489,train,1.3445473909378052,7.849495573399218e-06,9.745302200317383
2,8490,train,0.9687860608100891,7.844348363187153e-06,8.61822509765625
2,8491,train,0.8872080445289612,7.83920115297509e-06,7.941322326660156
2,8492,train,1.0011887550354004,7.834053942763025e-06,9.579060554504395
2,8493,train,1.1742234230041504,7.828906732550956e-06,8.938017845153809
2,8494,train,1.2474950551986694,7.823759522338892e-06,10.256997108459473
2,8495,train,0.7496300339698792,7.818612312126828e-06,6.63965368270874
2,8496,train,0.7557704448699951,7.813465101914764e-06,6.243984699249268
2,8497,train,0.8573716282844543,7.8083178917027e-06,7.163975238800049
2,8498,train,1.0576986074447632,7.803170681490635e-06,11.46986198425293
2,8499,train,0.6752427816390991,7.798023471278564e-06,6.7172627449035645
2,8500,train,1.441927433013916,7.7928762610665e-06,13.718894958496094
2,8501,train,1.4619683027267456,7.787729050854436e-06,11.909927368164062
2,8502,train,0.8091580271720886,7.782581840642372e-06,6.9070916175842285
2,8503,train,1.0062663555145264,7.777434630430308e-06,9.035836219787598
2,8504,train,1.0071676969528198,7.772287420218244e-06,8.732513427734375
2,8505,train,1.0002176761627197,7.76714021000618e-06,7.568758010864258
2,8506,train,1.803267240524292,7.76199299979411e-06,12.89533519744873
2,8507,train,0.890413761138916,7.756845789582046e-06,8.364322662353516
2,8508,train,1.671749472618103,7.751698579369982e-06,13.765887260437012
2,8509,train,0.7956303954124451,7.746551369157918e-06,8.703780174255371
2,8510,train,1.1125909090042114,7.741404158945852e-06,11.403674125671387
2,8511,train,0.922644853591919,7.736256948733788e-06,6.736178874969482
2,8512,train,0.7067757844924927,7.731109738521719e-06,6.904499530792236
2,8513,train,0.883650004863739,7.725962528309655e-06,9.483748435974121
2,8514,train,0.9549618363380432,7.72081531809759e-06,8.053074836730957
2,8515,train,1.4625040292739868,7.715668107885526e-06,15.212135314941406
2,8516,train,0.898897111415863,7.710520897673462e-06,8.111472129821777
2,8517,train,1.6542110443115234,7.705373687461398e-06,13.0348482131958
2,8518,train,1.2021840810775757,7.700226477249334e-06,11.94212532043457
2,8519,train,0.6685897707939148,7.695079267037263e-06,7.001142501831055
2,8520,train,1.4785796403884888,7.689932056825199e-06,14.385892868041992
2,8521,train,1.0132938623428345,7.684784846613135e-06,7.677356243133545
2,8522,train,0.9000992774963379,7.67963763640107e-06,8.679194450378418
2,8523,train,0.8681274056434631,7.674490426189007e-06,7.140386581420898
2,8524,train,1.1041115522384644,7.669343215976943e-06,11.082923889160156
2,8525,train,1.6152104139328003,7.664196005764873e-06,13.202974319458008
2,8526,train,0.7334944009780884,7.65904879555281e-06,6.79857873916626
2,8527,train,1.2792636156082153,7.653901585340745e-06,9.808156967163086
2,8528,train,1.079788327217102,7.648754375128681e-06,9.296358108520508
2,8529,train,1.4393917322158813,7.643607164916617e-06,11.769692420959473
2,8530,train,1.2080180644989014,7.638459954704553e-06,10.883709907531738
2,8531,train,1.1214847564697266,7.633312744492489e-06,9.83402156829834
2,8532,train,1.1904405355453491,7.6281655342804185e-06,10.621413230895996
2,8533,train,1.4088172912597656,7.6230183240683535e-06,10.329092979431152
2,8534,train,1.4357658624649048,7.617871113856289e-06,13.413993835449219
2,8535,train,0.8437719345092773,7.612723903644225e-06,7.238082408905029
2,8536,train,1.1826581954956055,7.607576693432161e-06,10.00271224975586
2,8537,train,0.9930981397628784,7.602429483220097e-06,9.081279754638672
2,8538,train,1.1398924589157104,7.597282273008027e-06,10.83301830291748
2,8539,train,0.9796222448348999,7.592135062795963e-06,8.589960098266602
2,8540,train,1.1023129224777222,7.586987852583899e-06,9.638880729675293
2,8541,train,1.0417648553848267,7.5818406423718346e-06,9.230847358703613
2,8542,train,1.363590121269226,7.5766934321597704e-06,10.736778259277344
2,8543,train,0.9513406157493591,7.571546221947706e-06,8.731104850769043
2,8544,train,0.6797189712524414,7.566399011735642e-06,5.718821048736572
2,8545,train,0.7072160243988037,7.561251801523572e-06,6.463819980621338
2,8546,train,1.393760323524475,7.556104591311508e-06,12.337764739990234
2,8547,train,1.2026125192642212,7.550957381099444e-06,11.730648040771484
2,8548,train,0.8703658580780029,7.54581017088738e-06,8.194215774536133
2,8549,train,1.2219891548156738,7.540662960675316e-06,12.631599426269531
2,8550,train,1.1095184087753296,7.5355157504632515e-06,10.3215913772583
2,8551,train,0.7874900102615356,7.530368540251187e-06,7.910909175872803
2,8552,train,1.0134975910186768,7.525221330039117e-06,8.441472053527832
2,8553,train,0.9358195066452026,7.520074119827053e-06,9.906111717224121
2,8554,train,2.0242371559143066,7.514926909614989e-06,15.283306121826172
2,8555,train,0.9980365037918091,7.509779699402925e-06,7.772926330566406
2,8556,train,0.8026654124259949,7.504632489190861e-06,7.377248764038086
2,8557,train,1.070351243019104,7.499485278978796e-06,8.759611129760742
2,8558,train,1.1109164953231812,7.494338068766727e-06,9.244057655334473
2,8559,train,0.7335971593856812,7.4891908585546625e-06,7.238965034484863
2,8560,train,1.50212824344635,7.484043648342598e-06,12.770896911621094
2,8561,train,1.010524868965149,7.478896438130533e-06,8.223389625549316
2,8562,train,0.7426902651786804,7.473749227918469e-06,6.901933193206787
2,8563,train,1.4997155666351318,7.468602017706405e-06,11.887734413146973
2,8564,train,0.9928779602050781,7.463454807494341e-06,9.409960746765137
2,8565,train,1.5149956941604614,7.458307597282272e-06,12.715333938598633
2,8566,train,1.1446641683578491,7.453160387070207e-06,10.541691780090332
2,8567,train,1.0209413766860962,7.448013176858143e-06,9.269064903259277
2,8568,train,1.6026771068572998,7.4428659666460785e-06,14.322096824645996
2,8569,train,1.3441061973571777,7.437718756434014e-06,11.419361114501953
2,8570,train,1.0637353658676147,7.43257154622195e-06,10.828232765197754
2,8571,train,1.2095816135406494,7.42742433600988e-06,11.7728910446167
2,8572,train,1.7337021827697754,7.422277125797816e-06,14.357490539550781
2,8573,train,0.7225476503372192,7.417129915585752e-06,6.502807140350342
2,8574,train,0.9074652194976807,7.411982705373688e-06,8.339792251586914
2,8575,train,0.8641573190689087,7.406835495161624e-06,11.251148223876953
2,8576,train,0.6743098497390747,7.40168828494956e-06,6.486200332641602
2,8577,train,0.821894645690918,7.3965410747374954e-06,8.869463920593262
2,8578,train,1.1804332733154297,7.391393864525425e-06,9.79197883605957
2,8579,train,1.022330403327942,7.386246654313361e-06,8.9241361618042
2,8580,train,1.555986762046814,7.381099444101297e-06,13.416640281677246
2,8581,train,0.9075505137443542,7.375952233889233e-06,9.850333213806152
2,8582,train,1.0401862859725952,7.370805023677169e-06,8.720705032348633
2,8583,train,0.6720346212387085,7.365657813465105e-06,5.649831295013428
2,8584,train,1.2317602634429932,7.360510603253035e-06,10.986781120300293
2,8585,train,1.209215521812439,7.3553633930409706e-06,11.444788932800293
2,8586,train,0.8211608529090881,7.3502161828289064e-06,7.538094997406006
2,8587,train,1.0685404539108276,7.345068972616842e-06,10.40040111541748
2,8588,train,1.0191762447357178,7.339921762404778e-06,9.603854179382324
2,8589,train,0.8877831101417542,7.334774552192713e-06,8.412267684936523
2,8590,train,0.8089994192123413,7.329627341980649e-06,8.13847827911377
2,8591,train,1.0033537149429321,7.32448013176858e-06,9.318890571594238
2,8592,train,1.307932734489441,7.319332921556516e-06,9.712700843811035
2,8593,train,1.2152546644210815,7.314185711344452e-06,11.642844200134277
2,8594,train,1.1489992141723633,7.309038501132387e-06,10.58514404296875
2,8595,train,0.9563509225845337,7.3038912909203225e-06,9.56458568572998
2,8596,train,0.820664644241333,7.298744080708258e-06,8.107071876525879
2,8597,train,0.8028860688209534,7.293596870496189e-06,7.182276248931885
2,8598,train,0.9793161153793335,7.288449660284124e-06,8.636582374572754
2,8599,train,1.0140230655670166,7.28330245007206e-06,8.150277137756348
2,8600,train,0.9818429946899414,7.278155239859996e-06,8.77233600616455
2,8601,train,1.3256802558898926,7.273008029647932e-06,10.355539321899414
2,8602,train,1.676782250404358,7.267860819435868e-06,13.848637580871582
2,8603,train,1.0213903188705444,7.2627136092238035e-06,11.971216201782227
2,8604,train,1.10282564163208,7.2575663990117335e-06,10.489109992980957
2,8605,train,1.2616111040115356,7.252419188799669e-06,11.639803886413574
2,8606,train,1.1088367700576782,7.247271978587605e-06,10.758356094360352
2,8607,train,1.4371662139892578,7.242124768375541e-06,11.55945873260498
2,8608,train,1.1235311031341553,7.236977558163477e-06,9.533191680908203
2,8609,train,1.177384853363037,7.231830347951413e-06,11.120606422424316
2,8610,train,1.1084061861038208,7.226683137739343e-06,9.428661346435547
2,8611,train,1.706566572189331,7.221535927527279e-06,12.290056228637695
2,8612,train,0.5281186699867249,7.2163887173152145e-06,5.6877899169921875
2,8613,train,0.7932558655738831,7.21124150710315e-06,6.511665344238281
2,8614,train,0.8593200445175171,7.206094296891086e-06,7.2266950607299805
2,8615,train,1.2665865421295166,7.200947086679022e-06,11.227975845336914
2,8616,train,1.0699597597122192,7.195799876466958e-06,10.662529945373535
2,8617,train,1.2136509418487549,7.190652666254888e-06,10.876444816589355
2,8618,train,1.931079387664795,7.185505456042824e-06,15.987234115600586
2,8619,train,1.338747262954712,7.18035824583076e-06,10.93135929107666
2,8620,train,0.6998304128646851,7.1752110356186956e-06,5.355030536651611
2,8621,train,1.0560466051101685,7.1700638254066314e-06,9.784765243530273
2,8622,train,0.731733500957489,7.1649166151945665e-06,7.3815789222717285
2,8623,train,1.2739076614379883,7.159769404982502e-06,9.922450065612793
2,8624,train,1.096371054649353,7.154622194770433e-06,8.205355644226074
2,8625,train,1.375454068183899,7.149474984558369e-06,9.776018142700195
2,8626,train,1.2331990003585815,7.144327774346304e-06,10.779385566711426
2,8627,train,1.7649149894714355,7.13918056413424e-06,12.40576457977295
2,8628,train,0.765713632106781,7.134033353922176e-06,6.914198875427246
2,8629,train,1.1633250713348389,7.128886143710112e-06,10.150979042053223
2,8630,train,1.0511398315429688,7.123738933498042e-06,11.037351608276367
2,8631,train,1.4659180641174316,7.1185917232859774e-06,10.700864791870117
2,8632,train,1.5420608520507812,7.113444513073913e-06,12.034234046936035
2,8633,train,1.4303126335144043,7.108297302861849e-06,12.911064147949219
2,8634,train,1.2285659313201904,7.103150092649785e-06,9.395466804504395
2,8635,train,1.61543607711792,7.098002882437721e-06,13.749574661254883
2,8636,train,0.9903109669685364,7.092855672225657e-06,8.13405990600586
2,8637,train,1.1715192794799805,7.087708462013587e-06,8.762121200561523
2,8638,train,0.6118251085281372,7.082561251801523e-06,5.753518581390381
2,8639,train,1.502591609954834,7.0774140415894585e-06,13.812067031860352
2,8640,train,1.0326381921768188,7.072266831377394e-06,9.973037719726562
2,8641,train,0.99097740650177,7.06711962116533e-06,8.846831321716309
2,8642,train,0.6949765086174011,7.061972410953266e-06,5.723522663116455
2,8643,train,1.3246567249298096,7.056825200741196e-06,12.793293952941895
2,8644,train,1.2269591093063354,7.051677990529132e-06,11.223111152648926
2,8645,train,1.1963626146316528,7.046530780317068e-06,8.623001098632812
2,8646,train,0.7095363140106201,7.041383570105004e-06,6.947601795196533
2,8647,train,1.4138084650039673,7.0362363598929395e-06,9.785849571228027
2,8648,train,0.8730962872505188,7.031089149680875e-06,7.091996192932129
2,8649,train,1.468411922454834,7.025941939468811e-06,11.949934959411621
2,8650,train,1.1391080617904663,7.020794729256741e-06,9.593643188476562
2,8651,train,1.2905819416046143,7.015647519044677e-06,14.230911254882812
2,8652,train,0.9458693265914917,7.010500308832613e-06,8.06987190246582
2,8653,train,1.1830782890319824,7.005353098620549e-06,10.27488899230957
2,8654,train,1.3233784437179565,7.000205888408484e-06,11.47734546661377
2,8655,train,0.7348356246948242,6.99505867819642e-06,7.38773250579834
2,8656,train,0.6632677316665649,6.9899114679843505e-06,6.4500956535339355
2,8657,train,0.8366361856460571,6.984764257772286e-06,8.210143089294434
2,8658,train,1.1223256587982178,6.979617047560222e-06,8.945901870727539
2,8659,train,1.0320461988449097,6.974469837348157e-06,8.903485298156738
2,8660,train,1.8502197265625,6.969322627136093e-06,15.858041763305664
2,8661,train,1.4984275102615356,6.964175416924029e-06,11.746767044067383
2,8662,train,1.7059003114700317,6.959028206711965e-06,12.630122184753418
2,8663,train,1.508666753768921,6.953880996499895e-06,11.541251182556152
2,8664,train,0.982033371925354,6.948733786287831e-06,8.789175987243652
2,8665,train,0.8916954398155212,6.9435865760757666e-06,8.119508743286133
2,8666,train,1.313550591468811,6.9384393658637024e-06,10.9733304977417
2,8667,train,1.189082145690918,6.933292155651638e-06,9.894858360290527
2,8668,train,1.3108294010162354,6.928144945439574e-06,13.880434036254883
2,8669,train,1.1055351495742798,6.922997735227504e-06,8.918709754943848
2,8670,train,1.3902873992919922,6.91785052501544e-06,9.929323196411133
2,8671,train,1.48291015625,6.912703314803376e-06,11.796899795532227
2,8672,train,1.0069266557693481,6.907556104591312e-06,7.859023094177246
2,8673,train,1.021834135055542,6.902408894379248e-06,9.166847229003906
2,8674,train,1.0517252683639526,6.8972616841671835e-06,10.407358169555664
2,8675,train,0.9748372435569763,6.892114473955119e-06,8.910453796386719
2,8676,train,1.384841799736023,6.886967263743049e-06,10.777603149414062
2,8677,train,0.9820006489753723,6.881820053530985e-06,8.750710487365723
2,8678,train,0.7789847254753113,6.876672843318921e-06,7.831356525421143
2,8679,train,0.7217990159988403,6.871525633106857e-06,7.311849594116211
2,8680,train,0.8424831032752991,6.866378422894793e-06,6.205102920532227
2,8681,train,1.9803009033203125,6.861231212682729e-06,14.536548614501953
2,8682,train,1.263451337814331,6.856084002470659e-06,10.572991371154785
2,8683,train,1.6562877893447876,6.8509367922585945e-06,12.044742584228516
2,8684,train,0.7973118424415588,6.84578958204653e-06,7.130756378173828
2,8685,train,1.669847011566162,6.840642371834466e-06,12.973129272460938
2,8686,train,1.163781762123108,6.835495161622402e-06,10.77914047241211
2,8687,train,1.5466182231903076,6.830347951410337e-06,12.984623908996582
2,8688,train,0.9964535236358643,6.825200741198273e-06,8.718338966369629
2,8689,train,1.013251543045044,6.820053530986204e-06,11.244735717773438
2,8690,train,0.7961162328720093,6.81490632077414e-06,8.622298240661621
2,8691,train,1.2593461275100708,6.809759110562075e-06,9.60950756072998
2,8692,train,0.8023074865341187,6.8046119003500105e-06,6.904937744140625
2,8693,train,0.8029350638389587,6.799464690137946e-06,6.854148864746094
2,8694,train,1.6200783252716064,6.794317479925882e-06,14.141475677490234
2,8695,train,1.2364574670791626,6.789170269713818e-06,12.210124969482422
2,8696,train,1.3125383853912354,6.784023059501748e-06,10.186388969421387
2,8697,train,1.0029778480529785,6.778875849289684e-06,8.073426246643066
2,8698,train,1.2038657665252686,6.77372863907762e-06,9.300840377807617
2,8699,train,0.8453484773635864,6.768581428865556e-06,8.15849781036377
2,8700,train,1.360524296760559,6.763434218653492e-06,10.673301696777344
2,8701,train,0.7739713191986084,6.7582870084414275e-06,5.557464599609375
2,8702,train,0.7591530084609985,6.753139798229357e-06,7.573013782501221
2,8703,train,0.7153444886207581,6.747992588017293e-06,8.608356475830078
2,8704,train,1.45583975315094,6.742845377805229e-06,11.76034164428711
2,8705,train,1.4069287776947021,6.737698167593165e-06,10.320292472839355
2,8706,train,1.4523959159851074,6.732550957381101e-06,12.864350318908691
2,8707,train,1.2970492839813232,6.727403747169037e-06,10.74690055847168
2,8708,train,0.6775484085083008,6.722256536956973e-06,7.245407581329346
2,8709,train,1.1985609531402588,6.7171093267449026e-06,9.538657188415527
2,8710,train,1.1892361640930176,6.7119621165328384e-06,9.890809059143066
2,8711,train,1.3200534582138062,6.706814906320774e-06,12.01231861114502
2,8712,train,1.0316734313964844,6.70166769610871e-06,8.375571250915527
2,8713,train,1.2429264783859253,6.696520485896646e-06,11.43453598022461
2,8714,train,0.9102335572242737,6.691373275684582e-06,8.01301383972168
2,8715,train,0.9990638494491577,6.686226065472512e-06,8.808586120605469
2,8716,train,1.4029539823532104,6.681078855260448e-06,12.126960754394531
2,8717,train,1.1587820053100586,6.675931645048384e-06,9.413338661193848
2,8718,train,1.0648006200790405,6.6707844348363195e-06,11.012161254882812
2,8719,train,0.989192008972168,6.6656372246242545e-06,8.638643264770508
2,8720,train,1.7253257036209106,6.66049001441219e-06,14.057793617248535
2,8721,train,0.909462034702301,6.655342804200126e-06,7.972107410430908
2,8722,train,1.1144609451293945,6.650195593988057e-06,9.739471435546875
2,8723,train,1.3776992559432983,6.645048383775993e-06,14.050268173217773
2,8724,train,1.432996153831482,6.639901173563928e-06,10.251776695251465
2,8725,train,1.0248866081237793,6.634753963351864e-06,9.37610912322998
2,8726,train,1.120209813117981,6.6296067531398e-06,9.801466941833496
2,8727,train,1.1078590154647827,6.6244595429277355e-06,7.727692127227783
2,8728,train,1.137097954750061,6.6193123327156655e-06,10.854965209960938
2,8729,train,0.905906081199646,6.614165122503601e-06,9.343626976013184
2,8730,train,0.9571995139122009,6.609017912291537e-06,9.775520324707031
2,8731,train,1.7649403810501099,6.603870702079473e-06,12.121447563171387
2,8732,train,0.7044705748558044,6.598723491867409e-06,6.961345195770264
2,8733,train,1.2439569234848022,6.593576281655345e-06,10.552556037902832
2,8734,train,1.0200958251953125,6.588429071443281e-06,10.091571807861328
2,8735,train,1.3494893312454224,6.583281861231211e-06,12.646347045898438
2,8736,train,1.0743287801742554,6.5781346510191465e-06,9.410964965820312
2,8737,train,1.4029053449630737,6.572987440807082e-06,12.61587905883789
2,8738,train,1.2824786901474,6.567840230595018e-06,9.765616416931152
2,8739,train,0.9864516854286194,6.562693020382954e-06,10.503042221069336
2,8740,train,0.9571981430053711,6.55754581017089e-06,7.7235107421875
2,8741,train,1.3468077182769775,6.55239859995882e-06,12.599879264831543
2,8742,train,1.0668158531188965,6.547251389746756e-06,9.989140510559082
2,8743,train,0.975187361240387,6.542104179534692e-06,9.118639945983887
2,8744,train,1.0223352909088135,6.5369569693226276e-06,11.479412078857422
2,8745,train,1.1709959506988525,6.5318097591105634e-06,12.267065048217773
2,8746,train,1.451891303062439,6.526662548898499e-06,12.373135566711426
2,8747,train,0.5107341408729553,6.521515338686434e-06,7.015810966491699
2,8748,train,0.9862884283065796,6.516368128474365e-06,9.25586986541748
2,8749,train,1.2233535051345825,6.511220918262301e-06,9.528056144714355
2,8750,train,1.2414655685424805,6.506073708050237e-06,9.775962829589844
2,8751,train,1.3760671615600586,6.500926497838173e-06,10.709149360656738
2,8752,train,1.3384710550308228,6.495779287626108e-06,12.62901496887207
2,8753,train,0.8453851342201233,6.490632077414044e-06,8.431816101074219
2,8754,train,1.175060749053955,6.485484867201974e-06,10.506125450134277
2,8755,train,1.1872408390045166,6.48033765698991e-06,11.144972801208496
2,8756,train,0.852897584438324,6.475190446777845e-06,9.15278148651123
2,8757,train,0.7392032146453857,6.470043236565781e-06,6.0389180183410645
2,8758,train,0.8768396973609924,6.464896026353717e-06,8.138630867004395
2,8759,train,1.5416128635406494,6.459748816141653e-06,10.69606876373291
2,8760,train,1.087262749671936,6.454601605929589e-06,10.283979415893555
2,8761,train,1.375083565711975,6.449454395717519e-06,10.266444206237793
2,8762,train,0.7813622355461121,6.444307185505455e-06,6.903615951538086
2,8763,train,0.8663954734802246,6.4391599752933905e-06,6.097724914550781
2,8764,train,1.0963530540466309,6.434012765081326e-06,8.513890266418457
2,8765,train,1.1263298988342285,6.428865554869262e-06,9.723366737365723
2,8766,train,1.7022958993911743,6.423718344657198e-06,13.666566848754883
2,8767,train,0.7731642723083496,6.418571134445134e-06,7.93618631362915
2,8768,train,2.267152786254883,6.413423924233064e-06,16.7459774017334
2,8769,train,1.4364039897918701,6.408276714021e-06,9.93198013305664
2,8770,train,1.086657166481018,6.403129503808936e-06,8.569140434265137
2,8771,train,0.7229660749435425,6.3979822935968715e-06,6.964598178863525
2,8772,train,1.0589959621429443,6.392835083384807e-06,9.306890487670898
2,8773,train,1.2736098766326904,6.387687873172743e-06,10.049890518188477
2,8774,train,1.0188450813293457,6.382540662960673e-06,9.062033653259277
2,8775,train,1.115797996520996,6.377393452748609e-06,11.494832992553711
2,8776,train,1.316303014755249,6.372246242536545e-06,10.29011344909668
2,8777,train,0.6944586634635925,6.367099032324481e-06,6.03200626373291
2,8778,train,1.0198692083358765,6.361951822112417e-06,8.332694053649902
2,8779,train,1.1180877685546875,6.3568046119003526e-06,11.008167266845703
2,8780,train,1.1042262315750122,6.351657401688288e-06,8.793439865112305
2,8781,train,1.3391214609146118,6.346510191476218e-06,11.528614044189453
2,8782,train,1.054387092590332,6.341362981264154e-06,7.926267623901367
2,8783,train,1.266329050064087,6.33621577105209e-06,10.523750305175781
2,8784,train,0.8528933525085449,6.331068560840025e-06,7.24252986907959
2,8785,train,0.8806735277175903,6.325921350627961e-06,9.53380012512207
2,8786,train,1.0508081912994385,6.320774140415897e-06,10.772896766662598
2,8787,train,1.509624719619751,6.315626930203828e-06,11.99519157409668
2,8788,train,0.7599525451660156,6.310479719991763e-06,7.261202812194824
2,8789,train,1.3369492292404175,6.305332509779699e-06,12.67004680633545
2,8790,train,1.3719244003295898,6.3001852995676344e-06,10.657641410827637
2,8791,train,1.2850931882858276,6.29503808935557e-06,11.280473709106445
2,8792,train,1.3054568767547607,6.289890879143506e-06,9.82419490814209
2,8793,train,1.394352912902832,6.284743668931442e-06,10.178163528442383
2,8794,train,0.8850470781326294,6.279596458719372e-06,7.908954620361328
2,8795,train,0.9191905856132507,6.274449248507308e-06,8.169244766235352
2,8796,train,1.0419281721115112,6.269302038295244e-06,11.029207229614258
2,8797,train,1.0296943187713623,6.26415482808318e-06,9.429657936096191
2,8798,train,1.1759542226791382,6.2590076178711155e-06,9.890539169311523
2,8799,train,0.9502626061439514,6.253860407659051e-06,8.986955642700195
2,8800,train,0.8014132976531982,6.248713197446981e-06,8.268401145935059
2,8801,train,0.6602386236190796,6.243565987234917e-06,6.110300064086914
2,8802,train,1.3425679206848145,6.238418777022853e-06,11.05026912689209
2,8803,train,1.2756704092025757,6.233271566810789e-06,9.754559516906738
2,8804,train,0.8999351859092712,6.228124356598725e-06,8.58083438873291
2,8805,train,1.393193244934082,6.222977146386661e-06,11.343530654907227
2,8806,train,1.3436119556427002,6.2178299361745965e-06,11.144700050354004
2,8807,train,1.0707380771636963,6.2126827259625265e-06,9.012645721435547
2,8808,train,0.973558783531189,6.207535515750462e-06,9.994141578674316
2,8809,train,1.560790777206421,6.202388305538398e-06,13.955878257751465
2,8810,train,1.455824613571167,6.197241095326334e-06,12.242779731750488
2,8811,train,0.8734280467033386,6.19209388511427e-06,9.343562126159668
2,8812,train,0.8968743681907654,6.186946674902205e-06,9.080360412597656
2,8813,train,1.0875542163848877,6.181799464690136e-06,9.988285064697266
2,8814,train,1.2995655536651611,6.176652254478072e-06,10.488255500793457
2,8815,train,0.7270276546478271,6.1715050442660075e-06,7.581394672393799
2,8816,train,0.9988821744918823,6.1663578340539425e-06,7.424696922302246
2,8817,train,0.81468266248703,6.161210623841878e-06,7.063145637512207
2,8818,train,1.3234190940856934,6.156063413629814e-06,10.88713550567627
2,8819,train,0.9274174571037292,6.15091620341775e-06,7.813764572143555
2,8820,train,0.6061090230941772,6.145768993205681e-06,7.158947944641113
2,8821,train,1.2943005561828613,6.140621782993616e-06,9.92068862915039
2,8822,train,1.0986303091049194,6.135474572781552e-06,11.521651268005371
2,8823,train,0.9109997153282166,6.130327362569488e-06,7.582239627838135
2,8824,train,0.8988801836967468,6.125180152357424e-06,7.910276889801025
2,8825,train,1.562417984008789,6.1200329421453595e-06,14.277650833129883
2,8826,train,1.3420335054397583,6.114885731933289e-06,11.565805435180664
2,8827,train,1.345307469367981,6.109738521721225e-06,11.073185920715332
2,8828,train,1.2620409727096558,6.104591311509161e-06,10.959053039550781
2,8829,train,1.0699095726013184,6.099444101297097e-06,10.386153221130371
2,8830,train,1.2134977579116821,6.094296891085033e-06,11.485218048095703
2,8831,train,1.5367488861083984,6.089149680872969e-06,13.145265579223633
2,8832,train,1.0590153932571411,6.084002470660905e-06,11.158064842224121
2,8833,train,1.2298710346221924,6.0788552604488346e-06,10.352553367614746
2,8834,train,1.0384161472320557,6.0737080502367704e-06,10.473361015319824
2,8835,train,1.5586059093475342,6.068560840024706e-06,12.334319114685059
2,8836,train,1.0606961250305176,6.063413629812642e-06,12.640759468078613
2,8837,train,0.8950152397155762,6.058266419600578e-06,9.684575080871582
2,8838,train,1.6383366584777832,6.053119209388514e-06,16.194610595703125
2,8839,train,1.6524572372436523,6.04797199917645e-06,12.8684720993042
2,8840,train,1.2404378652572632,6.04282478896438e-06,10.20572280883789
2,8841,train,0.8830745816230774,6.037677578752316e-06,10.374903678894043
2,8842,train,1.0772006511688232,6.0325303685402515e-06,11.563745498657227
2,8843,train,1.2124303579330444,6.027383158328187e-06,9.787060737609863
2,8844,train,0.8433287143707275,6.022235948116122e-06,6.615469455718994
2,8845,train,1.1152657270431519,6.017088737904058e-06,11.125263214111328
2,8846,train,1.5248595476150513,6.011941527691989e-06,12.426945686340332
2,8847,train,1.3267278671264648,6.006794317479925e-06,12.907099723815918
2,8848,train,1.0871325731277466,6.001647107267861e-06,10.062496185302734
2,8849,train,0.9934831857681274,5.996499897055796e-06,8.055132865905762
2,8850,train,0.9161924123764038,5.991352686843732e-06,8.092921257019043
2,8851,train,1.3660566806793213,5.9862054766316675e-06,13.211926460266113
2,8852,train,0.8703956604003906,5.981058266419603e-06,7.009490013122559
2,8853,train,1.2233482599258423,5.975911056207533e-06,11.420843124389648
2,8854,train,0.8834021687507629,5.970763845995469e-06,8.5365571975708
2,8855,train,1.4866188764572144,5.965616635783405e-06,12.668581008911133
2,8856,train,1.0718753337860107,5.960469425571341e-06,11.033894538879395
2,8857,train,1.1148098707199097,5.955322215359277e-06,9.674359321594238
2,8858,train,1.1600215435028076,5.950175005147213e-06,8.1216402053833
2,8859,train,1.2536542415618896,5.945027794935143e-06,11.126049041748047
2,8860,train,0.8432685732841492,5.9398805847230785e-06,7.037593841552734
2,8861,train,0.8737183213233948,5.934733374511014e-06,8.263402938842773
2,8862,train,1.102608323097229,5.92958616429895e-06,10.136809349060059
2,8863,train,1.682498812675476,5.924438954086886e-06,12.850845336914062
2,8864,train,0.9467576146125793,5.919291743874822e-06,10.397085189819336
2,8865,train,1.3941116333007812,5.914144533662758e-06,12.7138671875
2,8866,train,0.9065204858779907,5.908997323450688e-06,8.762447357177734
2,8867,train,0.4864506125450134,5.903850113238624e-06,5.8966965675354
2,8868,train,1.2488985061645508,5.8987029030265596e-06,9.04684066772461
2,8869,train,1.2579160928726196,5.8935556928144954e-06,10.365106582641602
2,8870,train,0.7991471886634827,5.888408482602431e-06,7.708827972412109
2,8871,train,1.2044237852096558,5.883261272390367e-06,10.942117691040039
2,8872,train,1.7399886846542358,5.878114062178297e-06,11.656790733337402
2,8873,train,1.062861442565918,5.872966851966233e-06,7.840150356292725
2,8874,train,1.2638641595840454,5.867819641754169e-06,10.965860366821289
2,8875,train,1.0148369073867798,5.862672431542105e-06,8.893266677856445
2,8876,train,1.2418971061706543,5.857525221330041e-06,9.507855415344238
2,8877,train,1.583223819732666,5.852378011117976e-06,12.310200691223145
2,8878,train,1.3647552728652954,5.8472308009059115e-06,9.83402156829834
2,8879,train,1.5182849168777466,5.842083590693842e-06,10.800687789916992
2,8880,train,1.1633576154708862,5.836936380481778e-06,10.087620735168457
2,8881,train,0.8894612789154053,5.831789170269713e-06,7.1989030838012695
2,8882,train,0.765802264213562,5.826641960057649e-06,6.831313133239746
2,8883,train,0.6756941080093384,5.821494749845585e-06,6.278200626373291
2,8884,train,1.1250536441802979,5.816347539633521e-06,11.560588836669922
2,8885,train,1.2218363285064697,5.811200329421452e-06,9.783823013305664
2,8886,train,1.4986644983291626,5.806053119209387e-06,12.481256484985352
2,8887,train,0.7167705297470093,5.8009059089973225e-06,6.459160804748535
2,8888,train,0.9451066255569458,5.795758698785258e-06,9.593094825744629
2,8889,train,1.1878228187561035,5.790611488573194e-06,11.900575637817383
2,8890,train,0.9500532150268555,5.78546427836113e-06,9.485295295715332
2,8891,train,1.5960842370986938,5.780317068149066e-06,12.791025161743164
2,8892,train,1.0848236083984375,5.775169857936996e-06,9.49711799621582
2,8893,train,1.6584092378616333,5.770022647724932e-06,12.309178352355957
2,8894,train,1.0186995267868042,5.764875437512868e-06,7.489395618438721
2,8895,train,1.1617763042449951,5.7597282273008035e-06,8.574481964111328
2,8896,train,1.382856845855713,5.754581017088739e-06,11.312792778015137
2,8897,train,1.0414726734161377,5.749433806876675e-06,9.994743347167969
2,8898,train,1.1081470251083374,5.744286596664605e-06,10.409985542297363
2,8899,train,0.8821654319763184,5.739139386452541e-06,7.622900009155273
2,8900,train,1.1851961612701416,5.733992176240477e-06,9.208209037780762
2,8901,train,1.356619954109192,5.728844966028413e-06,11.30397891998291
2,8902,train,1.6726946830749512,5.723697755816349e-06,14.889174461364746
2,8903,train,0.9076361060142517,5.7185505456042846e-06,8.115947723388672
2,8904,train,1.3302602767944336,5.7134033353922204e-06,11.37943172454834
2,8905,train,0.7067322134971619,5.70825612518015e-06,7.018884181976318
2,8906,train,1.7112866640090942,5.703108914968086e-06,14.037206649780273
2,8907,train,1.180461049079895,5.697961704756022e-06,10.718225479125977
2,8908,train,1.1751201152801514,5.692814494543958e-06,9.7081880569458
2,8909,train,1.1820815801620483,5.687667284331893e-06,10.04944896697998
2,8910,train,0.9407234191894531,5.682520074119829e-06,9.620526313781738
2,8911,train,0.8259404897689819,5.677372863907765e-06,8.170225143432617
2,8912,train,1.178554892539978,5.6722256536956956e-06,10.057473182678223
2,8913,train,1.2316851615905762,5.6670784434836314e-06,10.468218803405762
2,8914,train,1.6095277070999146,5.6619312332715664e-06,14.191615104675293
2,8915,train,0.7678505778312683,5.656784023059502e-06,7.5430989265441895
2,8916,train,1.2923282384872437,5.651636812847438e-06,12.363727569580078
2,8917,train,1.2830451726913452,5.646489602635374e-06,11.336438179016113
2,8918,train,1.3888847827911377,5.641342392423304e-06,10.733420372009277
2,8919,train,1.0928583145141602,5.63619518221124e-06,9.065069198608398
2,8920,train,0.7611339092254639,5.631047971999176e-06,6.101100921630859
2,8921,train,1.0231208801269531,5.625900761787112e-06,7.790658950805664
2,8922,train,0.7170623540878296,5.6207535515750475e-06,5.873270034790039
2,8923,train,1.1252634525299072,5.615606341362983e-06,9.45947551727295
2,8924,train,1.3096318244934082,5.610459131150919e-06,10.74212646484375
2,8925,train,1.1297211647033691,5.605311920938849e-06,10.23281192779541
2,8926,train,0.7231888175010681,5.600164710726785e-06,7.36851692199707
2,8927,train,2.150531530380249,5.595017500514721e-06,15.681982040405273
2,8928,train,0.9437083601951599,5.589870290302657e-06,7.084401607513428
2,8929,train,1.0877931118011475,5.584723080090593e-06,9.118012428283691
2,8930,train,1.1668306589126587,5.5795758698785285e-06,10.654012680053711
2,8931,train,0.983271598815918,5.5744286596664585e-06,7.269670486450195
2,8932,train,1.5990747213363647,5.569281449454394e-06,13.575620651245117
2,8933,train,1.5507432222366333,5.56413423924233e-06,12.990828514099121
2,8934,train,0.823004961013794,5.558987029030266e-06,7.962228775024414
2,8935,train,1.2443103790283203,5.553839818818202e-06,11.472736358642578
2,8936,train,1.5096280574798584,5.548692608606138e-06,12.704639434814453
2,8937,train,1.1927603483200073,5.543545398394073e-06,12.174291610717773
2,8938,train,0.9032196998596191,5.538398188182004e-06,8.2346773147583
2,8939,train,1.4863495826721191,5.5332509779699395e-06,11.725547790527344
2,8940,train,1.0937769412994385,5.528103767757875e-06,8.341105461120605
2,8941,train,1.3142800331115723,5.522956557545811e-06,13.996724128723145
2,8942,train,0.9195156097412109,5.517809347333746e-06,7.451014041900635
2,8943,train,0.9001917243003845,5.512662137121682e-06,8.679390907287598
2,8944,train,1.3262819051742554,5.507514926909613e-06,11.436820030212402
2,8945,train,1.1550688743591309,5.502367716697549e-06,9.419925689697266
2,8946,train,1.4057824611663818,5.497220506485484e-06,11.42794418334961
2,8947,train,0.9345725178718567,5.49207329627342e-06,10.377628326416016
2,8948,train,1.4218510389328003,5.486926086061356e-06,11.086164474487305
2,8949,train,1.1264657974243164,5.4817788758492915e-06,8.991545677185059
2,8950,train,0.8181077837944031,5.476631665637227e-06,7.986928462982178
2,8951,train,0.8680865168571472,5.471484455425157e-06,7.44403600692749
2,8952,train,1.0032352209091187,5.466337245213093e-06,8.780951499938965
2,8953,train,1.263059377670288,5.461190035001029e-06,10.575878143310547
2,8954,train,1.5303202867507935,5.456042824788965e-06,10.365550994873047
2,8955,train,1.3674458265304565,5.450895614576901e-06,10.86661434173584
2,8956,train,1.2046008110046387,5.445748404364837e-06,9.432332992553711
2,8957,train,1.027311086654663,5.4406011941527666e-06,10.03439712524414
2,8958,train,1.536070466041565,5.4354539839407024e-06,12.76235294342041
2,8959,train,0.8609184622764587,5.430306773728638e-06,9.207319259643555
2,8960,train,0.7999348640441895,5.425159563516574e-06,7.11398458480835
2,8961,train,1.2062345743179321,5.42001235330451e-06,10.369935989379883
2,8962,train,1.921396255493164,5.414865143092446e-06,13.703265190124512
2,8963,train,1.0372039079666138,5.409717932880382e-06,10.24311637878418
2,8964,train,0.905769944190979,5.404570722668312e-06,7.911386966705322
2,8965,train,1.117113709449768,5.399423512456248e-06,9.153581619262695
2,8966,train,1.2325079441070557,5.3942763022441835e-06,9.322502136230469
2,8967,train,1.1858395338058472,5.389129092032119e-06,10.277615547180176
2,8968,train,1.1524664163589478,5.383981881820055e-06,10.185491561889648
2,8969,train,0.8315082788467407,5.378834671607991e-06,7.034869194030762
2,8970,train,0.7599099278450012,5.373687461395921e-06,6.208962440490723
2,8971,train,0.7695324420928955,5.368540251183857e-06,7.267795085906982
2,8972,train,1.0326663255691528,5.363393040971793e-06,9.194622039794922
2,8973,train,1.0350135564804077,5.358245830759729e-06,9.120548248291016
2,8974,train,1.050889015197754,5.353098620547664e-06,10.50415325164795
2,8975,train,0.7276655435562134,5.3479514103355995e-06,7.243712425231934
2,8976,train,0.5798453092575073,5.342804200123535e-06,5.779889106750488
2,8977,train,0.9825385212898254,5.337656989911466e-06,10.603015899658203
2,8978,train,1.597968578338623,5.332509779699402e-06,13.751208305358887
2,8979,train,1.2141284942626953,5.327362569487337e-06,9.068292617797852
2,8980,train,1.4863187074661255,5.322215359275273e-06,10.467619895935059
2,8981,train,1.1185243129730225,5.317068149063209e-06,10.067983627319336
2,8982,train,1.392784833908081,5.311920938851145e-06,9.69976806640625
2,8983,train,0.8034821152687073,5.306773728639081e-06,7.991219520568848
2,8984,train,1.013230323791504,5.3016265184270105e-06,8.724470138549805
2,8985,train,1.1609896421432495,5.296479308214946e-06,8.701773643493652
2,8986,train,0.53519606590271,5.291332098002882e-06,5.214832305908203
2,8987,train,1.338925838470459,5.286184887790818e-06,10.194539070129395
2,8988,train,0.7361908555030823,5.281037677578754e-06,6.856870651245117
2,8989,train,0.9350240230560303,5.27589046736669e-06,8.327309608459473
2,8990,train,0.6996583938598633,5.27074325715462e-06,6.510390758514404
2,8991,train,0.8695681691169739,5.265596046942556e-06,9.386250495910645
2,8992,train,1.4117106199264526,5.2604488367304916e-06,11.51174545288086
2,8993,train,0.793811559677124,5.2553016265184274e-06,7.201192378997803
2,8994,train,0.9299172163009644,5.250154416306363e-06,8.75972843170166
2,8995,train,1.2275722026824951,5.245007206094299e-06,9.557356834411621
2,8996,train,1.1823912858963013,5.239859995882235e-06,10.102579116821289
2,8997,train,1.0410879850387573,5.234712785670165e-06,9.165411949157715
2,8998,train,1.152145266532898,5.229565575458101e-06,9.812368392944336
2,8999,train,0.9835681319236755,5.224418365246037e-06,7.999743938446045
2,9000,train,1.5820878744125366,5.219271155033973e-06,11.635880470275879
2,9001,train,1.163259744644165,5.2141239448219085e-06,10.04978084564209
2,9002,train,0.8145672082901001,5.2089767346098435e-06,7.317621231079102
2,9003,train,1.3646576404571533,5.203829524397774e-06,10.432318687438965
2,9004,train,0.633480429649353,5.19868231418571e-06,7.4491047859191895
2,9005,train,1.269712209701538,5.193535103973646e-06,9.192138671875
2,9006,train,0.8666251301765442,5.188387893761582e-06,6.7837090492248535
2,9007,train,1.0792176723480225,5.183240683549517e-06,8.458648681640625
2,9008,train,1.0178543329238892,5.178093473337453e-06,9.958584785461426
2,9009,train,1.7814972400665283,5.172946263125389e-06,13.94629955291748
2,9010,train,0.9666203856468201,5.1677990529133195e-06,9.214715003967285
2,9011,train,1.2980587482452393,5.1626518427012545e-06,10.52682876586914
2,9012,train,0.7856041193008423,5.15750463248919e-06,6.931066989898682
2,9013,train,0.51833176612854,5.152357422277126e-06,5.564809799194336
2,9014,train,1.3599401712417603,5.147210212065062e-06,11.236717224121094
2,9015,train,1.0326052904129028,5.142063001852998e-06,9.147796630859375
2,9016,train,1.0857133865356445,5.136915791640928e-06,8.813325881958008
2,9017,train,0.882181704044342,5.131768581428864e-06,8.105247497558594
2,9018,train,0.7866026759147644,5.1266213712168e-06,6.629374980926514
2,9019,train,1.1227941513061523,5.1214741610047355e-06,9.51396369934082
2,9020,train,1.108567237854004,5.116326950792671e-06,9.918201446533203
2,9021,train,0.9484393000602722,5.111179740580607e-06,8.69163703918457
2,9022,train,1.2178714275360107,5.106032530368543e-06,9.508989334106445
2,9023,train,1.019290566444397,5.100885320156473e-06,10.562577247619629
2,9024,train,0.9589236974716187,5.095738109944409e-06,9.65905475616455
2,9025,train,1.31427800655365,5.090590899732345e-06,11.09849739074707
2,9026,train,0.8593689203262329,5.085443689520281e-06,7.103971481323242
2,9027,train,0.7475452423095703,5.0802964793082166e-06,7.951783180236816
2,9028,train,0.96311354637146,5.0751492690961524e-06,8.59229564666748
2,9029,train,0.8467954993247986,5.070002058884082e-06,7.412289619445801
2,9030,train,0.963676929473877,5.064854848672018e-06,8.416891098022461
2,9031,train,0.8267630338668823,5.059707638459954e-06,6.857839584350586
2,9032,train,0.8297643661499023,5.05456042824789e-06,8.020132064819336
2,9033,train,0.742871105670929,5.049413218035826e-06,6.506561756134033
2,9034,train,1.3440583944320679,5.044266007823762e-06,9.572128295898438
2,9035,train,1.1282100677490234,5.039118797611697e-06,9.451626777648926
2,9036,train,1.359451174736023,5.0339715873996276e-06,12.259513854980469
2,9037,train,0.9482550621032715,5.0288243771875634e-06,9.944233894348145
2,9038,train,1.9764422178268433,5.023677166975499e-06,14.672623634338379
2,9039,train,0.8765529990196228,5.018529956763434e-06,7.74368953704834
2,9040,train,1.6513583660125732,5.01338274655137e-06,13.248501777648926
2,9041,train,0.9780552387237549,5.008235536339306e-06,8.861865997314453
2,9042,train,1.1288622617721558,5.003088326127237e-06,9.658675193786621
2,9043,train,1.3093781471252441,4.997941115915173e-06,10.743956565856934
2,9044,train,1.2305691242218018,4.992793905703108e-06,9.977033615112305
2,9045,train,1.1370446681976318,4.987646695491044e-06,8.917648315429688
2,9046,train,0.5805162191390991,4.9824994852789795e-06,5.31887149810791
2,9047,train,1.5546214580535889,4.977352275066915e-06,11.31495189666748
2,9048,train,1.0209921598434448,4.972205064854851e-06,9.863689422607422
2,9049,train,0.9185892343521118,4.967057854642781e-06,8.19306755065918
2,9050,train,1.5922715663909912,4.961910644430717e-06,13.668253898620605
2,9051,train,0.7239818572998047,4.956763434218653e-06,6.707243919372559
2,9052,train,1.1853739023208618,4.951616224006589e-06,9.754302978515625
2,9053,train,1.356199026107788,4.946469013794525e-06,10.485330581665039
2,9054,train,0.8780190348625183,4.9413218035824605e-06,7.541264533996582
2,9055,train,0.8924261927604675,4.936174593370396e-06,7.161673545837402
2,9056,train,1.0413225889205933,4.931027383158326e-06,9.11290454864502
2,9057,train,0.6918953657150269,4.925880172946262e-06,6.96876859664917
2,9058,train,1.2309658527374268,4.920732962734198e-06,9.597745895385742
2,9059,train,1.2925875186920166,4.915585752522134e-06,10.256144523620605
2,9060,train,0.9577882289886475,4.91043854231007e-06,8.807673454284668
2,9061,train,0.9316986799240112,4.905291332098006e-06,8.959853172302246
2,9062,train,1.2785632610321045,4.900144121885936e-06,10.533721923828125
2,9063,train,0.6664157509803772,4.8949969116738715e-06,6.488333702087402
2,9064,train,1.1466447114944458,4.889849701461807e-06,8.845687866210938
2,9065,train,1.1880347728729248,4.884702491249743e-06,10.566946983337402
2,9066,train,0.55359947681427,4.879555281037679e-06,4.787353992462158
2,9067,train,1.3018782138824463,4.874408070825614e-06,9.149480819702148
2,9068,train,1.6409924030303955,4.86926086061355e-06,12.231870651245117
2,9069,train,0.9715189337730408,4.864113650401481e-06,8.053088188171387
2,9070,train,0.6796640157699585,4.858966440189417e-06,6.510114669799805
2,9071,train,1.1323816776275635,4.8538192299773526e-06,10.460432052612305
2,9072,train,1.11763596534729,4.848672019765288e-06,10.559286117553711
2,9073,train,0.900352418422699,4.8435248095532235e-06,11.251923561096191
2,9074,train,1.4476959705352783,4.838377599341159e-06,11.482006072998047
2,9075,train,0.9722134470939636,4.83323038912909e-06,8.855567932128906
2,9076,train,1.075091004371643,4.828083178917025e-06,9.756332397460938
2,9077,train,1.3638519048690796,4.822935968704961e-06,11.886652946472168
2,9078,train,0.9862768650054932,4.817788758492897e-06,8.344808578491211
2,9079,train,2.008326530456543,4.812641548280833e-06,15.488932609558105
2,9080,train,0.525283932685852,4.807494338068769e-06,4.300989627838135
2,9081,train,0.950153648853302,4.8023471278567045e-06,10.106756210327148
2,9082,train,0.4951612651348114,4.7971999176446344e-06,4.1224541664123535
2,9083,train,1.0303866863250732,4.79205270743257e-06,7.995526313781738
2,9084,train,1.1779357194900513,4.786905497220506e-06,11.128664016723633
2,9085,train,1.131043553352356,4.781758287008442e-06,8.34045696258545
2,9086,train,0.976865828037262,4.776611076796378e-06,6.722808837890625
2,9087,train,1.1100444793701172,4.771463866584314e-06,10.810819625854492
2,9088,train,1.1464582681655884,4.766316656372244e-06,12.388137817382812
2,9089,train,1.437108039855957,4.76116944616018e-06,12.854748725891113
2,9090,train,1.0445094108581543,4.7560222359481155e-06,10.85668659210205
2,9091,train,1.0429497957229614,4.750875025736051e-06,8.646068572998047
2,9092,train,1.5404235124588013,4.745727815523987e-06,13.115826606750488
2,9093,train,0.9216776490211487,4.740580605311923e-06,7.828957557678223
2,9094,train,1.1508318185806274,4.735433395099859e-06,11.112776756286621
2,9095,train,0.880531370639801,4.730286184887789e-06,8.29900074005127
2,9096,train,1.6715683937072754,4.725138974675725e-06,12.665154457092285
2,9097,train,0.8108675479888916,4.719991764463661e-06,7.816616058349609
2,9098,train,1.0515989065170288,4.7148445542515965e-06,9.060333251953125
2,9099,train,1.0656086206436157,4.709697344039532e-06,10.616063117980957
2,9100,train,1.1229921579360962,4.704550133827467e-06,10.352462768554688
2,9101,train,0.7723137736320496,4.699402923615398e-06,6.39621114730835
2,9102,train,1.0015769004821777,4.694255713403334e-06,8.176971435546875
2,9103,train,1.0710618495941162,4.68910850319127e-06,9.587310791015625
2,9104,train,0.9276719093322754,4.683961292979205e-06,9.170313835144043
2,9105,train,1.4084590673446655,4.678814082767141e-06,11.329824447631836
2,9106,train,0.587477445602417,4.673666872555077e-06,6.165801525115967
2,9107,train,0.5914580821990967,4.668519662343013e-06,4.674927234649658
2,9108,train,0.8078378438949585,4.663372452130943e-06,6.591048717498779
2,9109,train,0.7908471822738647,4.658225241918878e-06,7.521401882171631
2,9110,train,1.135899543762207,4.653078031706814e-06,9.610383033752441
2,9111,train,0.9178838133811951,4.64793082149475e-06,7.1213908195495605
2,9112,train,1.536992073059082,4.642783611282686e-06,11.554990768432617
2,9113,train,1.7062660455703735,4.637636401070622e-06,11.837454795837402
2,9114,train,1.257185697555542,4.632489190858552e-06,10.20443058013916
2,9115,train,0.7356268763542175,4.627341980646488e-06,8.95150089263916
2,9116,train,1.0187197923660278,4.6221947704344236e-06,10.297767639160156
2,9117,train,0.9590328335762024,4.6170475602223594e-06,8.625795364379883
2,9118,train,0.7864416241645813,4.611900350010295e-06,7.505592346191406
2,9119,train,1.642501711845398,4.606753139798231e-06,13.438719749450684
2,9120,train,1.0900715589523315,4.601605929586167e-06,9.634319305419922
2,9121,train,1.5663007497787476,4.596458719374097e-06,11.252296447753906
2,9122,train,1.364165186882019,4.591311509162033e-06,9.833163261413574
2,9123,train,0.968437135219574,4.586164298949969e-06,8.890832901000977
2,9124,train,1.1241072416305542,4.581017088737905e-06,9.518121719360352
2,9125,train,1.1916946172714233,4.5758698785258405e-06,10.413630485534668
2,9126,train,0.9751042127609253,4.570722668313776e-06,11.159456253051758
2,9127,train,0.9804282188415527,4.565575458101712e-06,8.838950157165527
2,9128,train,0.8165763020515442,4.560428247889642e-06,7.758323669433594
2,9129,train,1.2284334897994995,4.555281037677578e-06,9.712366104125977
2,9130,train,1.393111228942871,4.550133827465514e-06,11.835932731628418
2,9131,train,1.2370132207870483,4.54498661725345e-06,9.05784797668457
2,9132,train,1.0239167213439941,4.539839407041385e-06,9.626518249511719
2,9133,train,0.9996535181999207,4.534692196829321e-06,9.474518775939941
2,9134,train,1.0203956365585327,4.5295449866172515e-06,7.3602705001831055
2,9135,train,0.9245532751083374,4.524397776405187e-06,8.493252754211426
2,9136,train,0.9477140307426453,4.519250566193123e-06,10.28868293762207
2,9137,train,1.0147649049758911,4.514103355981058e-06,9.138182640075684
2,9138,train,0.9683127403259277,4.508956145768994e-06,7.021992206573486
2,9139,train,0.7452003955841064,4.50380893555693e-06,7.976583003997803
2,9140,train,1.3617433309555054,4.498661725344866e-06,11.066683769226074
2,9141,train,1.1563271284103394,4.493514515132796e-06,10.036799430847168
2,9142,train,1.4704914093017578,4.488367304920732e-06,9.333362579345703
2,9143,train,0.9405692219734192,4.4832200947086675e-06,9.500260353088379
2,9144,train,1.0055235624313354,4.478072884496603e-06,10.413865089416504
2,9145,train,0.8347240686416626,4.472925674284539e-06,6.36031436920166
2,9146,train,1.068678379058838,4.467778464072475e-06,9.241093635559082
2,9147,train,1.0334445238113403,4.462631253860405e-06,9.794739723205566
2,9148,train,0.8478962182998657,4.457484043648341e-06,8.270720481872559
2,9149,train,1.1486024856567383,4.452336833436277e-06,9.562994003295898
2,9150,train,1.2430180311203003,4.447189623224213e-06,9.202156066894531
2,9151,train,1.4260272979736328,4.4420424130121486e-06,11.487865447998047
2,9152,train,0.8157953023910522,4.4368952028000844e-06,7.069034099578857
2,9153,train,1.352034091949463,4.43174799258802e-06,12.195847511291504
2,9154,train,0.7302907705307007,4.42660078237595e-06,7.225881576538086
2,9155,train,1.3513202667236328,4.421453572163886e-06,11.373678207397461
2,9156,train,1.2403374910354614,4.416306361951822e-06,10.115832328796387
2,9157,train,0.8430191278457642,4.411159151739758e-06,7.79517126083374
2,9158,train,0.618001401424408,4.406011941527694e-06,5.764812469482422
2,9159,train,0.8570020198822021,4.40086473131563e-06,8.141120910644531
2,9160,train,1.2870949506759644,4.3957175211035596e-06,10.72191047668457
2,9161,train,1.047101616859436,4.3905703108914954e-06,9.208840370178223
2,9162,train,0.7581369876861572,4.385423100679431e-06,9.31496524810791
2,9163,train,1.5602595806121826,4.380275890467367e-06,12.750717163085938
2,9164,train,1.5820996761322021,4.375128680255303e-06,11.179648399353027
2,9165,train,0.9167214632034302,4.369981470043238e-06,8.341328620910645
2,9166,train,1.107346534729004,4.364834259831174e-06,10.832610130310059
2,9167,train,0.7094348073005676,4.359687049619105e-06,6.038985729217529
2,9168,train,1.450202465057373,4.354539839407041e-06,12.46946907043457
2,9169,train,1.0201027393341064,4.349392629194976e-06,8.489335060119629
2,9170,train,1.0763212442398071,4.3442454189829115e-06,7.964971542358398
2,9171,train,1.0200121402740479,4.339098208770847e-06,9.718852043151855
2,9172,train,1.020768165588379,4.333950998558783e-06,9.321684837341309
2,9173,train,1.3435533046722412,4.328803788346714e-06,12.768218994140625
2,9174,train,1.1771610975265503,4.323656578134649e-06,9.15651798248291
2,9175,train,1.2021886110305786,4.318509367922585e-06,10.932753562927246
2,9176,train,0.8198944926261902,4.313362157710521e-06,6.9853949546813965
2,9177,train,1.397983431816101,4.308214947498457e-06,10.040051460266113
2,9178,train,1.431226372718811,4.3030677372863925e-06,11.53172779083252
2,9179,train,1.0023152828216553,4.297920527074328e-06,8.528885841369629
2,9180,train,1.5904970169067383,4.292773316862258e-06,12.632417678833008
2,9181,train,0.7091967463493347,4.287626106650194e-06,6.8458380699157715
2,9182,train,0.9669526219367981,4.28247889643813e-06,8.931896209716797
2,9183,train,1.041417121887207,4.277331686226066e-06,9.511795043945312
2,9184,train,1.6840659379959106,4.272184476014002e-06,12.699849128723145
2,9185,train,1.0508252382278442,4.267037265801938e-06,8.130287170410156
2,9186,train,1.0744541883468628,4.261890055589868e-06,8.08895206451416
2,9187,train,1.3119885921478271,4.2567428453778035e-06,10.962930679321289
2,9188,train,0.9234330058097839,4.251595635165739e-06,8.856006622314453
2,9189,train,1.5973936319351196,4.246448424953675e-06,12.260250091552734
2,9190,train,1.1350071430206299,4.241301214741611e-06,7.934474468231201
2,9191,train,1.1783432960510254,4.236154004529547e-06,10.157052993774414
2,9192,train,1.0605266094207764,4.231006794317483e-06,9.500627517700195
2,9193,train,1.4513615369796753,4.225859584105413e-06,12.994836807250977
2,9194,train,1.3743635416030884,4.220712373893349e-06,10.82822322845459
2,9195,train,0.8211748600006104,4.2155651636812846e-06,8.254194259643555
2,9196,train,1.7388159036636353,4.2104179534692204e-06,13.283659934997559
2,9197,train,1.070623517036438,4.2052707432571555e-06,9.209112167358398
2,9198,train,0.9277101755142212,4.200123533045091e-06,6.979832172393799
2,9199,train,0.9270567297935486,4.194976322833027e-06,7.973273754119873
2,9200,train,1.357975959777832,4.189829112620958e-06,10.959909439086914
2,9201,train,1.3634905815124512,4.184681902408894e-06,10.27589225769043
2,9202,train,1.3481700420379639,4.179534692196829e-06,12.28055191040039
2,9203,train,1.011168360710144,4.174387481984765e-06,9.19057559967041
2,9204,train,1.1512380838394165,4.169240271772701e-06,9.400054931640625
2,9205,train,0.98199063539505,4.1640930615606365e-06,8.41732406616211
2,9206,train,1.3695205450057983,4.1589458513485664e-06,11.997075080871582
2,9207,train,1.2062346935272217,4.153798641136502e-06,11.588981628417969
2,9208,train,1.4547454118728638,4.148651430924438e-06,13.118128776550293
2,9209,train,1.6650125980377197,4.143504220712374e-06,13.508529663085938
2,9210,train,0.723320722579956,4.13835701050031e-06,7.268568515777588
2,9211,train,1.1291660070419312,4.133209800288246e-06,10.587592124938965
2,9212,train,1.0958495140075684,4.128062590076182e-06,8.831719398498535
2,9213,train,1.504852533340454,4.122915379864112e-06,12.450517654418945
2,9214,train,0.9623317122459412,4.1177681696520475e-06,9.388154029846191
2,9215,train,1.5155469179153442,4.112620959439983e-06,11.893047332763672
2,9216,train,1.5040713548660278,4.107473749227919e-06,11.907644271850586
2,9217,train,1.7389708757400513,4.102326539015855e-06,13.64661693572998
2,9218,train,0.8583025932312012,4.097179328803791e-06,8.632473945617676
2,9219,train,0.9981200695037842,4.092032118591721e-06,8.653526306152344
2,9220,train,0.7939736843109131,4.086884908379657e-06,8.452677726745605
2,9221,train,0.9704111218452454,4.081737698167593e-06,9.990262031555176
2,9222,train,0.9585044980049133,4.0765904879555285e-06,8.836145401000977
2,9223,train,1.4824198484420776,4.071443277743464e-06,12.667582511901855
2,9224,train,0.9016725420951843,4.0662960675314e-06,9.03060245513916
2,9225,train,0.8119106888771057,4.061148857319335e-06,7.106751441955566
2,9226,train,1.0685499906539917,4.056001647107266e-06,8.920634269714355
2,9227,train,1.1749686002731323,4.050854436895202e-06,9.562256813049316
2,9228,train,1.1999331712722778,4.045707226683138e-06,10.53172492980957
2,9229,train,1.009760856628418,4.040560016471074e-06,8.224013328552246
2,9230,train,1.5037161111831665,4.035412806259009e-06,11.632362365722656
2,9231,train,1.3429867029190063,4.030265596046945e-06,11.877375602722168
2,9232,train,1.6577028036117554,4.025118385834875e-06,13.910118103027344
2,9233,train,1.0474809408187866,4.019971175622811e-06,10.85543155670166
2,9234,train,1.2341896295547485,4.014823965410746e-06,10.872574806213379
2,9235,train,1.227976679801941,4.009676755198682e-06,10.2703857421875
2,9236,train,0.8004690408706665,4.004529544986618e-06,7.579972743988037
2,9237,train,0.6926253437995911,3.999382334774554e-06,6.256417751312256
2,9238,train,0.8695495128631592,3.99423512456249e-06,6.661482334136963
2,9239,train,1.4090121984481812,3.98908791435042e-06,11.138583183288574
2,9240,train,0.9396104216575623,3.9839407041383556e-06,9.149190902709961
2,9241,train,0.7349227070808411,3.9787934939262914e-06,5.369090557098389
2,9242,train,1.2427958250045776,3.973646283714227e-06,10.672945976257324
2,9243,train,0.7775116562843323,3.968499073502163e-06,6.754350185394287
2,9244,train,1.37159264087677,3.963351863290099e-06,11.781075477600098
2,9245,train,1.205450415611267,3.958204653078029e-06,10.803824424743652
2,9246,train,1.2923425436019897,3.953057442865965e-06,9.043224334716797
2,9247,train,0.8422042727470398,3.947910232653901e-06,7.9650959968566895
2,9248,train,1.2506872415542603,3.942763022441837e-06,10.755746841430664
2,9249,train,1.3962434530258179,3.9376158122297725e-06,12.203303337097168
2,9250,train,0.9293012619018555,3.932468602017708e-06,8.425272941589355
2,9251,train,1.341655969619751,3.927321391805644e-06,10.451204299926758
2,9252,train,0.5151023864746094,3.922174181593574e-06,5.017040729522705
2,9253,train,1.2232669591903687,3.91702697138151e-06,10.078207969665527
2,9254,train,0.8715123534202576,3.911879761169446e-06,6.737260818481445
2,9255,train,1.3839285373687744,3.906732550957382e-06,11.238046646118164
2,9256,train,0.8726387619972229,3.901585340745318e-06,8.620408058166504
2,9257,train,0.9045413732528687,3.8964381305332535e-06,8.92761516571045
2,9258,train,1.5037013292312622,3.8912909203211835e-06,10.825122833251953
2,9259,train,0.6158180832862854,3.886143710109119e-06,6.772655010223389
2,9260,train,0.7975379228591919,3.880996499897055e-06,9.359421730041504
2,9261,train,0.8639972805976868,3.875849289684991e-06,7.869004249572754
2,9262,train,1.0927423238754272,3.870702079472926e-06,10.165759086608887
2,9263,train,1.1577457189559937,3.865554869260862e-06,9.870562553405762
2,9264,train,1.2390378713607788,3.860407659048798e-06,11.901594161987305
2,9265,train,1.6472673416137695,3.855260448836729e-06,14.506830215454102
2,9266,train,1.030483365058899,3.8501132386246645e-06,9.649089813232422
2,9267,train,1.045509696006775,3.8449660284125995e-06,10.287203788757324
2,9268,train,0.876364529132843,3.839818818200535e-06,8.50245189666748
2,9269,train,1.0866641998291016,3.834671607988471e-06,9.753972053527832
2,9270,train,1.4269676208496094,3.829524397776407e-06,13.301385879516602
2,9271,train,1.0359351634979248,3.824377187564343e-06,9.730021476745605
2,9272,train,1.2789762020111084,3.819229977352273e-06,9.616990089416504
2,9273,train,1.020548939704895,3.8140827671402093e-06,10.313567161560059
2,9274,train,0.986303448677063,3.8089355569281447e-06,7.397846698760986
2,9275,train,1.0514194965362549,3.8037883467160806e-06,9.580363273620605
2,9276,train,0.7033372521400452,3.7986411365040164e-06,7.4717864990234375
2,9277,train,1.4657161235809326,3.7934939262919523e-06,13.920648574829102
2,9278,train,0.7995603680610657,3.7883467160798823e-06,7.519597053527832
2,9279,train,0.6332061886787415,3.783199505867818e-06,5.503617286682129
2,9280,train,1.055073618888855,3.778052295655754e-06,9.362152099609375
2,9281,train,1.0012495517730713,3.77290508544369e-06,10.02896785736084
2,9282,train,0.8474696278572083,3.7677578752316257e-06,7.8032636642456055
2,9283,train,1.4799176454544067,3.762610665019561e-06,12.433123588562012
2,9284,train,1.1844310760498047,3.757463454807497e-06,9.574922561645508
2,9285,train,0.9041281938552856,3.7523162445954274e-06,9.4424467086792
2,9286,train,0.9970377683639526,3.7471690343833633e-06,9.928670883178711
2,9287,train,1.190394639968872,3.742021824171299e-06,10.477729797363281
2,9288,train,1.0637822151184082,3.7368746139592346e-06,11.473495483398438
2,9289,train,1.013071894645691,3.7317274037471705e-06,9.5833158493042
2,9290,train,0.7610749006271362,3.7265801935351064e-06,7.063679218292236
2,9291,train,0.7612960934638977,3.7214329833230367e-06,7.766844749450684
2,9292,train,1.4949198961257935,3.716285773110972e-06,13.115657806396484
2,9293,train,1.4269641637802124,3.711138562898908e-06,12.383027076721191
2,9294,train,1.1453348398208618,3.705991352686844e-06,10.370834350585938
2,9295,train,0.8282701969146729,3.70084414247478e-06,6.213802814483643
2,9296,train,1.3283140659332275,3.6956969322627157e-06,11.892972946166992
2,9297,train,1.1331814527511597,3.690549722050651e-06,9.068263053894043
2,9298,train,0.8719380497932434,3.6854025118385815e-06,8.1251802444458
2,9299,train,1.3531112670898438,3.6802553016265173e-06,10.435062408447266
2,9300,train,1.324252963066101,3.6751080914144532e-06,11.058526992797852
2,9301,train,1.0334573984146118,3.669960881202389e-06,11.165865898132324
2,9302,train,0.8593794703483582,3.6648136709903245e-06,10.021818161010742
2,9303,train,1.1607662439346313,3.6596664607782604e-06,10.335800170898438
2,9304,train,0.8899962306022644,3.6545192505661908e-06,8.963916778564453
2,9305,train,1.5887097120285034,3.6493720403541266e-06,15.102005958557129
2,9306,train,1.0226951837539673,3.644224830142062e-06,8.928922653198242
2,9307,train,0.9004007577896118,3.639077619929998e-06,7.924724102020264
2,9308,train,1.5652601718902588,3.633930409717934e-06,14.132490158081055
2,9309,train,1.2255322933197021,3.6287831995058697e-06,13.023880004882812
2,9310,train,0.921754777431488,3.6236359892938056e-06,9.081830978393555
2,9311,train,1.2496137619018555,3.6184887790817355e-06,9.979702949523926
2,9312,train,1.4904175996780396,3.6133415688696714e-06,13.05321979522705
2,9313,train,1.3225116729736328,3.6081943586576073e-06,11.414716720581055
2,9314,train,1.2604796886444092,3.603047148445543e-06,11.4823637008667
2,9315,train,0.9107534289360046,3.597899938233479e-06,8.856627464294434
2,9316,train,1.2623698711395264,3.5927527280214145e-06,11.827807426452637
2,9317,train,1.0719552040100098,3.587605517809345e-06,10.084803581237793
2,9318,train,1.3302267789840698,3.5824583075972807e-06,13.918669700622559
2,9319,train,0.7746719717979431,3.5773110973852166e-06,8.344449043273926
2,9320,train,1.1271449327468872,3.572163887173152e-06,10.732361793518066
2,9321,train,1.253541350364685,3.567016676961088e-06,10.136282920837402
2,9322,train,1.2784638404846191,3.5618694667490238e-06,11.01748275756836
2,9323,train,0.8811445236206055,3.5567222565369596e-06,6.996679782867432
2,9324,train,0.7682546377182007,3.55157504632489e-06,8.132614135742188
2,9325,train,0.6404476165771484,3.5464278361128254e-06,6.259507656097412
2,9326,train,1.1100032329559326,3.5412806259007613e-06,10.299077033996582
2,9327,train,1.1574333906173706,3.536133415688697e-06,8.770405769348145
2,9328,train,0.6094159483909607,3.530986205476633e-06,6.460021495819092
2,9329,train,1.242820143699646,3.525838995264569e-06,10.940672874450684
2,9330,train,1.025263786315918,3.520691785052499e-06,8.75798511505127
2,9331,train,1.479394793510437,3.5155445748404347e-06,11.533409118652344
2,9332,train,1.250424861907959,3.5103973646283706e-06,12.24487590789795
2,9333,train,1.2503559589385986,3.5052501544163065e-06,10.683710098266602
2,9334,train,1.2411112785339355,3.500102944204242e-06,10.443110466003418
2,9335,train,1.0415058135986328,3.494955733992178e-06,9.808950424194336
2,9336,train,1.1496009826660156,3.4898085237801137e-06,9.416459083557129
2,9337,train,1.2544556856155396,3.484661313568044e-06,11.726222038269043
2,9338,train,1.6335281133651733,3.47951410335598e-06,15.288286209106445
2,9339,train,1.1886725425720215,3.4743668931439154e-06,8.635480880737305
2,9340,train,0.5068875551223755,3.4692196829318512e-06,4.82503604888916
2,9341,train,1.2025998830795288,3.464072472719787e-06,11.017417907714844
2,9342,train,0.9564063549041748,3.458925262507723e-06,9.74355411529541
2,9343,train,0.9397282004356384,3.453778052295659e-06,8.38704776763916
2,9344,train,0.6102890372276306,3.4486308420835888e-06,5.611820220947266
2,9345,train,1.1418167352676392,3.4434836318715247e-06,9.761970520019531
2,9346,train,1.57166588306427,3.4383364216594605e-06,11.837026596069336
2,9347,train,1.7995829582214355,3.4331892114473964e-06,14.541263580322266
2,9348,train,0.8225317001342773,3.428042001235332e-06,6.628567695617676
2,9349,train,0.847652792930603,3.4228947910232677e-06,8.587872505187988
2,9350,train,0.8969669342041016,3.417747580811198e-06,9.617964744567871
2,9351,train,1.1052497625350952,3.412600370599134e-06,10.063063621520996
2,9352,train,1.4167076349258423,3.40745316038707e-06,9.776750564575195
2,9353,train,1.072617769241333,3.4023059501750053e-06,11.04128646850586
2,9354,train,1.1651421785354614,3.397158739962941e-06,10.174141883850098
2,9355,train,1.6789045333862305,3.392011529750877e-06,12.162955284118652
2,9356,train,0.8269072771072388,3.386864319538813e-06,9.1023588180542
2,9357,train,1.2893099784851074,3.381717109326743e-06,9.265655517578125
2,9358,train,1.1172866821289062,3.3765698991146787e-06,11.057978630065918
2,9359,train,1.4379795789718628,3.3714226889026146e-06,12.280338287353516
2,9360,train,0.8249692320823669,3.3662754786905504e-06,8.222533226013184
2,9361,train,0.8593800663948059,3.3611282684784863e-06,8.7590913772583
2,9362,train,1.2973570823669434,3.3559810582664218e-06,11.158049583435059
2,9363,train,1.3433126211166382,3.350833848054352e-06,11.216429710388184
2,9364,train,0.8978652954101562,3.345686637842288e-06,8.011886596679688
2,9365,train,1.0423864126205444,3.340539427630224e-06,11.844170570373535
2,9366,train,1.5816776752471924,3.3353922174181597e-06,13.282965660095215
2,9367,train,0.7006640434265137,3.330245007206095e-06,5.9163498878479
2,9368,train,1.314379334449768,3.325097796994031e-06,13.483397483825684
2,9369,train,1.4731169939041138,3.319950586781967e-06,12.327150344848633
2,9370,train,1.4356344938278198,3.3148033765698973e-06,13.22072982788086
2,9371,train,1.2012890577316284,3.3096561663578327e-06,9.868577003479004
2,9372,train,0.8436852693557739,3.3045089561457686e-06,8.036624908447266
2,9373,train,0.6325010061264038,3.2993617459337045e-06,7.05715274810791
2,9374,train,1.0801652669906616,3.2942145357216404e-06,8.978071212768555
2,9375,train,1.2003631591796875,3.2890673255095762e-06,10.407776832580566
2,9376,train,0.7272999882698059,3.283920115297506e-06,6.475411891937256
2,9377,train,0.7195155620574951,3.278772905085442e-06,6.516938209533691
2,9378,train,1.1277227401733398,3.273625694873378e-06,9.724202156066895
2,9379,train,1.4304125308990479,3.2684784846613138e-06,10.75780200958252
2,9380,train,1.3726956844329834,3.2633312744492497e-06,12.624865531921387
2,9381,train,0.8310120701789856,3.258184064237185e-06,7.034506797790527
2,9382,train,1.7782764434814453,3.253036854025121e-06,13.881441116333008
2,9383,train,0.8755787014961243,3.2478896438130513e-06,9.070602416992188
2,9384,train,0.8619421124458313,3.242742433600987e-06,8.347976684570312
2,9385,train,1.0842370986938477,3.2375952233889227e-06,9.58080768585205
2,9386,train,1.3386704921722412,3.2324480131768585e-06,10.68651008605957
2,9387,train,0.9944601655006409,3.2273008029647944e-06,7.392611026763916
2,9388,train,1.0472631454467773,3.2221535927527303e-06,8.91478157043457
2,9389,train,1.1316584348678589,3.2170063825406606e-06,10.2008695602417
2,9390,train,1.353931188583374,3.211859172328596e-06,11.226754188537598
2,9391,train,0.46611490845680237,3.206711962116532e-06,3.7327990531921387
2,9392,train,1.087826132774353,3.201564751904468e-06,10.074974060058594
2,9393,train,1.1198596954345703,3.1964175416924037e-06,11.084410667419434
2,9394,train,0.8446686863899231,3.1912703314803396e-06,7.215615749359131
2,9395,train,1.3639042377471924,3.186123121268275e-06,10.208250999450684
2,9396,train,0.5797753930091858,3.1809759110562054e-06,5.596515655517578
2,9397,train,1.8007431030273438,3.1758287008441413e-06,12.681726455688477
2,9398,train,1.6490386724472046,3.170681490632077e-06,11.698816299438477
2,9399,train,1.515874981880188,3.1655342804200126e-06,13.953243255615234
2,9400,train,1.0638535022735596,3.1603870702079484e-06,8.791138648986816
2,9401,train,1.4256789684295654,3.1552398599958843e-06,10.384797096252441
2,9402,train,1.169646143913269,3.1500926497838147e-06,12.112062454223633
2,9403,train,0.6969715356826782,3.1449454395717506e-06,6.4786696434021
2,9404,train,0.9460465908050537,3.139798229359686e-06,7.515107154846191
2,9405,train,0.7079294323921204,3.134651019147622e-06,7.513949871063232
2,9406,train,1.0556511878967285,3.1295038089355577e-06,8.700782775878906
2,9407,train,1.3356906175613403,3.1243565987234936e-06,10.747377395629883
2,9408,train,1.1431976556777954,3.1192093885114295e-06,11.999471664428711
2,9409,train,0.6943396925926208,3.1140621782993594e-06,6.797565937042236
2,9410,train,0.7110558748245239,3.1089149680872953e-06,6.445319175720215
2,9411,train,1.1315423250198364,3.103767757875231e-06,10.654525756835938
2,9412,train,1.2409290075302124,3.098620547663167e-06,11.273062705993652
2,9413,train,0.9046930074691772,3.0934733374511025e-06,8.004408836364746
2,9414,train,1.4653302431106567,3.0883261272390384e-06,10.60312271118164
2,9415,train,1.4336073398590088,3.0831789170269742e-06,11.828487396240234
2,9416,train,1.3144458532333374,3.0780317068149046e-06,8.941695213317871
2,9417,train,1.3963520526885986,3.0728844966028405e-06,10.121404647827148
2,9418,train,1.1382914781570435,3.067737286390776e-06,9.318845748901367
2,9419,train,1.0139638185501099,3.062590076178712e-06,10.903229713439941
2,9420,train,0.9832494854927063,3.0574428659666477e-06,8.665627479553223
2,9421,train,0.8541961908340454,3.0522956557545835e-06,8.080728530883789
2,9422,train,1.131825566291809,3.0471484455425135e-06,10.906316757202148
2,9423,train,0.6454745531082153,3.0420012353304493e-06,5.5311079025268555
2,9424,train,1.487874984741211,3.0368540251183852e-06,12.317341804504395
2,9425,train,0.9836941361427307,3.031706814906321e-06,8.83133316040039
2,9426,train,1.0429208278656006,3.026559604694257e-06,8.246847152709961
2,9427,train,1.297959327697754,3.0214123944821924e-06,12.575569152832031
2,9428,train,1.2383333444595337,3.0162651842701283e-06,10.616333961486816
2,9429,train,1.206593632698059,3.0111179740580586e-06,8.88863754272461
2,9430,train,0.939251720905304,3.0059707638459945e-06,8.355749130249023
2,9431,train,1.9214081764221191,3.0008235536339304e-06,14.83104133605957
2,9432,train,1.6581268310546875,2.995676343421866e-06,11.810518264770508
2,9433,train,0.9662396907806396,2.9905291332098017e-06,9.8472318649292
2,9434,train,1.06513249874115,2.9853819229977376e-06,8.385976791381836
2,9435,train,1.3887250423431396,2.980234712785668e-06,11.500604629516602
2,9436,train,0.5464265942573547,2.9750875025736034e-06,5.403064250946045
2,9437,train,1.3562661409378052,2.9699402923615393e-06,12.570429801940918
2,9438,train,0.7031380534172058,2.964793082149475e-06,5.819101333618164
2,9439,train,1.0904532670974731,2.959645871937411e-06,8.857760429382324
2,9440,train,0.6998300552368164,2.954498661725347e-06,6.550055980682373
2,9441,train,0.9619734287261963,2.9493514515132823e-06,8.845537185668945
2,9442,train,1.3343465328216553,2.9442042413012127e-06,10.378019332885742
2,9443,train,1.4972690343856812,2.9390570310891486e-06,12.56657886505127
2,9444,train,1.1082546710968018,2.9339098208770844e-06,8.754182815551758
2,9445,train,1.0537688732147217,2.9287626106650203e-06,9.977198600769043
2,9446,train,1.1804587841033936,2.9236154004529558e-06,9.433699607849121
2,9447,train,0.7564677000045776,2.9184681902408916e-06,7.802095413208008
2,9448,train,1.7945703268051147,2.913320980028822e-06,13.567567825317383
2,9449,train,0.790961742401123,2.908173769816758e-06,7.359283924102783
2,9450,train,1.7373076677322388,2.9030265596046933e-06,11.373130798339844
2,9451,train,0.8646374940872192,2.897879349392629e-06,8.704118728637695
2,9452,train,0.8667755722999573,2.892732139180565e-06,7.08915376663208
2,9453,train,1.0335661172866821,2.887584928968501e-06,9.13337516784668
2,9454,train,0.6655506491661072,2.882437718756437e-06,5.8653035163879395
2,9455,train,0.6776044368743896,2.8772905085443667e-06,6.651940822601318
2,9456,train,0.8233621716499329,2.8721432983323026e-06,8.036319732666016
2,9457,train,1.4393080472946167,2.8669960881202385e-06,11.002224922180176
2,9458,train,0.6847405433654785,2.8618488779081743e-06,7.023900032043457
2,9459,train,1.0406705141067505,2.8567016676961102e-06,8.94036865234375
2,9460,train,1.4962749481201172,2.8515544574840457e-06,11.814607620239258
2,9461,train,0.8493822813034058,2.846407247271976e-06,8.986886024475098
2,9462,train,1.4845855236053467,2.841260037059912e-06,10.158380508422852
2,9463,train,1.1403321027755737,2.8361128268478478e-06,9.756582260131836
2,9464,train,0.9994807243347168,2.8309656166357832e-06,12.046284675598145
2,9465,train,1.4250881671905518,2.825818406423719e-06,11.662135124206543
2,9466,train,0.9892663359642029,2.820671196211655e-06,7.982059001922607
2,9467,train,0.9782619476318359,2.815523985999591e-06,8.819314956665039
2,9468,train,1.128003478050232,2.810376775787521e-06,10.620553970336914
2,9469,train,0.7593615055084229,2.8052295655754567e-06,8.84362506866455
2,9470,train,0.776089608669281,2.8000823553633925e-06,6.3891472816467285
2,9471,train,1.4781190156936646,2.7949351451513284e-06,11.560433387756348
2,9472,train,1.7887628078460693,2.7897879349392643e-06,14.297684669494629
2,9473,train,1.4239717721939087,2.7846407247272e-06,11.184797286987305
2,9474,train,0.8568572402000427,2.77949351451513e-06,7.319931507110596
2,9475,train,1.0790014266967773,2.774346304303066e-06,8.834372520446777
2,9476,train,1.3337150812149048,2.769199094091002e-06,9.775015830993652
2,9477,train,0.8198375701904297,2.7640518838789377e-06,7.961366176605225
2,9478,train,1.0095425844192505,2.758904673666873e-06,11.0339937210083
2,9479,train,1.0063307285308838,2.753757463454809e-06,9.266339302062988
2,9480,train,0.7337395548820496,2.748610253242745e-06,7.746108531951904
2,9481,train,0.9157707095146179,2.7434630430306752e-06,7.980639934539795
2,9482,train,0.8663983941078186,2.738315832818611e-06,7.952519416809082
2,9483,train,1.1599708795547485,2.7331686226065466e-06,9.341105461120605
2,9484,train,1.5708143711090088,2.7280214123944824e-06,12.889424324035645
2,9485,train,0.8755168318748474,2.7228742021824183e-06,6.522367000579834
2,9486,train,1.1539785861968994,2.717726991970354e-06,9.23203182220459
2,9487,train,0.6861569881439209,2.71257978175829e-06,8.183502197265625
2,9488,train,0.6506913900375366,2.70743257154622e-06,5.917327880859375
2,9489,train,1.0824756622314453,2.702285361334156e-06,8.241349220275879
2,9490,train,1.5783557891845703,2.6971381511220917e-06,14.375377655029297
2,9491,train,1.0015300512313843,2.6919909409100276e-06,9.486320495605469
2,9492,train,1.3914577960968018,2.686843730697963e-06,11.829840660095215
2,9493,train,0.7498672604560852,2.681696520485899e-06,8.09514045715332
2,9494,train,0.8739473819732666,2.6765493102738293e-06,6.951789379119873
2,9495,train,1.4388433694839478,2.671402100061765e-06,11.574971199035645
2,9496,train,0.811743974685669,2.666254889849701e-06,8.495100975036621
2,9497,train,1.2647520303726196,2.6611076796376365e-06,10.78956413269043
2,9498,train,1.0221009254455566,2.6559604694255724e-06,9.787947654724121
2,9499,train,1.024734377861023,2.6508132592135082e-06,9.504638671875
2,9500,train,1.192403793334961,2.645666049001444e-06,9.281667709350586
2,9501,train,1.2599319219589233,2.640518838789374e-06,10.258883476257324
2,9502,train,1.2915245294570923,2.63537162857731e-06,11.717439651489258
2,9503,train,0.8538467288017273,2.6302244183652458e-06,7.971048355102539
2,9504,train,0.9025494456291199,2.6250772081531817e-06,8.928452491760254
2,9505,train,1.0446195602416992,2.6199299979411175e-06,9.065425872802734
2,9506,train,1.1520512104034424,2.614782787729053e-06,9.948328971862793
2,9507,train,1.4080181121826172,2.6096355775169833e-06,10.831433296203613
2,9508,train,1.683575987815857,2.604488367304919e-06,12.642492294311523
2,9509,train,0.911874532699585,2.599341157092855e-06,9.846795082092285
2,9510,train,1.6357522010803223,2.594193946880791e-06,13.152206420898438
2,9511,train,0.9350039958953857,2.5890467366687264e-06,9.68305492401123
2,9512,train,0.9265140891075134,2.5838995264566623e-06,8.905693054199219
2,9513,train,1.225870966911316,2.578752316244598e-06,10.974566459655762
2,9514,train,1.4538768529891968,2.5736051060325285e-06,11.36549186706543
2,9515,train,0.7528480887413025,2.568457895820464e-06,7.922407627105713
2,9516,train,0.8344700336456299,2.5633106856084e-06,7.843408584594727
2,9517,train,1.0066176652908325,2.5581634753963357e-06,9.7228364944458
2,9518,train,1.1228468418121338,2.5530162651842716e-06,8.539044380187988
2,9519,train,1.4501694440841675,2.5478690549722074e-06,13.40693187713623
2,9520,train,0.6779953837394714,2.5427218447601374e-06,7.285152435302734
2,9521,train,1.6130315065383911,2.5375746345480733e-06,12.718252182006836
2,9522,train,0.9331061244010925,2.532427424336009e-06,8.421784400939941
2,9523,train,1.2218378782272339,2.527280214123945e-06,10.36902141571045
2,9524,train,1.0582524538040161,2.522133003911881e-06,8.78429889678955
2,9525,train,1.1767395734786987,2.5169857936998163e-06,10.559548377990723
2,9526,train,1.097008466720581,2.511838583487752e-06,9.827942848205566
2,9527,train,0.9668422937393188,2.5066913732756826e-06,9.33748722076416
2,9528,train,0.9232325553894043,2.5015441630636184e-06,10.844636917114258
2,9529,train,0.7923687696456909,2.496396952851554e-06,7.095371246337891
2,9530,train,1.2833095788955688,2.4912497426394897e-06,10.95188045501709
2,9531,train,1.2233072519302368,2.4861025324274256e-06,10.7313814163208
2,9532,train,1.7215696573257446,2.4809553222153615e-06,14.580789566040039
2,9533,train,1.21484375,2.475808112003292e-06,8.213679313659668
2,9534,train,0.9510189294815063,2.4706609017912273e-06,8.609831809997559
2,9535,train,0.7863350510597229,2.465513691579163e-06,8.422394752502441
2,9536,train,0.8936749696731567,2.460366481367099e-06,9.269624710083008
2,9537,train,1.3168869018554688,2.455219271155035e-06,10.784419059753418
2,9538,train,1.4986052513122559,2.4500720609429708e-06,10.54184341430664
2,9539,train,1.198819637298584,2.4449248507309062e-06,8.479827880859375
2,9540,train,1.098443865776062,2.4397776405188366e-06,10.134345054626465
2,9541,train,1.4209187030792236,2.4346304303067725e-06,12.19166374206543
2,9542,train,0.9563753008842468,2.4294832200947083e-06,8.976444244384766
2,9543,train,1.2593539953231812,2.424336009882644e-06,11.459485054016113
2,9544,train,0.7119057178497314,2.4191887996705797e-06,8.501379013061523
2,9545,train,1.3096705675125122,2.4140415894585155e-06,13.709680557250977
2,9546,train,1.2219070196151733,2.408894379246446e-06,10.962298393249512
2,9547,train,1.3573695421218872,2.4037471690343818e-06,12.8211088180542
2,9548,train,0.9729743003845215,2.3985999588223172e-06,8.606680870056152
2,9549,train,0.9686053991317749,2.393452748610253e-06,8.822704315185547
2,9550,train,0.8673041462898254,2.388305538398189e-06,9.00128173828125
2,9551,train,1.083829402923584,2.383158328186125e-06,9.611712455749512
2,9552,train,0.7909460663795471,2.3780111179740607e-06,7.197786808013916
2,9553,train,0.8238676190376282,2.3728639077619906e-06,7.814850330352783
2,9554,train,0.6982129812240601,2.3677166975499265e-06,7.600260257720947
2,9555,train,1.477573037147522,2.3625694873378624e-06,11.013339042663574
2,9556,train,1.0253266096115112,2.3574222771257983e-06,9.105297088623047
2,9557,train,1.3965167999267578,2.3522750669137337e-06,11.433218002319336
2,9558,train,1.158335566520691,2.3471278567016696e-06,12.916586875915527
2,9559,train,1.2716476917266846,2.3419806464896055e-06,11.474130630493164
2,9560,train,1.416468620300293,2.336833436277536e-06,11.476263046264648
2,9561,train,1.544524073600769,2.3316862260654717e-06,11.665297508239746
2,9562,train,1.6111146211624146,2.326539015853407e-06,13.673683166503906
2,9563,train,1.434146523475647,2.321391805641343e-06,12.959189414978027
2,9564,train,1.1822576522827148,2.316244595429279e-06,11.450540542602539
2,9565,train,0.9750493764877319,2.3110973852172147e-06,9.015524864196777
2,9566,train,1.2480534315109253,2.3059501750051447e-06,11.116694450378418
2,9567,train,1.3815377950668335,2.3008029647930806e-06,12.071715354919434
2,9568,train,1.0665762424468994,2.2956557545810164e-06,8.515764236450195
2,9569,train,0.661936342716217,2.2905085443689523e-06,7.5176310539245605
2,9570,train,1.0555402040481567,2.285361334156888e-06,10.545441627502441
2,9571,train,0.7988188862800598,2.2802141239448236e-06,8.534278869628906
2,9572,train,1.5591626167297363,2.2750669137327595e-06,13.768876075744629
2,9573,train,1.1344162225723267,2.26991970352069e-06,11.006836891174316
2,9574,train,1.5607038736343384,2.2647724933086257e-06,16.21356201171875
2,9575,train,0.8231656551361084,2.2596252830965616e-06,8.859879493713379
2,9576,train,0.9337796568870544,2.254478072884497e-06,8.670939445495605
2,9577,train,1.362628698348999,2.249330862672433e-06,12.200235366821289
2,9578,train,1.4435206651687622,2.244183652460369e-06,14.17558479309082
2,9579,train,1.239042043685913,2.239036442248299e-06,12.08322811126709
2,9580,train,0.9898672103881836,2.2338892320362346e-06,9.515262603759766
2,9581,train,1.2516872882843018,2.2287420218241705e-06,10.978216171264648
2,9582,train,0.9274557828903198,2.2235948116121064e-06,8.033493041992188
2,9583,train,1.5005687475204468,2.2184476014000422e-06,12.378758430480957
2,9584,train,1.0031349658966064,2.213300391187978e-06,9.688521385192871
2,9585,train,1.3757656812667847,2.2081531809759135e-06,10.569075584411621
2,9586,train,1.2162803411483765,2.203005970763844e-06,8.969955444335938
2,9587,train,1.3434078693389893,2.1978587605517798e-06,11.583906173706055
2,9588,train,0.7806799411773682,2.1927115503397156e-06,7.580349445343018
2,9589,train,1.4307916164398193,2.1875643401276515e-06,11.493688583374023
2,9590,train,1.3147737979888916,2.182417129915587e-06,13.790876388549805
2,9591,train,1.5383998155593872,2.177269919703523e-06,13.272501945495605
2,9592,train,0.929684579372406,2.172122709491453e-06,7.113156795501709
2,9593,train,0.8944022059440613,2.166975499279389e-06,8.239425659179688
2,9594,train,1.5407212972640991,2.1618282890673245e-06,12.101892471313477
2,9595,train,1.2660304307937622,2.1566810788552604e-06,13.903581619262695
2,9596,train,0.8116880655288696,2.1515338686431963e-06,6.389208793640137
2,9597,train,1.1915448904037476,2.146386658431132e-06,9.8861722946167
2,9598,train,0.7708530426025391,2.141239448219068e-06,8.480691909790039
2,9599,train,1.1690887212753296,2.136092238006998e-06,8.564310073852539
2,9600,train,1.3426806926727295,2.130945027794934e-06,11.810269355773926
2,9601,train,0.8035785555839539,2.1257978175828697e-06,8.998096466064453
2,9602,train,1.1320804357528687,2.1206506073708056e-06,9.376778602600098
2,9603,train,1.611554741859436,2.1155033971587414e-06,12.92880630493164
2,9604,train,0.6704198122024536,2.110356186946677e-06,5.976680755615234
2,9605,train,0.6029837131500244,2.1052089767346073e-06,6.407265663146973
2,9606,train,1.2983012199401855,2.100061766522543e-06,13.845355033874512
2,9607,train,1.266834020614624,2.094914556310479e-06,11.205964088439941
2,9608,train,1.1242114305496216,2.0897673460984144e-06,10.821127891540527
2,9609,train,1.0647257566452026,2.0846201358863503e-06,9.631248474121094
2,9610,train,1.1336954832077026,2.079472925674286e-06,10.102022171020508
2,9611,train,0.9547473788261414,2.074325715462222e-06,8.68990421295166
2,9612,train,1.0593388080596924,2.0691785052501524e-06,9.374899864196777
2,9613,train,0.9859427809715271,2.064031295038088e-06,7.559347629547119
2,9614,train,0.9463415145874023,2.0588840848260237e-06,7.469058513641357
2,9615,train,1.5462292432785034,2.0537368746139596e-06,13.036955833435059
2,9616,train,1.0206154584884644,2.0485896644018955e-06,8.995240211486816
2,9617,train,0.7987560629844666,2.0434424541898314e-06,8.665515899658203
2,9618,train,1.447864055633545,2.0382952439777613e-06,12.710972785949707
2,9619,train,1.4431463479995728,2.033148033765697e-06,12.005660057067871
2,9620,train,0.8842889070510864,2.028000823553633e-06,7.769529342651367
2,9621,train,1.459993839263916,2.022853613341569e-06,11.73061466217041
2,9622,train,1.3925480842590332,2.0177064031295044e-06,12.361249923706055
2,9623,train,1.060196876525879,2.0125591929174402e-06,9.75995922088623
2,9624,train,1.495240569114685,2.007411982705376e-06,12.325249671936035
2,9625,train,0.9618782997131348,2.0022647724933065e-06,8.950912475585938
2,9626,train,1.4510209560394287,1.9971175622812423e-06,12.681743621826172
2,9627,train,1.1888316869735718,1.9919703520691778e-06,10.450079917907715
2,9628,train,0.6843050122261047,1.9868231418571137e-06,6.78904390335083
2,9629,train,0.8953688144683838,1.9816759316450495e-06,8.106324195861816
2,9630,train,2.0560946464538574,1.9765287214329854e-06,16.657846450805664
2,9631,train,0.9894477128982544,1.9713815112209213e-06,10.065244674682617
2,9632,train,0.9854875802993774,1.9662343010088512e-06,10.090258598327637
2,9633,train,1.142358660697937,1.961087090796787e-06,8.42480182647705
2,9634,train,0.9822713732719421,1.955939880584723e-06,7.968037128448486
2,9635,train,0.9833232164382935,1.950792670372659e-06,8.405475616455078
2,9636,train,0.8083925843238831,1.9456454601605943e-06,8.291624069213867
2,9637,train,1.4764256477355957,1.94049824994853e-06,13.785941123962402
2,9638,train,1.1777458190917969,1.9353510397364605e-06,9.582152366638184
2,9639,train,0.9148686528205872,1.9302038295243964e-06,8.996745109558105
2,9640,train,1.1258611679077148,1.9250566193123323e-06,10.348265647888184
2,9641,train,1.0113945007324219,1.9199094091002677e-06,9.900731086730957
2,9642,train,1.082332968711853,1.9147621988882036e-06,9.608527183532715
2,9643,train,0.99382483959198,1.9096149886761394e-06,9.536022186279297
2,9644,train,1.0073024034500122,1.904467778464075e-06,7.961443901062012
2,9645,train,1.668973684310913,1.8993205682520055e-06,12.910090446472168
2,9646,train,0.9941667914390564,1.8941733580399411e-06,9.36546516418457
2,9647,train,0.6881996989250183,1.889026147827877e-06,6.654341697692871
2,9648,train,0.6430788636207581,1.8838789376158129e-06,8.227395057678223
2,9649,train,1.397911787033081,1.8787317274037485e-06,11.101661682128906
2,9650,train,1.5112489461898804,1.8735845171916844e-06,11.434346199035645
2,9651,train,1.1718047857284546,1.8684373069796146e-06,9.831429481506348
2,9652,train,1.12477707862854,1.8632900967675504e-06,9.276987075805664
2,9653,train,0.9376221895217896,1.858142886555486e-06,9.325495719909668
2,9654,train,0.6835382580757141,1.852995676343422e-06,7.073271751403809
2,9655,train,1.3914823532104492,1.8478484661313578e-06,10.364603996276855
2,9656,train,1.3541516065597534,1.8427012559192935e-06,12.57791519165039
2,9657,train,0.852857232093811,1.8375540457072294e-06,7.705374717712402
2,9658,train,1.1913626194000244,1.8324068354951595e-06,10.593441009521484
2,9659,train,1.3714693784713745,1.8272596252830954e-06,10.53354263305664
2,9660,train,1.0125099420547485,1.822112415071031e-06,9.053977966308594
2,9661,train,1.1310633420944214,1.816965204858967e-06,9.490741729736328
2,9662,train,1.019819974899292,1.8118179946469028e-06,8.05984115600586
2,9663,train,0.9470334053039551,1.8066707844348384e-06,9.090221405029297
2,9664,train,1.8422280550003052,1.8015235742227688e-06,13.674534797668457
2,9665,train,0.9975093603134155,1.7963763640107045e-06,9.287946701049805
2,9666,train,0.8407689332962036,1.7912291537986403e-06,7.184852600097656
2,9667,train,1.4594178199768066,1.786081943586576e-06,11.578230857849121
2,9668,train,1.0551080703735352,1.7809347333745119e-06,8.01125431060791
2,9669,train,1.2231099605560303,1.7757875231624477e-06,9.838346481323242
2,9670,train,1.334306001663208,1.7706403129503834e-06,12.17862606048584
2,9671,train,1.1402121782302856,1.7654931027383138e-06,9.343685150146484
2,9672,train,0.8316032290458679,1.7603458925262494e-06,7.6548662185668945
2,9673,train,0.6393398642539978,1.7551986823141853e-06,5.5729899406433105
2,9674,train,1.3902685642242432,1.750051472102121e-06,10.331449508666992
2,9675,train,1.071488380432129,1.7449042618900568e-06,10.658536911010742
2,9676,train,1.4842404127120972,1.7397570516779927e-06,12.414793014526367
2,9677,train,1.754105567932129,1.7346098414659229e-06,18.961101531982422
2,9678,train,0.9752873182296753,1.7294626312538587e-06,9.467411994934082
2,9679,train,1.1528997421264648,1.7243154210417944e-06,10.093365669250488
2,9680,train,1.0576715469360352,1.7191682108297303e-06,8.794483184814453
2,9681,train,0.5917314887046814,1.714021000617666e-06,4.788105010986328
2,9682,train,0.9798346757888794,1.7088737904056018e-06,9.941807746887207
2,9683,train,1.0294830799102783,1.7037265801935377e-06,10.715858459472656
2,9684,train,1.043831467628479,1.6985793699814678e-06,11.248498916625977
2,9685,train,0.941677451133728,1.6934321597694037e-06,8.327398300170898
2,9686,train,0.8633325099945068,1.6882849495573393e-06,8.547690391540527
2,9687,train,0.980732798576355,1.6831377393452752e-06,7.732405662536621
2,9688,train,0.9371283650398254,1.6779905291332109e-06,7.265945911407471
2,9689,train,0.9693921804428101,1.6728433189211468e-06,9.630173683166504
2,9690,train,1.3349462747573853,1.667696108709077e-06,12.030403137207031
2,9691,train,0.9374527335166931,1.6625488984970128e-06,8.889201164245605
2,9692,train,1.1301329135894775,1.6574016882849486e-06,10.222200393676758
2,9693,train,0.8996769189834595,1.6522544780728843e-06,7.781156539916992
2,9694,train,1.6884779930114746,1.6471072678608202e-06,13.531999588012695
2,9695,train,1.1909266710281372,1.6419600576487558e-06,11.988450050354004
2,9696,train,0.8767427206039429,1.6368128474366917e-06,8.636275291442871
2,9697,train,1.5807323455810547,1.6316656372246219e-06,11.563445091247559
2,9698,train,1.0681003332138062,1.6265184270125577e-06,10.471785545349121
2,9699,train,0.9521710276603699,1.6213712168004936e-06,9.977974891662598
2,9700,train,1.3446075916290283,1.6162240065884293e-06,12.053497314453125
2,9701,train,1.3188514709472656,1.6110767963763651e-06,10.819504737854004
2,9702,train,1.1588828563690186,1.6059295861643008e-06,9.18651294708252
2,9703,train,1.2987569570541382,1.6007823759522367e-06,11.679365158081055
2,9704,train,1.6205755472183228,1.5956351657401668e-06,13.194924354553223
2,9705,train,0.5975509285926819,1.5904879555281027e-06,6.812791347503662
2,9706,train,0.7516477704048157,1.5853407453160386e-06,8.11650562286377
2,9707,train,0.6804790496826172,1.5801935351039742e-06,7.594602108001709
2,9708,train,1.1301592588424683,1.57504632489191e-06,9.181281089782715
2,9709,train,0.6738040447235107,1.5698991146798458e-06,7.319204330444336
2,9710,train,1.7698750495910645,1.5647519044677761e-06,12.559703826904297
2,9711,train,0.846808671951294,1.5596046942557118e-06,7.445007801055908
2,9712,train,0.9736537933349609,1.5544574840436477e-06,9.343470573425293
2,9713,train,1.2183506488800049,1.5493102738315835e-06,11.476831436157227
2,9714,train,0.8100618720054626,1.5441630636195192e-06,7.444008827209473
2,9715,train,0.9531030654907227,1.539015853407455e-06,8.308938026428223
2,9716,train,0.9613927602767944,1.5338686431953907e-06,9.776789665222168
2,9717,train,1.6164250373840332,1.528721432983321e-06,14.372573852539062
2,9718,train,0.881662130355835,1.5235742227712567e-06,6.817296504974365
2,9719,train,0.8871029019355774,1.5184270125591926e-06,9.93928337097168
2,9720,train,0.9061139225959778,1.5132798023471285e-06,7.896701812744141
2,9721,train,1.115031123161316,1.5081325921350641e-06,9.946467399597168
2,9722,train,0.7905223965644836,1.502985381923e-06,7.572028636932373
2,9723,train,0.9401374459266663,1.4978381717109302e-06,7.3611650466918945
2,9724,train,1.1044080257415771,1.492690961498866e-06,9.868475914001465
2,9725,train,1.1868406534194946,1.4875437512868017e-06,9.386651039123535
2,9726,train,1.8111512660980225,1.4823965410747376e-06,14.296121597290039
2,9727,train,1.4725837707519531,1.4772493308626734e-06,11.545743942260742
2,9728,train,0.8236442804336548,1.472102120650609e-06,8.118191719055176
2,9729,train,0.5995221734046936,1.466954910438545e-06,6.756124496459961
2,9730,train,1.464138388633728,1.4618077002264751e-06,12.348565101623535
2,9731,train,1.2179547548294067,1.456660490014411e-06,10.707971572875977
2,9732,train,0.9357173442840576,1.4515132798023467e-06,8.619040489196777
2,9733,train,1.4151594638824463,1.4463660695902825e-06,12.027843475341797
2,9734,train,0.9672616124153137,1.4412188593782184e-06,9.369367599487305
2,9735,train,1.2055784463882446,1.436071649166154e-06,11.46137523651123
2,9736,train,0.7654193043708801,1.4309244389540844e-06,7.7962965965271
2,9737,train,0.9562955498695374,1.42577722874202e-06,9.446520805358887
2,9738,train,0.9885603785514832,1.420630018529956e-06,10.323817253112793
2,9739,train,0.9320552945137024,1.4154828083178916e-06,8.398524284362793
2,9740,train,0.9367254972457886,1.4103355981058275e-06,8.68898868560791
2,9741,train,0.9000088572502136,1.4051883878937634e-06,8.795358657836914
2,9742,train,1.1690266132354736,1.400041177681699e-06,10.811960220336914
2,9743,train,0.86822509765625,1.3948939674696294e-06,7.827005863189697
2,9744,train,0.9589349627494812,1.389746757257565e-06,9.698810577392578
2,9745,train,0.9642491340637207,1.384599547045501e-06,9.330349922180176
2,9746,train,1.100148320198059,1.3794523368334366e-06,10.173362731933594
2,9747,train,1.367508053779602,1.3743051266213724e-06,10.333236694335938
2,9748,train,1.2650853395462036,1.3691579164093083e-06,11.156303405761719
2,9749,train,0.8572477102279663,1.3640107061972385e-06,10.078651428222656
2,9750,train,0.9482220411300659,1.3588634959851743e-06,9.02896499633789
2,9751,train,1.4249727725982666,1.35371628577311e-06,12.03594970703125
2,9752,train,1.6836475133895874,1.3485690755610459e-06,14.881235122680664
2,9753,train,0.9642249941825867,1.3434218653489815e-06,8.332077026367188
2,9754,train,1.256861925125122,1.3382746551369174e-06,10.229186058044434
2,9755,train,0.9209004640579224,1.3331274449248533e-06,8.30787181854248
2,9756,train,1.0704888105392456,1.3279802347127834e-06,10.018011093139648
2,9757,train,1.0728868246078491,1.3228330245007193e-06,10.711347579956055
2,9758,train,1.090593695640564,1.317685814288655e-06,9.000258445739746
2,9759,train,1.1336537599563599,1.3125386040765908e-06,8.472832679748535
2,9760,train,0.8624842166900635,1.3073913938645265e-06,8.2606782913208
2,9761,train,1.4908878803253174,1.3022441836524624e-06,11.685137748718262
2,9762,train,1.0657281875610352,1.2970969734403925e-06,9.193713188171387
2,9763,train,0.9555802941322327,1.2919497632283284e-06,10.084158897399902
2,9764,train,0.9585481882095337,1.2868025530162643e-06,8.795156478881836
2,9765,train,0.8354177474975586,1.2816553428042e-06,8.354381561279297
2,9766,train,0.8676377534866333,1.2765081325921358e-06,8.295076370239258
2,9767,train,0.8502602577209473,1.2713609223800714e-06,8.03951644897461
2,9768,train,0.5840258598327637,1.2662137121680073e-06,5.0907111167907715
2,9769,train,0.9098398685455322,1.2610665019559375e-06,9.24678897857666
2,9770,train,0.7337272763252258,1.2559192917438733e-06,7.211331844329834
2,9771,train,1.284401535987854,1.2507720815318092e-06,9.65887451171875
2,9772,train,1.3392415046691895,1.2456248713197449e-06,11.372278213500977
2,9773,train,1.2471429109573364,1.2404776611076807e-06,11.658196449279785
2,9774,train,0.9795445203781128,1.2353304508956164e-06,9.280651092529297
2,9775,train,0.5850558876991272,1.2301832406835523e-06,5.860025405883789
2,9776,train,0.8828526735305786,1.2250360304714824e-06,8.740013122558594
2,9777,train,0.7443212270736694,1.2198888202594183e-06,6.331579208374023
2,9778,train,1.2644059658050537,1.2147416100473542e-06,9.949507713317871
2,9779,train,1.1924257278442383,1.2095943998352898e-06,11.761551856994629
2,9780,train,1.1146798133850098,1.2044471896232257e-06,11.791573524475098
2,9781,train,0.6922111511230469,1.1992999794111614e-06,6.656796932220459
2,9782,train,1.038675308227539,1.1941527691990917e-06,11.366817474365234
2,9783,train,0.7901846170425415,1.1890055589870274e-06,9.781360626220703
2,9784,train,1.0664886236190796,1.1838583487749633e-06,10.321670532226562
2,9785,train,0.6231207847595215,1.1787111385628991e-06,6.773720741271973
2,9786,train,1.1759064197540283,1.1735639283508348e-06,9.86042308807373
2,9787,train,1.3785544633865356,1.1684167181387707e-06,11.665814399719238
2,9788,train,1.1197582483291626,1.1632695079267063e-06,9.885563850402832
2,9789,train,1.0361824035644531,1.1581222977146367e-06,10.645697593688965
2,9790,train,1.0862691402435303,1.1529750875025723e-06,8.353657722473145
2,9791,train,0.8638108968734741,1.1478278772905082e-06,8.77459716796875
2,9792,train,1.0635433197021484,1.142680667078444e-06,9.814263343811035
2,9793,train,1.6039427518844604,1.1375334568663797e-06,12.280941009521484
2,9794,train,0.9828528165817261,1.1323862466543156e-06,8.61388111114502
2,9795,train,0.9194084405899048,1.1272390364422458e-06,9.479860305786133
2,9796,train,1.3714165687561035,1.1220918262301816e-06,10.642716407775879
2,9797,train,1.1929965019226074,1.1169446160181173e-06,9.710732460021973
2,9798,train,0.7807787656784058,1.1117974058060532e-06,6.284421443939209
2,9799,train,1.286814570426941,1.106650195593989e-06,11.978076934814453
2,9800,train,0.6655114889144897,1.1015029853819247e-06,5.523208141326904
2,9801,train,1.1295524835586548,1.0963557751698606e-06,10.341109275817871
2,9802,train,0.9715327024459839,1.0912085649577907e-06,9.463428497314453
2,9803,train,1.5302261114120483,1.0860613547457266e-06,12.999632835388184
2,9804,train,0.9229578375816345,1.0809141445336623e-06,8.093634605407715
2,9805,train,1.3177037239074707,1.0757669343215981e-06,10.138555526733398
2,9806,train,0.9849985837936401,1.070619724109534e-06,7.5533976554870605
2,9807,train,1.7205791473388672,1.0654725138974697e-06,14.57774543762207
2,9808,train,0.8055552840232849,1.0603253036854e-06,7.953104496002197
2,9809,train,0.9765050411224365,1.0551780934733357e-06,8.10236644744873
2,9810,train,0.9270215630531311,1.0500308832612716e-06,9.597216606140137
2,9811,train,0.9735034704208374,1.0448836730492072e-06,9.837459564208984
2,9812,train,1.4259384870529175,1.039736462837143e-06,10.865250587463379
2,9813,train,1.0731852054595947,1.034589252625079e-06,10.414422988891602
2,9814,train,1.3382043838500977,1.0294420424130146e-06,10.466634750366211
2,9815,train,1.0012471675872803,1.024294832200945e-06,8.730576515197754
2,9816,train,1.3448917865753174,1.0191476219888806e-06,12.194599151611328
2,9817,train,1.0316517353057861,1.0140004117768165e-06,9.577554702758789
2,9818,train,1.074795126914978,1.0088532015647522e-06,8.428423881530762
2,9819,train,0.7172225117683411,1.003705991352688e-06,6.506072044372559
2,9820,train,0.8976738452911377,9.98558781140624e-07,9.17849063873291
2,9821,train,0.9630170464515686,9.93411570928554e-07,8.905831336975098
2,9822,train,1.118836760520935,9.8826436071649e-07,10.243769645690918
2,9823,train,0.5812792181968689,9.831171505044256e-07,5.954301834106445
2,9824,train,0.9665324687957764,9.779699402923615e-07,7.969300746917725
2,9825,train,1.143405795097351,9.728227300802971e-07,11.144621849060059
2,9826,train,0.8182985782623291,9.67675519868233e-07,7.562980651855469
2,9827,train,1.274544596672058,9.625283096561689e-07,10.19631290435791
2,9828,train,1.4132176637649536,9.57381099444099e-07,10.866430282592773
2,9829,train,0.8556624054908752,9.522338892320348e-07,8.109905242919922
2,9830,train,1.1726793050765991,9.470866790199706e-07,10.900094032287598
2,9831,train,1.2726404666900635,9.419394688079064e-07,11.386795997619629
2,9832,train,1.03410804271698,9.367922585958422e-07,8.757325172424316
2,9833,train,0.8048790693283081,9.31645048383778e-07,8.34532642364502
2,9834,train,1.3092514276504517,9.264978381717082e-07,10.901509284973145
2,9835,train,1.134859561920166,9.21350627959644e-07,11.171045303344727
2,9836,train,0.9839116334915161,9.162034177475798e-07,8.801918029785156
2,9837,train,1.4798985719680786,9.110562075355155e-07,12.861116409301758
2,9838,train,1.2920162677764893,9.059089973234514e-07,10.4181547164917
2,9839,train,1.2195138931274414,9.007617871113872e-07,9.214372634887695
2,9840,train,0.9932337403297424,8.956145768993229e-07,8.420833587646484
2,9841,train,1.0287480354309082,8.904673666872532e-07,8.94176197052002
2,9842,train,1.4322903156280518,8.85320156475189e-07,11.221096992492676
2,9843,train,1.2381001710891724,8.801729462631247e-07,10.756417274475098
2,9844,train,1.2433998584747314,8.750257360510605e-07,11.284640312194824
2,9845,train,1.6371071338653564,8.698785258389964e-07,13.696901321411133
2,9846,train,0.7086455225944519,8.647313156269321e-07,5.868799209594727
2,9847,train,0.9137454628944397,8.595841054148679e-07,8.045994758605957
2,9848,train,1.0722075700759888,8.544368952027981e-07,10.411163330078125
2,9849,train,1.5089375972747803,8.492896849907339e-07,12.505461692810059
2,9850,train,1.0448142290115356,8.441424747786697e-07,8.405915260314941
2,9851,train,0.41587769985198975,8.389952645666054e-07,3.6299071311950684
2,9852,train,1.2006893157958984,8.338480543545413e-07,9.635578155517578
2,9853,train,0.9572252035140991,8.287008441424771e-07,7.9537200927734375
2,9854,train,1.9066215753555298,8.235536339304073e-07,14.158194541931152
2,9855,train,1.3120884895324707,8.184064237183431e-07,11.165844917297363
2,9856,train,1.0897756814956665,8.132592135062789e-07,11.25031852722168
2,9857,train,1.239021897315979,8.081120032942146e-07,12.086630821228027
2,9858,train,1.3275946378707886,8.029647930821504e-07,12.768684387207031
2,9859,train,0.531177818775177,7.978175828700863e-07,5.529181003570557
2,9860,train,1.222204327583313,7.92670372658022e-07,10.696087837219238
2,9861,train,1.5314767360687256,7.875231624459523e-07,13.640328407287598
2,9862,train,0.8333853483200073,7.823759522338881e-07,7.621942043304443
2,9863,train,1.332891583442688,7.772287420218238e-07,10.235743522644043
2,9864,train,0.741864025592804,7.720815318097596e-07,7.725406169891357
2,9865,train,1.0259990692138672,7.669343215976954e-07,8.981124877929688
2,9866,train,1.3097420930862427,7.617871113856312e-07,9.984819412231445
2,9867,train,1.115867018699646,7.566399011735614e-07,9.121115684509277
2,9868,train,1.0968073606491089,7.514926909614973e-07,9.927190780639648
2,9869,train,0.8087425231933594,7.46345480749433e-07,8.134780883789062
2,9870,train,0.6949107646942139,7.411982705373688e-07,6.601804733276367
2,9871,train,0.6868183612823486,7.360510603253045e-07,7.328132629394531
2,9872,train,1.1700037717819214,7.309038501132403e-07,11.378053665161133
2,9873,train,1.1040271520614624,7.257566399011762e-07,8.233701705932617
2,9874,train,0.7191704511642456,7.206094296891063e-07,7.668792724609375
2,9875,train,0.9640839099884033,7.154622194770422e-07,9.209782600402832
2,9876,train,1.0979526042938232,7.10315009264978e-07,8.668941497802734
2,9877,train,1.0902808904647827,7.051677990529137e-07,10.963570594787598
2,9878,train,0.9793174862861633,7.000205888408495e-07,7.3294677734375
2,9879,train,0.8985515832901001,6.948733786287853e-07,9.249837875366211
2,9880,train,1.2229782342910767,6.897261684167155e-07,11.659279823303223
2,9881,train,0.8233049511909485,6.845789582046513e-07,9.400999069213867
2,9882,train,1.6151384115219116,6.794317479925872e-07,12.325565338134766
2,9883,train,0.7498274445533752,6.742845377805229e-07,5.506921768188477
2,9884,train,0.8853396773338318,6.691373275684587e-07,9.54482650756836
2,9885,train,0.7790136337280273,6.639901173563945e-07,7.405361175537109
2,9886,train,1.1264818906784058,6.588429071443302e-07,9.326682090759277
2,9887,train,1.1487473249435425,6.536956969322605e-07,11.491100311279297
2,9888,train,1.1003100872039795,6.485484867201963e-07,8.974029541015625
2,9889,train,1.2193650007247925,6.434012765081321e-07,12.621291160583496
2,9890,train,0.5457325577735901,6.382540662960679e-07,6.64009428024292
2,9891,train,1.025594711303711,6.331068560840037e-07,9.430292129516602
2,9892,train,0.8668881058692932,6.279596458719394e-07,8.378510475158691
2,9893,train,1.0144580602645874,6.228124356598697e-07,8.571181297302246
2,9894,train,1.4914146661758423,6.176652254478054e-07,12.215143203735352
2,9895,train,1.0196208953857422,6.125180152357412e-07,10.88986587524414
2,9896,train,1.0256119966506958,6.073708050236771e-07,9.874804496765137
2,9897,train,1.2088373899459839,6.022235948116129e-07,11.059932708740234
2,9898,train,1.4153761863708496,5.970763845995486e-07,15.444900512695312
2,9899,train,0.6684027314186096,5.919291743874844e-07,6.264921188354492
2,9900,train,1.0140008926391602,5.867819641754146e-07,10.449731826782227
2,9901,train,0.939028799533844,5.816347539633504e-07,8.536162376403809
2,9902,train,1.2151429653167725,5.764875437512862e-07,10.721647262573242
2,9903,train,1.2408591508865356,5.71340333539222e-07,10.30356216430664
2,9904,train,1.0918958187103271,5.661931233271578e-07,8.718724250793457
2,9905,train,0.7515967488288879,5.610459131150936e-07,6.449138641357422
2,9906,train,1.083333134651184,5.558987029030238e-07,10.463970184326172
2,9907,train,1.4806857109069824,5.507514926909596e-07,11.89453125
2,9908,train,0.712282121181488,5.456042824788954e-07,7.626871585845947
2,9909,train,0.9818544387817383,5.404570722668311e-07,8.366740226745605
2,9910,train,1.0510629415512085,5.35309862054767e-07,11.677416801452637
2,9911,train,1.3755842447280884,5.301626518427028e-07,13.212493896484375
2,9912,train,1.355135202407837,5.250154416306385e-07,10.507890701293945
2,9913,train,0.7644253969192505,5.198682314185688e-07,6.574234485626221
2,9914,train,1.118255376815796,5.147210212065046e-07,11.134264945983887
2,9915,train,0.9592824578285217,5.095738109944403e-07,8.854884147644043
2,9916,train,0.8594834804534912,5.044266007823761e-07,7.299324989318848
2,9917,train,1.126896619796753,4.99279390570312e-07,9.229683876037598
2,9918,train,0.8089500069618225,4.941321803582477e-07,7.738565921783447
2,9919,train,1.1674479246139526,4.889849701461835e-07,8.952409744262695
2,9920,train,0.6737309098243713,4.838377599341138e-07,5.5424723625183105
2,9921,train,0.8288025259971619,4.786905497220495e-07,7.690978527069092
2,9922,train,0.9675129652023315,4.735433395099853e-07,9.554862022399902
2,9923,train,2.093379259109497,4.683961292979211e-07,15.710151672363281
2,9924,train,1.0519312620162964,4.6324891908585687e-07,9.48881721496582
2,9925,train,0.6746150255203247,4.581017088737927e-07,6.341912746429443
2,9926,train,0.9264057278633118,4.529544986617229e-07,7.648178577423096
2,9927,train,1.1085847616195679,4.478072884496587e-07,8.617753982543945
2,9928,train,1.351934790611267,4.426600782375945e-07,9.769346237182617
2,9929,train,1.41032874584198,4.3751286802553024e-07,14.403070449829102
2,9930,train,1.470850944519043,4.3236565781346606e-07,12.448599815368652
2,9931,train,1.0951852798461914,4.272184476014018e-07,8.392117500305176
2,9932,train,1.176937222480774,4.2207123738933764e-07,11.675678253173828
2,9933,train,0.7785302996635437,4.1692402717726785e-07,6.534698486328125
2,9934,train,0.7439446449279785,4.1177681696520367e-07,8.026991844177246
2,9935,train,1.3268871307373047,4.0662960675313943e-07,10.578814506530762
2,9936,train,0.9413299560546875,4.014823965410752e-07,7.930768013000488
2,9937,train,0.8061372637748718,3.96335186329011e-07,7.435863018035889
2,9938,train,0.6780070662498474,3.911879761169468e-07,6.0041046142578125
2,9939,train,1.1180790662765503,3.8604076590487704e-07,10.563754081726074
2,9940,train,0.7454630732536316,3.808935556928128e-07,6.888708114624023
2,9941,train,0.8705245852470398,3.757463454807486e-07,8.064180374145508
2,9942,train,1.1053649187088013,3.705991352686844e-07,10.251540184020996
2,9943,train,1.3637458086013794,3.6545192505662016e-07,12.484195709228516
2,9944,train,1.0518641471862793,3.60304714844556e-07,9.132063865661621
2,9945,train,0.8675833344459534,3.5515750463249174e-07,7.7268500328063965
2,9946,train,0.8016549348831177,3.50010294420422e-07,6.915507793426514
2,9947,train,0.9408133029937744,3.4486308420835777e-07,9.768170356750488
2,9948,train,0.9134528636932373,3.397158739962936e-07,7.542181968688965
2,9949,train,0.8600842356681824,3.3456866378422935e-07,8.249002456665039
2,9950,train,0.8548049330711365,3.294214535721651e-07,6.987562656402588
2,9951,train,0.6808045506477356,3.2427424336010093e-07,6.623089790344238
2,9952,train,1.134397029876709,3.1912703314803114e-07,9.534147262573242
2,9953,train,1.2702126502990723,3.1397982293596696e-07,11.559103965759277
2,9954,train,1.0957834720611572,3.088326127239027e-07,11.430736541748047
2,9955,train,1.3768452405929565,3.0368540251183854e-07,11.432286262512207
2,9956,train,0.9804936051368713,2.985381922997743e-07,7.377325534820557
2,9957,train,0.9988735914230347,2.933909820877101e-07,9.947525024414062
2,9958,train,1.0156854391098022,2.882437718756459e-07,11.068169593811035
2,9959,train,1.2575476169586182,2.830965616635761e-07,11.082655906677246
2,9960,train,1.0985500812530518,2.779493514515119e-07,10.283395767211914
2,9961,train,0.8498278260231018,2.728021412394477e-07,7.027743339538574
2,9962,train,0.876171350479126,2.676549310273835e-07,7.2746195793151855
2,9963,train,1.4264296293258667,2.6250772081531927e-07,10.82101058959961
2,9964,train,0.809451162815094,2.5736051060325503e-07,7.872446060180664
2,9965,train,1.6570061445236206,2.522133003911853e-07,13.769047737121582
2,9966,train,1.5632286071777344,2.4706609017912106e-07,13.884220123291016
2,9967,train,1.3505009412765503,2.419188799670569e-07,12.793336868286133
2,9968,train,0.929327666759491,2.3677166975499264e-07,8.984010696411133
2,9969,train,0.7256444096565247,2.3162445954292843e-07,7.977713108062744
2,9970,train,0.6265872120857239,2.2647724933086422e-07,4.906154632568359
2,9971,train,0.7706273794174194,2.2133003911880002e-07,6.782706260681152
2,9972,train,1.3193491697311401,2.1618282890673025e-07,9.858020782470703
2,9973,train,1.1650075912475586,2.1103561869466604e-07,10.703350067138672
2,9974,train,0.7540635466575623,2.0588840848260183e-07,6.854933261871338
2,9975,train,1.1928215026855469,2.007411982705376e-07,9.500479698181152
2,9976,train,1.4970802068710327,1.955939880584734e-07,12.604557037353516
2,9977,train,0.8452285528182983,1.9044677784640918e-07,8.030291557312012
2,9978,train,1.0875893831253052,1.8529956763433942e-07,10.077674865722656
2,9979,train,1.5507240295410156,1.801523574222752e-07,12.5903902053833
2,9980,train,0.771694004535675,1.75005147210211e-07,8.202013969421387
2,9981,train,1.2175039052963257,1.698579369981468e-07,12.09092903137207
2,9982,train,1.074676275253296,1.6471072678608256e-07,8.809198379516602
2,9983,train,0.679857611656189,1.5956351657401835e-07,6.009835243225098
2,9984,train,1.068405270576477,1.5441630636195414e-07,9.281303405761719
2,9985,train,0.6670773029327393,1.4926909614988437e-07,6.675520896911621
2,9986,train,1.0429717302322388,1.4412188593782017e-07,10.030693054199219
2,9987,train,0.927645206451416,1.3897467572575596e-07,7.4415693283081055
2,9988,train,0.9010788798332214,1.3382746551369175e-07,7.6494460105896
2,9989,train,1.277838945388794,1.2868025530162752e-07,11.492302894592285
2,9990,train,0.9938878417015076,1.235330450895633e-07,8.582855224609375
2,9991,train,0.7268600463867188,1.183858348774991e-07,6.24229097366333
2,9992,train,1.5294991731643677,1.1323862466542933e-07,12.230164527893066
2,9993,train,1.094709038734436,1.0809141445336513e-07,9.565943717956543
2,9994,train,0.8348489999771118,1.0294420424130092e-07,7.5433573722839355
2,9995,train,1.561509132385254,9.77969940292367e-08,12.341158866882324
2,9996,train,1.5647028684616089,9.264978381717249e-08,13.267889022827148
2,9997,train,0.8986579775810242,8.750257360510828e-08,9.026994705200195
2,9998,train,0.7641457915306091,8.235536339303851e-08,6.942311763763428
2,9999,train,0.8947928547859192,7.720815318097429e-08,8.044203758239746
2,10000,train,0.9054898023605347,7.206094296891008e-08,8.282183647155762
2,10001,train,1.7513272762298584,6.691373275684588e-08,12.063075065612793
2,10002,train,1.2383753061294556,6.176652254478165e-08,9.775262832641602
2,10003,train,1.1347768306732178,5.6619312332717446e-08,9.810440063476562
2,10004,train,1.2114282846450806,5.147210212065323e-08,13.231734275817871
2,10005,train,1.0609405040740967,4.6324891908583464e-08,11.00035285949707
2,10006,train,1.2875086069107056,4.1177681696519256e-08,10.472406387329102
2,10007,train,1.4115254878997803,3.603047148445504e-08,10.183124542236328
2,10008,train,0.6646607518196106,3.088326127239083e-08,6.709159851074219
2,10009,train,1.1197115182876587,2.5736051060326616e-08,10.677421569824219
2,10010,train,0.7680578231811523,2.0588840848262404e-08,7.840652942657471
2,10011,train,1.1737358570098877,1.5441630636192637e-08,10.266996383666992
2,10012,train,1.2217625379562378,1.0294420424128426e-08,11.007379531860352
2,10013,train,0.7616300582885742,5.147210212064213e-09,7.032642364501953
2,10014,train,0.38383519649505615,0.0,4.481683731079102
2,10014,val,2.991021048788931,0.0,
